避難收容處所名稱,is_indoor,classification_reasoning
五峰活動中心,True,基於原始室內標記
南坑村集會所暨南外社區活動中心,True,基於規則推斷 (活動中心通常為室內設施)
霞雲社區活動中心,True,基於原始室內標記
澤仁里辦公處,True,基於原始室內標記
奎輝里活動中心,True,基於原始室內標記
高義教會,True,基於原始室內標記
上大社區活動中心,True,基於規則推斷 (活動中心通常為室內設施)
武威社區活動中心,True,基於規則推斷 (活動中心通常為室內設施)
塔腳社區活動中心,True,基於規則推斷 (活動中心通常為室內設施)
廣福社區活動中心,True,基於規則推斷 (活動中心通常為室內設施)
草漯國民小學,True,基於規則推斷 (預設為室內 - 安全原則)
上大國民小學,True,基於規則推斷 (預設為室內 - 安全原則)
崙坪國民小學,True,基於規則推斷 (預設為室內 - 安全原則)
富林國民小學,True,基於規則推斷 (預設為室內 - 安全原則)
樹林國民小學,True,基於規則推斷 (預設為室內 - 安全原則)
觀音區公所綠資源中心,True,基於規則推斷 (預設為室內 - 安全原則)
高雄市前鎮區光華國民小學,True,基於規則推斷 (預設為室內 - 安全原則)
大武國小,True,基於原始室內標記
尖山國小操場,False,基於原始室外標記
高雄市小港區鳳林國民小學,True,基於規則推斷 (預設為室內 - 安全原則)
大武社區活動中心,True,基於原始室內標記
和平國小,True,基於原始室內標記
佳義社區活動中心,True,基於原始室內標記
中東社區活動中心,True,基於規則推斷 (活動中心通常為室內設施)
崇實高工體育館,True,基於規則推斷 (體育館為室內設施)
東芳國小,True,基於規則推斷 (預設為室內 - 安全原則)
三義社區活動中心,True,基於規則推斷 (活動中心通常為室內設施)
大同國中,True,基於規則推斷 (預設為室內 - 安全原則)
員林農工體育館,True,基於規則推斷 (體育館為室內設施)
員林市員東國小,True,基於規則推斷 (預設為室內 - 安全原則)
員林市員林國中活動中心,True,基於規則推斷 (活動中心通常為室內設施)
員林市員林國小,True,基於規則推斷 (預設為室內 - 安全原則)
健康公園,False,基於原始室外標記
屏東市信義國小,True,基於原始室內標記
光隆營區,True,基於原始室內標記
大快官藝文館,True,基於規則推斷 (預設為室內 - 安全原則)
彰德國中勤學樓、育英樓穿堂,True,基於規則推斷 (預設為室內 - 安全原則)
介壽社區活動中心,True,基於規則推斷 (活動中心通常為室內設施)
國聖國小,True,基於規則推斷 (預設為室內 - 安全原則)
石牌國小,True,基於規則推斷 (預設為室內 - 安全原則)
茄苳社區活動中心,True,基於規則推斷 (活動中心通常為室內設施)
三民國小,True,基於規則推斷 (預設為室內 - 安全原則)
南北管戲曲音樂館,True,基於規則推斷 (預設為室內 - 安全原則)
牛埔社區活動中心,True,基於規則推斷 (活動中心通常為室內設施)
桃源社區活動中心,True,基於規則推斷 (活動中心通常為室內設施)
南興社區活動中心,True,基於規則推斷 (活動中心通常為室內設施)
快官社區活動中心,True,基於規則推斷 (活動中心通常為室內設施)
福山社區活動中心,True,基於規則推斷 (活動中心通常為室內設施)
延和社區活動中心,True,基於規則推斷 (活動中心通常為室內設施)
泰和國小,True,基於規則推斷 (預設為室內 - 安全原則)
彰興國中,True,基於規則推斷 (預設為室內 - 安全原則)
信義國中小,True,基於規則推斷 (預設為室內 - 安全原則)
雅溝社區活動中心,True,基於規則推斷 (活動中心通常為室內設施)
湖口鄉信勢國小禮堂,True,基於原始室內標記
港口社區活動中心,True,基於原始室內標記
恆春國中收容所,True,基於原始室內標記
恆春鎮公所,True,基於原始室內標記
永靖社區活動中心,True,基於原始室內標記
永港國民小學,True,基於原始室內標記
恒春國小收容所,True,基於原始室內標記
僑勇國小收容所,True,基於原始室內標記
滿州國民小學,True,基於原始室內標記
屏東縣滿州鄉公所,True,基於原始室內標記
舊蘭嶼國小,True,基於原始室內標記
滿州社區活動中心,True,基於原始室內標記
屏東縣滿州鄉圖書館,True,基於原始室內標記
滿州國民中學,True,基於原始室內標記
蘭恩活動中心,True,基於原始室內標記
蘭嶼國民小學,True,基於原始室內標記
響林活動中心,True,基於原始室內標記
椰油國民小學,True,基於原始室內標記
蘭嶼完全高級中學,True,基於原始室內標記
屏東縣立車城國小保力分校,True,基於原始室內標記
屏東縣立車城國小射寮分校,True,基於原始室內標記
屏東縣立車城國中,True,基於原始室內標記
高士國小牡林分校,True,基於原始室內標記
長樂村長壽俱樂部,True,基於原始室內標記
屏東縣立車城國小,True,基於原始室內標記
長樂國小,True,基於原始室內標記
車城福安宮香客大樓,True,基於原始室內標記
朗島國小,True,基於原始室內標記
屏東縣立車城國小溫泉分校,True,基於原始室內標記
九棚永久屋大愛基地活動中心,True,基於原始室內標記
高士國小,True,基於原始室內標記
石門村活動中心,True,基於原始室內標記
港仔活動中心,True,基於原始室內標記
竹坑活動中心,True,基於原始室內標記
牡丹國小,True,基於原始室內標記
楓港國民小學,True,基於原始室內標記
旭海村活動中心,True,基於原始室內標記
楓港老人文康中心,True,基於原始室內標記
楓林國小,True,基於原始室內標記
丹路國小,True,基於原始室內標記
獅子鄉立綜合體育館,True,基於原始室內標記
東源村活動中心,True,基於原始室內標記
內文活動中心,True,基於原始室內標記
獅子活動中心,True,基於原始室內標記
草埔活動中心,True,基於原始室內標記
枋山鄉公所,True,基於原始室內標記
枋寮高中正成分校,True,基於原始室內標記
南田基督教會,True,基於規則推斷 (預設為室內 - 安全原則)
森永活動中心,True,基於規則推斷 (活動中心通常為室內設施)
南田活動中心,True,基於規則推斷 (活動中心通常為室內設施)
安朔基督教會,True,基於原始室內標記
安朔集會所,True,基於規則推斷 (預設為室內 - 安全原則)
安朔國小,True,基於原始室內標記
達仁鄉公所禮堂,True,基於規則推斷 (預設為室內 - 安全原則)
大南國民小學,True,基於規則推斷 (預設為室內 - 安全原則)
內獅國小,True,基於原始室內標記
南興村社區活動中心,True,基於原始室內標記
南福社區活動中心,True,基於原始室內標記
加祿國民小學,True,基於原始室內標記
大福社區活動中心,True,基於原始室內標記
琉球國中,True,基於原始室內標記
琉球國小,True,基於原始室內標記
尚武村社區活動中心,True,基於原始室內標記
大武鄉立托兒所,True,基於原始室內標記
全德國小,True,基於原始室內標記
琉球鄉公所,True,基於原始室內標記
老人文康活動中心,True,基於原始室內標記
大武老人會館,True,基於原始室內標記
大武鄉多功能綜合活動中心暨避難收容所,True,基於原始室內標記
古華社區活動中心,True,基於原始室內標記
大武村社區活動中心,True,基於原始室內標記
古華國民小學,True,基於原始室內標記
僑德國小,True,基於原始室內標記
枋寮國小,True,基於原始室內標記
士文聚會所,True,基於原始室內標記
古華國民小學-士文分校,True,基於原始室內標記
春日社區活動中心,True,基於原始室內標記
春日國民小學,True,基於原始室內標記
枋寮高中,True,基於原始室內標記
臺東縣立安朔國小新化分校,True,基於規則推斷 (預設為室內 - 安全原則)
建興國小,True,基於原始室內標記
屏東市復興公園,False,基於原始室外標記
國立屏東高級工業職業學校,True,基於原始室內標記
東海國小,True,基於原始室內標記
屏東市千禧公園,False,基於原始室外標記
東海國小太源分校,True,基於原始室內標記
國立佳冬高農,True,基於原始室內標記
屏東市廣興公園,False,基於原始室外標記
加津林活動中心,True,基於原始室內標記
佳冬鄉立幼兒園,True,基於原始室內標記
力里國民小學,True,基於原始室內標記
春日鄉立老人文康中心,True,基於原始室內標記
佳冬國中,True,基於原始室內標記
屏東縣林邊鄉崎峰活動中心,True,基於原始室內標記
來義鄉文物館,True,基於原始室內標記
南和國小,True,基於原始室內標記
屏東縣林邊鄉仁和國民小學,True,基於原始室內標記
土?天主堂,True,基於規則推斷 (預設為室內 - 安全原則)
臺東縣立土?國小,True,基於規則推斷 (預設為室內 - 安全原則)
達仁鄉立土?托兒所,True,基於規則推斷 (預設為室內 - 安全原則)
大潭國小,True,基於原始室內標記
愛國蒲分校,True,基於原始室內標記
以栗國小,True,基於原始室內標記
東隆宮香客大樓,True,基於原始室內標記
太麻里鄉多良村辦公處,True,基於原始室內標記
東隆國小,True,基於原始室內標記
望嘉警察派出所,True,基於原始室內標記
屏東縣林邊鄉竹林國民小學,True,基於原始室內標記
東港高中,True,基於原始室內標記
東光國小,True,基於原始室內標記
東港國小,True,基於原始室內標記
新埤鄉立幼兒園,True,基於原始室內標記
臺東縣台?國民小學,True,基於規則推斷 (預設為室內 - 安全原則)
台?活動中心,True,基於規則推斷 (活動中心通常為室內設施)
東興國小,True,基於原始室內標記
北市大附小,True,基於原始室內標記
台?基督教會,True,基於規則推斷 (預設為室內 - 安全原則)
啦里吧活動中心,True,基於規則推斷 (活動中心通常為室內設施)
新埤國小,True,基於原始室內標記
高雄市立中芸國民中學,True,基於規則推斷 (預設為室內 - 安全原則)
中芸國小,True,基於原始室內標記
烏龍國小,True,基於原始室內標記
鹽洲國小,True,基於原始室內標記
溪北社區活動中心,True,基於原始室內標記
溪北國小,True,基於原始室內標記
文樂活動中心,True,基於原始室內標記
高雄市林園區港埔國民小學,True,基於原始室內標記
高雄市林園區王公國民小學,True,基於規則推斷 (預設為室內 - 安全原則)
高雄市林園區林園國民小學,True,基於原始室內標記
林園區長青文康活動中心,True,基於原始室內標記
港西國小,True,基於原始室內標記
來義鄉新來義部落多功能活動中心,True,基於原始室內標記
潮南國小,True,基於原始室內標記
南榮國中,True,基於原始室內標記
崁頂國小,True,基於原始室內標記
高雄市小港區鳳鳴國民小學,True,基於規則推斷 (預設為室內 - 安全原則)
崁頂老人文康中心,True,基於原始室內標記
高雄市立林園高級中學,True,基於原始室內標記
丹林活動中心,True,基於原始室內標記
高雄市小港區鳳林國民中學,True,基於規則推斷 (預設為室內 - 安全原則)
潮東國小,True,基於原始室內標記
新園國小,True,基於原始室內標記
歷坵活動中心 Liqiu Activity Center,True,基於規則推斷 (活動中心通常為室內設施)
古樓國小,True,基於原始室內標記
高雄市林園區金潭國民小學,True,基於原始室內標記
金崙溫泉長老教會,True,基於原始室內標記
賓茂國小 Binmao Elementary School,True,基於規則推斷 (預設為室內 - 安全原則)
賓茂活動中心 Binmao Activity Center,True,基於原始室內標記
金崙活動中心,True,基於規則推斷 (活動中心通常為室內設施)
光春國中,True,基於原始室內標記
力社國小,True,基於原始室內標記
義仁里社區活動中心,True,基於規則推斷 (活動中心通常為室內設施)
光春國小,True,基於原始室內標記
高雄市大寮區昭明國小,True,基於規則推斷 (預設為室內 - 安全原則)
新園鄉公所,True,基於原始室內標記
仙吉國小,True,基於原始室內標記
四林國小,True,基於原始室內標記
新園國中,True,基於原始室內標記
光華國小,True,基於原始室內標記
鎮立幼兒園,True,基於原始室內標記
潮州國小,False,基於原始室外標記
佳佐國小中興分校,True,基於原始室內標記
瓦?國小,True,基於原始室內標記
平和活動中心,True,基於原始室內標記
潮州國中,True,基於原始室內標記
會結里社區活動中心,True,基於規則推斷 (活動中心通常為室內設施)
潮和國小,True,基於原始室內標記
潮昇國小,True,基於原始室內標記
新厝里社區活動中心,True,基於規則推斷 (活動中心通常為室內設施)
高雄市小港區小港國民小學,True,基於規則推斷 (預設為室內 - 安全原則)
志成佛寺,True,基於原始室內標記
高雄市小港區鳳陽國民小學,True,基於規則推斷 (預設為室內 - 安全原則)
潮寮老人活動中心,True,基於規則推斷 (活動中心通常為室內設施)
新庄國小,True,基於原始室內標記
高雄市立潮寮國民中學,True,基於規則推斷 (預設為室內 - 安全原則)
高雄市小港區二苓國民小學,True,基於原始室內標記
高雄市立小港高級中學,True,基於規則推斷 (預設為室內 - 安全原則)
高雄市大寮區潮寮國小,True,基於規則推斷 (預設為室內 - 安全原則)
國立高雄餐旅大學附屬餐旅高級中等學校,True,基於規則推斷 (學校建築通常為室內)
高雄市小港區漢民國民小學,True,基於規則推斷 (預設為室內 - 安全原則)
高雄市立中山國民中學,True,基於規則推斷 (預設為室內 - 安全原則)
高雄市立小港國民中學,True,基於規則推斷 (預設為室內 - 安全原則)
高雄市小港區華山國民小學,True,基於原始室內標記
高雄市小港區港和國民小學,True,基於原始室內標記
佳興活動中心,True,基於原始室內標記
佳佐國小,True,基於原始室內標記
萬巒鄉公所展覽廳,True,基於原始室內標記
高雄市前鎮區佛公國民小學,True,基於規則推斷 (預設為室內 - 安全原則)
萬巒國小,True,基於原始室內標記
大明國小,True,基於原始室內標記
過溪里社區活動中心,True,基於規則推斷 (活動中心通常為室內設施)
武潭活動中心,True,基於原始室內標記
西方道堂,True,基於原始室內標記
高雄市前鎮區明正國民小學,True,基於規則推斷 (預設為室內 - 安全原則)
高雄市立明義國民中學,True,基於規則推斷 (預設為室內 - 安全原則)
清山寺,True,基於規則推斷 (預設為室內 - 安全原則)
萬丹國小,True,基於原始室內標記
竹田國小,True,基於原始室內標記
高雄市小港區桂林國民小學,True,基於規則推斷 (預設為室內 - 安全原則)
高雄市立前鎮國民中學,True,基於原始室內標記
高雄市小港區明義國民小學,True,基於原始室內標記
竹田鄉公所,True,基於原始室內標記
富翔天廈,True,基於規則推斷 (預設為室內 - 安全原則)
高雄市前鎮區前鎮國民小學,True,基於規則推斷 (預設為室內 - 安全原則)
高雄市立興仁國民中學,True,基於原始室內標記
高雄市立前鎮高級中學,True,基於規則推斷 (預設為室內 - 安全原則)
香蘭國小,True,基於規則推斷 (預設為室內 - 安全原則)
高雄市旗津區大汕國民小學,True,基於原始室內標記
高雄市立旗津國民中學,True,基於原始室內標記
萬巒鄉立幼兒園泗溝分班,True,基於原始室內標記
圖書館,True,基於原始室內標記
萬丹鄉行政中心,True,基於原始室內標記
高雄市旗津區公所5樓大禮堂,True,基於規則推斷 (預設為室內 - 安全原則)
佛聖宮,True,基於規則推斷 (預設為室內 - 安全原則)
高雄市鳳山區過埤國民小學,True,基於原始室內標記
高雄市立福誠高級中學,True,基於規則推斷 (預設為室內 - 安全原則)
高雄市前鎮區鎮昌國民小學,True,基於規則推斷 (預設為室內 - 安全原則)
五溝國小,True,基於原始室內標記
高雄市大寮區大寮國民小學,True,基於規則推斷 (預設為室內 - 安全原則)
佳平活動中心,True,基於原始室內標記
大寮里社區活動中心,True,基於規則推斷 (活動中心通常為室內設施)
泰武國中,True,基於原始室內標記
澳洲特區,True,基於規則推斷 (預設為室內 - 安全原則)
荷蘭町,True,基於規則推斷 (預設為室內 - 安全原則)
興華國小,True,基於原始室內標記
高雄市政府社會局無障礙之家,True,基於原始室內標記
高雄市鳳山區南成國民小學,True,基於原始室內標記
龍成宮,True,基於原始室內標記
米蘭特區,True,基於規則推斷 (預設為室內 - 安全原則)
四維國小,True,基於原始室內標記
僑智國小,True,基於原始室內標記
萬金天主教堂,True,基於原始室內標記
嘉蘭國小 Jialan Elementary School,True,基於原始室內標記
高雄市鳳山區鳳翔國民小學,True,基於原始室內標記
高雄市立鳳翔國民中學,True,基於規則推斷 (預設為室內 - 安全原則)
萬丹國中,True,基於原始室內標記
嘉蘭村活動中心 Jialan Activity Center,True,基於原始室內標記
高雄市鳳山區福誠國民小學,True,基於原始室內標記
高雄市立五甲國民中學,True,基於原始室內標記
高雄市鳳山區中崙國民小學,True,基於規則推斷 (預設為室內 - 安全原則)
大發公有市場3樓,True,基於規則推斷 (預設為室內 - 安全原則)
高雄市前鎮區瑞祥國民小學,True,基於規則推斷 (預設為室內 - 安全原則)
高雄市旗津區中洲國民小學,True,基於原始室內標記
高雄市立瑞祥高級中學,True,基於規則推斷 (預設為室內 - 安全原則)
高雄市立大寮幼兒園,True,基於規則推斷 (預設為室內 - 安全原則)
高雄市立大寮國民中學,True,基於規則推斷 (預設為室內 - 安全原則)
高雄市立中崙國民中學,True,基於原始室內標記
三隆里社區活動中心,True,基於規則推斷 (活動中心通常為室內設施)
高雄市鳳山區正義國民小學,True,基於原始室內標記
正興村活動中心Zhengxing Activity Center,True,基於原始室內標記
泰武活動中心,True,基於原始室內標記
高雄市立獅甲國民中學,True,基於原始室內標記
竹田鄉立幼兒園,True,基於原始室內標記
高雄市大寮區永芳國民小學,True,基於規則推斷 (預設為室內 - 安全原則)
高雄市前鎮區瑞豐國民小學,True,基於原始室內標記
金湯營區,True,基於原始室內標記
中正營區,True,基於原始室內標記
高雄市大寮區山頂國民小學,True,基於規則推斷 (預設為室內 - 安全原則)
高雄市前鎮區復興國民小學,True,基於規則推斷 (預設為室內 - 安全原則)
高雄市前鎮區樂群國民小學,True,基於原始室內標記
山頂里社區活動中心,True,基於規則推斷 (活動中心通常為室內設施)
高雄市前鎮區民權國民小學,True,基於規則推斷 (預設為室內 - 安全原則)
高雄市旗津區旗津國民小學,True,基於原始室內標記
高雄市竹西里活動中心,True,基於原始室內標記
內埔國小,True,基於原始室內標記
高雄市立中正高級工業職業學校,True,基於原始室內標記
高雄市立光華國民中學,True,基於規則推斷 (預設為室內 - 安全原則)
內埔鄉文康中心,True,基於原始室內標記
高雄市立瑞豐國民中學,True,基於規則推斷 (預設為室內 - 安全原則)
內埔國中,True,基於原始室內標記
大王國小,True,基於原始室內標記
高雄市鳳山區新甲國民小學,True,基於原始室內標記
高雄市苓雅區成功國民小學,True,基於規則推斷 (預設為室內 - 安全原則)
高雄市前鎮區愛群國民小學,True,基於規則推斷 (預設為室內 - 安全原則)
武侯宮,True,基於規則推斷 (預設為室內 - 安全原則)
光武里社區活動中心,True,基於規則推斷 (活動中心通常為室內設施)
高雄市苓洲國民小學,True,基於原始室內標記
順安府,True,基於原始室內標記
太麻里鄉老人會館,True,基於原始室內標記
社皮國小,True,基於原始室內標記
高雄市立英明國民中學,True,基於規則推斷 (預設為室內 - 安全原則)
東寧國小,True,基於原始室內標記
老人文康活動中心,True,基於原始室內標記
老人文康活動中心,True,基於原始室內標記
廣安國小,True,基於原始室內標記
竹田國中,True,基於原始室內標記
黃厝北極上帝殿,True,基於規則推斷 (預設為室內 - 安全原則)
富田國小,True,基於原始室內標記
高雄市大寮區忠義國民小學,True,基於規則推斷 (預設為室內 - 安全原則)
高雄市立鳳甲國民中學,True,基於規則推斷 (預設為室內 - 安全原則)
高雄市鳳山區誠正國民小學,True,基於規則推斷 (預設為室內 - 安全原則)
高雄市鳳山區鳳西國民小學,True,基於原始室內標記
高雄市鳳山區忠孝國民小學,True,基於規則推斷 (預設為室內 - 安全原則)
高雄市立苓雅國民中學,True,基於原始室內標記
忠義里里辦公處2樓,True,基於規則推斷 (預設為室內 - 安全原則)
中興里社區活動中心,True,基於規則推斷 (活動中心通常為室內設施)
高雄市苓雅區福康國民小學,True,基於原始室內標記
黃埔營區,True,基於原始室內標記
高雄市立忠孝國民中學,True,基於規則推斷 (預設為室內 - 安全原則)
新濱營區,True,基於原始室內標記
高雄市政府社會局安琪兒家園,True,基於原始室內標記
高雄市政府社會局陽光家園,True,基於原始室內標記
高雄市苓雅區五權國民小學,True,基於原始室內標記
育英國小,True,基於原始室內標記
高雄市立高雄高級女子中學,True,基於原始室內標記
高雄市鹽埕區光榮國民小學,True,基於原始室內標記
謝府元帥廟,True,基於規則推斷 (預設為室內 - 安全原則)
高雄市鹽埕區忠孝國民小學,True,基於原始室內標記
沙鹿幼兒園埔子分班,True,基於原始室內標記
高雄市苓雅區四維國民小學,True,基於原始室內標記
翁園里社區活動中心,True,基於規則推斷 (活動中心通常為室內設施)
高雄市大寮區翁園國民小學,True,基於規則推斷 (預設為室內 - 安全原則)
高雄市鼓山區鼓山國民小學,True,基於原始室內標記
高雄市立鹽埕國民中學,True,基於原始室內標記
高雄市鹽埕區鹽埕國民小學,True,基於原始室內標記
高雄市鳳山區大東國民小學,True,基於規則推斷 (預設為室內 - 安全原則)
高雄市苓雅區福東國民小學,True,基於原始室內標記
高雄市立新興高級中學,True,基於原始室內標記
鹽埕區公所11樓大禮堂,True,基於原始室內標記
高雄市鳳山區鳳山國民小學,True,基於原始室內標記
鳳山區公所大禮堂,True,基於原始室內標記
高雄市立鳳山國民中學,True,基於原始室內標記
高雄市立高雄高級高商職業學校,True,基於原始室內標記
高雄市前金區前金國民小學,True,基於規則推斷 (預設為室內 - 安全原則)
高雄市立中正高級中學,True,基於原始室內標記
高雄市新興區新興國民小學,True,基於原始室內標記
萬安活動中心,True,基於原始室內標記
前金區公所5樓大禮堂,True,基於原始室內標記
高雄市新興區大同國民小學,True,基於原始室內標記
高雄市鳳山區中正國民小學,True,基於原始室內標記
溪寮里社區活動中心,True,基於規則推斷 (活動中心通常為室內設施)
基督教鳳山長老教會,True,基於原始室內標記
高雄市立前金國民中學,True,基於原始室內標記
國立鳳山高級中學,True,基於原始室內標記
排灣社區活動中心,True,基於原始室內標記
高雄市苓雅區中正國民小學,True,基於原始室內標記
高雄市鳳山區瑞興國民小學,True,基於規則推斷 (預設為室內 - 安全原則)
鳳山街友服務中心,True,基於原始室內標記
高雄市大寮區溪寮國民小學,True,基於規則推斷 (預設為室內 - 安全原則)
高雄市鳳山區中山國民小學,True,基於規則推斷 (預設為室內 - 安全原則)
高雄市立青年國民中學,True,基於原始室內標記
泰安國小,True,基於原始室內標記
北里活動中心,True,基於原始室內標記
高雄市新興區信義國民小學,True,基於原始室內標記
高雄市鼓山區壽山國民小學,True,基於原始室內標記
高雄市前金區建國國民小學,True,基於原始室內標記
高雄市立壽山國民中學,True,基於原始室內標記
高雄市三民區河濱國民小學,True,基於原始室內標記
高雄市新興區七賢國民小學,True,基於原始室內標記
高雄市鳳山區文華國民小學,True,基於規則推斷 (預設為室內 - 安全原則)
高雄市大寮區中庄國民小學,True,基於規則推斷 (預設為室內 - 安全原則)
"千歲,千北,立德,鳳南聯合里活動中心",True,基於原始室內標記
三塊厝聯合里活動中心,True,基於原始室內標記
高雄市苓雅區凱旋國民小學,True,基於原始室內標記
高雄市立中庄國民中學,True,基於規則推斷 (預設為室內 - 安全原則)
高雄市三民區三民國民小學,True,基於原始室內標記
鼓山區行政中心七樓大禮堂,True,基於原始室內標記
江山里社區活動中心,True,基於規則推斷 (活動中心通常為室內設施)
高雄市大寮區後庄國民小學,True,基於規則推斷 (預設為室內 - 安全原則)
屏東市公館國小,True,基於原始室內標記
高雄市立高雄高級中學,True,基於原始室內標記
高雄市三民區光武國民小學,True,基於原始室內標記
北辰宮,True,基於原始室內標記
高雄市鼓山區鼓岩國民小學,True,基於原始室內標記
高雄市立民族國民中學,True,基於原始室內標記
"德北,十全,十美聯合里活動中心",True,基於原始室內標記
高雄市鳳山區文德國民小學,True,基於原始室內標記
寶安里活動中心,True,基於原始室內標記
後庄老人活動中心,True,基於規則推斷 (活動中心通常為室內設施)
麟洛鄉公所,True,基於原始室內標記
國立屏東科技大學孟祥體育館,True,基於原始室內標記
屏東縣立公正國中,True,基於原始室內標記
義和代天府,True,基於規則推斷 (預設為室內 - 安全原則)
高雄市鳳山區鎮北國民小學,True,基於規則推斷 (預設為室內 - 安全原則)
新興國小 Xingxing Elementary School,True,基於原始室內標記
"德智,德仁里活動中心",True,基於原始室內標記
寶珠溝里活動中心,True,基於原始室內標記
高雄市立陽明國民中學,True,基於原始室內標記
高雄市三民區民族國民小學,True,基於原始室內標記
高雄市避難收容暨備災訓練中心,True,基於原始室內標記
中都地區聯合里活動中心,True,基於原始室內標記
高雄市立正興國民中學,True,基於原始室內標記
高雄市三民區愛國國民小學,True,基於原始室內標記
高雄市三民區博愛國民小學,True,基於原始室內標記
高雄市三民區陽明國民小學,True,基於原始室內標記
高雄市三民區正興國民小學,True,基於原始室內標記
高雄市立三民國民中學,True,基於原始室內標記
高雄市三民區十全國民小學,True,基於原始室內標記
"安東,安和,達明聯合里活動中心",True,基於原始室內標記
高雄市三民區公所,True,基於原始室內標記
麟洛國中,True,基於原始室內標記
高雄市立文山高級中學,True,基於原始室內標記
寶盛里活動中心,True,基於原始室內標記
高雄市三民區東光國民小學,True,基於原始室內標記
安宜里活動中心,True,基於原始室內標記
屏東市前進國小,True,基於原始室內標記
高雄市立高雄高級工業職業學校,True,基於原始室內標記
麟洛鄉圖書館,True,基於原始室內標記
麟洛國小,True,基於原始室內標記
老人文康活動中心,True,基於原始室內標記
高雄市立鼓山高級中學,True,基於原始室內標記
高雄市鼓山區九如國民小學,True,基於原始室內標記
佳義基督長老教會教育館,True,基於原始室內標記
高雄市鳥松區大華國民小學,True,基於原始室內標記
高雄市鼓山區龍華國民小學,True,基於原始室內標記
本和里活動中心,True,基於原始室內標記
高雄市立鼎金國民中學,True,基於原始室內標記
本館里集會所,True,基於原始室內標記
高雄市大樹區九曲國民小學,True,基於規則推斷 (預設為室內 - 安全原則)
高雄市立鼎金國民中學,True,基於原始室內標記
台灣基督教長老教會仁美教會短期收,True,基於原始室內標記
高雄市三民區莊敬國民小學,True,基於原始室內標記
高雄市鼓山區內惟國民小學,True,基於原始室內標記
大樹區綜合體育館,True,基於原始室內標記
高雄市立大樹國民中學,True,基於規則推斷 (預設為室內 - 安全原則)
高雄市立七賢國民中學,True,基於原始室內標記
灣愛里活動中心,True,基於原始室內標記
仁美營區,True,基於原始室內標記
高雄市立龍華國民中學,True,基於原始室內標記
高雄市鳥松區仁美國民小學,True,基於原始室內標記
屏東大學屏商校區活動中心,True,基於原始室內標記
屏東縣立鶴聲國中,True,基於原始室內標記
屏東市復興國小,True,基於原始室內標記
鳥松區公所三樓,True,基於原始室內標記
屏東市民生國小,True,基於原始室內標記
高雄市立明華國民中學,True,基於原始室內標記
華源活動中心,True,基於規則推斷 (活動中心通常為室內設施)
屏東市公所,True,基於原始室內標記
高雄市鳥松區鳥松國民小學（備用）,True,基於原始室內標記
高雄市立三民高級中學,True,基於原始室內標記
空軍綠島探空分隊,False,基於原始室外標記
屏東大學民生校區體育館,True,基於原始室內標記
屏東市建國國小,True,基於原始室內標記
屏東市鶴聲國小,True,基於原始室內標記
高雄市立三民高級家事商業職業學校,True,基於原始室內標記
高雄市立鳥松國民中學,True,基於原始室內標記
"鼎中,鼎力,鼎膝,鼎金,鼎強,鼎盛聯合里",True,基於原始室內標記
屏東市大同國小,True,基於原始室內標記
崇文國小,True,基於原始室內標記
新生國小,True,基於原始室內標記
高雄市大樹區水寮國民小學,True,基於規則推斷 (預設為室內 - 安全原則)
三民街友服務中心,True,基於原始室內標記
南寮社區活動中心,True,基於原始室內標記
財團法人玄光聖堂短期收容,True,基於原始室內標記
高雄市鼓山區中山國民小學,True,基於原始室內標記
高雄市左營區新莊國民小學,True,基於規則推斷 (預設為室內 - 安全原則)
太麻里鄉三和村辦公處,True,基於原始室內標記
屏東市民和國小,True,基於原始室內標記
高雄新莊天后宮備用,True,基於原始室內標記
屏東市唐榮國小,True,基於原始室內標記
仁慈活動中心,True,基於原始室內標記
和平營區,True,基於原始室內標記
高雄市左營區勝利國民小學,True,基於規則推斷 (預設為室內 - 安全原則)
高雄市三民區獅湖國民小學,True,基於原始室內標記
屏東縣立中正國中,True,基於原始室內標記
綠島國中,True,基於原始室內標記
綠島國民小學,True,基於原始室內標記
高雄市立大義國民中學,True,基於原始室內標記
中寮社區活動中心,True,基於原始室內標記
高雄市立海青高級工商職業學校,True,基於原始室內標記
國立屏東女中,True,基於原始室內標記
瑪家社區活動中心,True,基於原始室內標記
崇聖殿備用,True,基於原始室內標記
高雄市立大灣國民中學,True,基於原始室內標記
公館國民小學,True,基於原始室內標記
高雄市左營區新民國民小學,True,基於規則推斷 (預設為室內 - 安全原則)
屏東市仁愛國小,True,基於原始室內標記
屏東市忠孝國小,True,基於原始室內標記
綠島鄉社會福利活動中心,True,基於原始室內標記
長興國小,True,基於原始室內標記
菜公豐谷宮備用,True,基於原始室內標記
公館社區活動中心,True,基於原始室內標記
屏東縣立大同高中,True,基於原始室內標記
崇文國中,True,基於原始室內標記
高雄市立左營國民中學,True,基於原始室內標記
高雄市仁武區登發國民小學,True,基於原始室內標記
高雄市左營區新光國民小學,True,基於原始室內標記
屏東縣立明正國中,True,基於原始室內標記
埤子頭鎮福廟,True,基於原始室內標記
屏東市勝利國小,True,基於原始室內標記
屏東市瑞光國小,True,基於原始室內標記
高雄市立新莊高級中學,True,基於原始室內標記
啟明堂備用,True,基於原始室內標記
舊城城隍廟,True,基於原始室內標記
左營元帝廟,True,基於原始室內標記
高雄市仁武區灣內國民小學,True,基於原始室內標記
高雄市左營區舊城國民小學,True,基於原始室內標記
高雄市左營區福山國民小學,True,基於原始室內標記
屏東市崇蘭國小,True,基於原始室內標記
護安寺,True,基於原始室內標記
左營揚善堂,True,基於原始室內標記
國立屏東高中,True,基於原始室內標記
屏東市和平國小,True,基於原始室內標記
天府宮,True,基於規則推斷 (預設為室內 - 安全原則)
黎明國小,True,基於原始室內標記
太麻里鄉美和國民小學,True,基於原始室內標記
高雄市大樹區大樹國民小學,True,基於規則推斷 (預設為室內 - 安全原則)
高雄市左營區明德國民小學,True,基於原始室內標記
?後北極殿,True,基於原始室內標記
高雄市仁武區八卦國民小學,True,基於原始室內標記
左營區公所8樓大禮堂,True,基於原始室內標記
涼山社區活動中心,True,基於原始室內標記
高雄市左營區左營國民小學,True,基於原始室內標記
高楠活動中心,True,基於原始室內標記
屏東縣立至正國中,True,基於原始室內標記
知本金聯世紀酒店,True,基於規則推斷 (預設為室內 - 安全原則)
大樹區公所二樓會議室,True,基於原始室內標記
長治國中,True,基於原始室內標記
高雄市立左營高級中學,True,基於原始室內標記
德協國小,True,基於原始室內標記
大社村辦公處含活動中心,True,基於原始室內標記
高雄東照山關帝廟備用,True,基於原始室內標記
循理會南三和教會,True,基於原始室內標記
復興永清里活動中心,True,基於原始室內標記
祥和山莊活動中心,True,基於原始室內標記
原大樹鄉民代表會,True,基於原始室內標記
臺東縣農會東遊季溫泉渡假村,True,基於規則推斷 (預設為室內 - 安全原則)
溫泉國民小學,True,基於規則推斷 (預設為室內 - 安全原則)
溫泉村活動中心,True,基於規則推斷 (活動中心通常為室內設施)
高雄市仁武區.烏林國民小學,True,基於原始室內標記
元新溫泉飯店,True,基於規則推斷 (預設為室內 - 安全原則)
屏東市海豐國小,True,基於原始室內標記
高雄市仁武區仁武國民小學,True,基於原始室內標記
仁武區綜合活動中心,True,基於原始室內標記
隘寮國小,True,基於原始室內標記
繁華國小,True,基於原始室內標記
瑪家國中,True,基於原始室內標記
亞莊酒店,True,基於規則推斷 (預設為室內 - 安全原則)
中村基督長老教會,True,基於原始室內標記
玉泉社區活動中心,True,基於原始室內標記
仁武里活動中心,True,基於原始室內標記
知本社區活動中心,True,基於原始室內標記
北葉國小體育館,True,基於原始室內標記
F Hotel,True,基於規則推斷 (預設為室內 - 安全原則)
高雄市楠梓區廣、大、久、盛昌里活動中心,True,基於原始室內標記
建業社區活動中心,True,基於原始室內標記
中華里活動中心,True,基於原始室內標記
高雄市楠梓區油廠國民小學,True,基於原始室內標記
北葉社區活動中心,True,基於原始室內標記
高雄市仁武區竹後國民小學,True,基於原始室內標記
高雄市左營區莒光國民小學,True,基於原始室內標記
高雄市楠梓區莒光國民小學,True,基於原始室內標記
高雄市立右昌國民中學,True,基於原始室內標記
高雄市楠梓區右昌國民小學,True,基於原始室內標記
三地門鄉立體育館,True,基於原始室內標記
地磨兒國小,True,基於原始室內標記
國軍退役官兵輔導委員會高雄榮譽國民之家,True,基於原始室內標記
高雄市楠梓區宏昌等六里聯合活動中心,True,基於原始室內標記
臺東縣臺東市建和國小,True,基於原始室內標記
高雄市立國昌國民中學,True,基於原始室內標記
高雄市楠梓區加昌國民小學,True,基於原始室內標記
建農里民眾活動中心,True,基於原始室內標記
高雄市楠梓區後勁國民小學,True,基於原始室內標記
中里社區活動中心,True,基於原始室內標記
高雄市立後勁國民中學,True,基於原始室內標記
九如鄉九如國民小學,True,基於原始室內標記
高雄市楠梓區仁昌里活動中心,True,基於原始室內標記
高雄市楠梓區楠陽國民小學,True,基於原始室內標記
高雄市楠梓區翠屏里活動中心,True,基於原始室內標記
高雄市楠梓區惠豐里活動中心,True,基於原始室內標記
高雄市楠梓區援中國民小學,True,基於原始室內標記
高雄市楠梓區行政中心7樓大禮堂,True,基於原始室內標記
高雄市立蚵寮國民中學（備用）,True,基於原始室內標記
高雄市立大社國民中學,True,基於原始室內標記
大社老人文康中心,True,基於原始室內標記
高雄市立翠屏國民中小學,True,基於規則推斷 (預設為室內 - 安全原則)
高雄市立中山高級中學,True,基於原始室內標記
智信蚵社區聯合活動中心（備用）,True,基於原始室內標記
大社中山堂,True,基於原始室內標記
高雄市楠梓區惠民里集會所,True,基於原始室內標記
豐里社區活動中心,True,基於原始室內標記
高雄市楠梓區楠梓國民小學,True,基於原始室內標記
高雄市梓官區蚵寮國民小學（備用）,True,基於原始室內標記
高雄市立楠梓國民中學,True,基於原始室內標記
保安里活動中心,True,基於原始室內標記
九如鄉圖書館,True,基於原始室內標記
赤崁老人活動中心（備用）,True,基於原始室內標記
國立臺東大學,True,基於規則推斷 (預設為室內 - 安全原則)
高雄市橋頭區甲圍國民小學,True,基於規則推斷 (預設為室內 - 安全原則)
新圍國小,True,基於原始室內標記
彭厝國小,True,基於原始室內標記
九如鄉公所禮堂,True,基於原始室內標記
高雄市大樹區興田國民小學,True,基於規則推斷 (預設為室內 - 安全原則)
賽嘉國小,True,基於原始室內標記
賽嘉村辦公處含活動中心,True,基於原始室內標記
高雄市立楠梓高級中學,True,基於原始室內標記
霧台長老教會,True,基於原始室內標記
霧台社區活動中心,True,基於原始室內標記
霧臺國小,True,基於原始室內標記
霧台國小運動場,False,基於原始室外標記
佛光山寺備用,True,基於原始室內標記
霧台鄉避難收容所,True,基於原始室內標記
神山社區活動中心運動場,False,基於原始室外標記
高雄市橋頭區仕隆國民小學,True,基於規則推斷 (預設為室內 - 安全原則)
高雄市橋頭區興糖國民小學,True,基於規則推斷 (預設為室內 - 安全原則)
高雄市燕巢區鳳雄國民小學（備用）,True,基於原始室內標記
鹽埔國中,True,基於原始室內標記
臺東市公所,True,基於原始室內標記
鳳雄營區,True,基於原始室內標記
梓平社區活動中心（備用）,True,基於原始室內標記
鄉立幼兒園,True,基於原始室內標記
橋頭區公所,True,基於原始室內標記
高雄市立橋頭國民中學,True,基於規則推斷 (預設為室內 - 安全原則)
梓和社區活動中心（備用）,True,基於原始室內標記
高雄市橋頭區五林國民小學,True,基於規則推斷 (預設為室內 - 安全原則)
梓官國小（備用）,True,基於原始室內標記
高雄市立彌陀國民中學（備用）,True,基於原始室內標記
梓官區公所,True,基於原始室內標記
中華社區活動中心,True,基於原始室內標記
高雄市橋頭區橋頭國民小學,True,基於規則推斷 (預設為室內 - 安全原則)
高雄市立梓官國民中學,True,基於原始室內標記
新園社區活動中心,True,基於原始室內標記
四維寶桑多功能活動中心,True,基於原始室內標記
東興村活動中心,True,基於規則推斷 (活動中心通常為室內設施)
臺東縣臺東市新園國小,True,基於原始室內標記
塔樓國小,True,基於原始室內標記
口社國小,True,基於原始室內標記
高雄市燕巢區橫山國民小學（備用）,True,基於原始室內標記
口社村辦公處含活動中心,True,基於原始室內標記
地磨兒國小德文分校,True,基於原始室內標記
財團法人臺東縣私立仁愛之家,True,基於規則推斷 (預設為室內 - 安全原則)
德文村辦公處含活動中心,True,基於原始室內標記
行政院國軍退除役官兵輔導委員會馬蘭榮譽國民之家,True,基於規則推斷 (預設為室內 - 安全原則)
嶺口營區,True,基於原始室內標記
玉田國小,True,基於原始室內標記
豐田里民眾活動中心,True,基於原始室內標記
利嘉村活動中心,True,基於規則推斷 (活動中心通常為室內設施)
南勝社區活動中心備用,True,基於原始室內標記
高雄市燕巢區深水國民小學（備用）,True,基於原始室內標記
里港鄉立圖書館,True,基於原始室內標記
載興國小,True,基於原始室內標記
里港國小,True,基於原始室內標記
高雄市政府社會局仁愛之家,True,基於原始室內標記
彌陀區公所,True,基於原始室內標記
太平村活動中心,True,基於規則推斷 (活動中心通常為室內設施)
卑南里民眾活動中心,True,基於原始室內標記
高雄市岡山區和平國民小學,True,基於原始室內標記
彌仁社區活動中心（備用）,True,基於原始室內標記
燕巢區民眾活動中心,True,基於原始室內標記
富豐社區活動中心,True,基於原始室內標記
高雄市彌陀區彌陀國民小學,True,基於原始室內標記
高雄市岡山區兆湘國民小學,True,基於原始室內標記
高雄市立燕巢國民中學（備用）,True,基於原始室內標記
鹽埕過港社區康樂室（備用）,True,基於原始室內標記
屏東縣立泰山國民小學,True,基於原始室內標記
燕巢區公所禮堂,True,基於原始室內標記
馬兒村辦公處含活動中心,True,基於原始室內標記
臺東棒球村第一棒球場,True,基於原始室內標記
高雄市立前峰國民中學,True,基於規則推斷 (預設為室內 - 安全原則)
金陵營區,True,基於原始室內標記
太平國民小學,True,基於規則推斷 (預設為室內 - 安全原則)
安招國民小學備用,True,基於原始室內標記
竹圍國小,True,基於原始室內標記
高雄市岡山區岡山國民小學,True,基於規則推斷 (預設為室內 - 安全原則)
臺東市老人文康活動中心,True,基於原始室內標記
高雄市岡山區後紅國民小學,True,基於原始室內標記
高雄市岡山區前峰國民小學,True,基於原始室內標記
泰安活動中心,True,基於規則推斷 (活動中心通常為室內設施)
高雄市燕巢區燕巢國民小學（備用）,True,基於原始室內標記
高雄市彌陀區壽齡國民小學（備用）,True,基於原始室內標記
高雄市立岡山國民中學,True,基於原始室內標記
安坡村辦公處含活動中心,True,基於原始室內標記
高雄市岡山區壽天國民小學,True,基於規則推斷 (預設為室內 - 安全原則)
岡山區老人活動中心,True,基於原始室內標記
公園西路14號公所廳舍,False,基於規則推斷 (公園通常為室外空間)
岡山榮譽國民之家,True,基於原始室內標記
高雄市永安區維新國民小學,True,基於規則推斷 (預設為室內 - 安全原則)
高雄市燕巢區金山國民小學（備用）,True,基於原始室內標記
富源村活動中心,True,基於規則推斷 (活動中心通常為室內設施)
高雄市立嘉興國民中學,True,基於原始室內標記
青山國小,True,基於原始室內標記
中正堂,True,基於原始室內標記
三和國小,True,基於原始室內標記
三地門鄉青山村辦公處,True,基於原始室內標記
土庫社區活動中心,True,基於原始室內標記
高雄市永安區新港國民小學,True,基於規則推斷 (預設為室內 - 安全原則)
富山村活動中心,True,基於規則推斷 (活動中心通常為室內設施)
富山國民小學,True,基於規則推斷 (預設為室內 - 安全原則)
高雄市岡山區嘉興國民小學,True,基於原始室內標記
高雄市立永安國民中學,True,基於原始室內標記
高雄市路竹區北嶺國民小學,True,基於原始室內標記
賓朗老人暨多功能活動中心,True,基於規則推斷 (活動中心通常為室內設施)
利吉村活動中心,True,基於規則推斷 (活動中心通常為室內設施)
高雄市岡山區華崗社區活動中心,True,基於原始室內標記
屏東縣立高樹國民小學,True,基於原始室內標記
美農村活動中心,True,基於規則推斷 (活動中心通常為室內設施)
高雄市永安區鹽田社區活動中心,True,基於規則推斷 (活動中心通常為室內設施)
高雄市田寮區新興國民小學,True,基於原始室內標記
大洲國中備用,True,基於原始室內標記
東成國民小學,True,基於規則推斷 (預設為室內 - 安全原則)
高雄市立路竹區三埤國民小學,True,基於原始室內標記
青葉國小,True,基於原始室內標記
青葉村辦公處含活動中心,True,基於原始室內標記
高雄市旗山區溪洲國民小學（備用）,True,基於原始室內標記
屏東縣立舊寮國民小學,True,基於原始室內標記
合天大道院,True,基於原始室內標記
高雄市阿蓮區復安國民小學（備用）,True,基於原始室內標記
鯤洲社區多功能活動中心,True,基於規則推斷 (活動中心通常為室內設施)
高雄市美濃區吉東國民小學,True,基於規則推斷 (預設為室內 - 安全原則)
路竹老人活動中心,True,基於原始室內標記
高雄市立路竹高級中學,True,基於原始室內標記
上洲社區活動中心,True,基於原始室內標記
廣福社區活動中心,True,基於原始室內標記
初鹿國民小學,True,基於規則推斷 (預設為室內 - 安全原則)
初鹿村多功能暨老人活動中心,True,基於規則推斷 (活動中心通常為室內設施)
高雄市路竹區蔡文國民小學,True,基於原始室內標記
高雄市立路竹區竹滬國民小學,True,基於原始室內標記
高雄市路竹區路竹國民小學,True,基於原始室內標記
屏東縣立新豐國民小學,True,基於原始室內標記
龍山國小,True,基於規則推斷 (預設為室內 - 安全原則)
高雄市路竹區大社國民小學,True,基於原始室內標記
高雄市立一甲國民中學學生,True,基於原始室內標記
高雄市立路竹區下坑國民小學備用,True,基於原始室內標記
田寮區公所3樓大禮堂,True,基於原始室內標記
竹子門水利工作站,True,基於規則推斷 (預設為室內 - 安全原則)
都蘭活動中心,True,基於規則推斷 (活動中心通常為室內設施)
高雄市美濃區吉洋國民小學,True,基於規則推斷 (預設為室內 - 安全原則)
高雄市田寮區崇德國民小學,True,基於規則推斷 (預設為室內 - 安全原則)
高雄市立龍肚國民中學,True,基於規則推斷 (預設為室內 - 安全原則)
都蘭國小,True,基於規則推斷 (預設為室內 - 安全原則)
湖東社區活動中心,True,基於規則推斷 (活動中心通常為室內設施)
新寮社區活動中心,True,基於原始室內標記
樹人醫護管理專科學校,True,基於原始室內標記
高雄市美濃區福安國民小學,True,基於規則推斷 (預設為室內 - 安全原則)
阿蓮區公所3樓會議室,True,基於原始室內標記
高雄市阿蓮區阿蓮國民小學（備 用）,True,基於原始室內標記
高雄市美濃區中壇國民小學,True,基於原始室內標記
靈山寺,True,基於原始室內標記
高雄市立阿蓮國民中學（備用）,True,基於原始室內標記
高雄市美濃區龍肚國民小學,True,基於規則推斷 (預設為室內 - 安全原則)
高雄市茂林區茂林國民小學,True,基於原始室內標記
鳳山區農會茂林辦事處,True,基於原始室內標記
茂林基督長老教會,True,基於原始室內標記
高雄市湖內區大湖國民小學,True,基於原始室內標記
高雄市其山區旗山國小（備用）,True,基於原始室內標記
旗山區公所,True,基於原始室內標記
高雄市茄萣區成功國民小學,True,基於規則推斷 (預設為室內 - 安全原則)
新威天台聖宮,True,基於原始室內標記
大津登山訓練中心,True,基於原始室內標記
湄州里活動中心,True,基於原始室內標記
茄萣老人活動中心,True,基於原始室內標記
竹峰里辦公處,True,基於原始室內標記
大津社區活動中心,True,基於規則推斷 (活動中心通常為室內設施)
紅葉村活動中心,True,基於原始室內標記
古亭社區活動中心,True,基於原始室內標記
台灣基督長老教會海埔教會,True,基於原始室內標記
美濃區老人文康活動中心,True,基於原始室內標記
高雄市立美濃國民中學,True,基於原始室內標記
美濃區公所,True,基於原始室內標記
高雄市阿蓮區中路國民小學（備用）,True,基於原始室內標記
興隆國小,True,基於規則推斷 (預設為室內 - 安全原則)
鸞山村活動中心,True,基於原始室內標記
高雄市美濃區美濃國民小學,True,基於規則推斷 (預設為室內 - 安全原則)
高雄市六龜區新威國民小學,True,基於原始室內標記
高雄市美濃區東門國民小學,True,基於規則推斷 (預設為室內 - 安全原則)
永和社區活動中心備用,True,基於原始室內標記
新威社區活動中心,True,基於原始室內標記
桃源村活動中心,True,基於原始室內標記
高雄市茄萣區茄萣國民小學,True,基於規則推斷 (預設為室內 - 安全原則)
臺南市關廟區崇和國小,True,基於原始室內標記
龍田社區活動中心,True,基於原始室內標記
龍田國小,True,基於原始室內標記
和平社區活動中心,True,基於原始室內標記
茄萣區公所大禮堂,True,基於原始室內標記
高雄市立茄萣國民中學,True,基於原始室內標記
鹿野國中,True,基於原始室內標記
財團法人一貫道興毅純陽聖道院,True,基於原始室內標記
新興社區活動中心,True,基於原始室內標記
高雄市立湖內國民中學,True,基於原始室內標記
中圳社區活動中心,True,基於原始室內標記
中正堂二樓,True,基於原始室內標記
鹿野國小,False,基於原始室外標記
白雲社區活動中心,True,基於原始室內標記
高雄市茂林區多納國民小學,True,基於原始室內標記
多納里社區活動中心,True,基於原始室內標記
萬山里避難屋,True,基於原始室內標記
高雄市茄萣區砂崙國民小學,True,基於規則推斷 (預設為室內 - 安全原則)
臺南市歸仁區大潭國小,True,基於原始室內標記
鹿野鄉公所,True,基於原始室內標記
廣林里社區活動中心,True,基於規則推斷 (活動中心通常為室內設施)
臺南市關廟區文和國小,True,基於原始室內標記
內門紫竹寺香客大樓,True,基於原始室內標記
高雄市美濃區廣興國民小學,True,基於規則推斷 (預設為室內 - 安全原則)
高雄市內門區觀亭國民小學,True,基於原始室內標記
高雄市內門區西門國民小學,True,基於原始室內標記
高雄市立內門國民中學,True,基於原始室內標記
華山營區,True,基於原始室內標記
臺南市龍崎區大坪里民活動中心,True,基於原始室內標記
永康村鄉立幼兒園,True,基於原始室內標記
隆昌村辦公處活動中心,True,基於規則推斷 (活動中心通常為室內設施)
臺南市歸仁區沙崙國中,True,基於原始室內標記
臺南市龍崎區牛埔里里民活動中心,True,基於原始室內標記
永安社區活動中心,True,基於原始室內標記
臺南市南區南寧中學,True,基於原始室內標記
臺南市南區灣裡聯合里活動中心,True,基於原始室內標記
臺南市南區省躬國小,True,基於原始室內標記
永昌社區活動中心,True,基於原始室內標記
中正社區活動中心,True,基於原始室內標記
永安國小,True,基於原始室內標記
臺南市關廟區深坑國小,True,基於原始室內標記
鹿野鄉立托兒所,True,基於原始室內標記
南海紫竹寺香客大樓,True,基於原始室內標記
臺南市仁德區臺南都會公園管理中心,True,基於原始室內標記
臺南市仁德區後壁里老人文康活動中心,True,基於原始室內標記
月美社區活動中心,True,基於原始室內標記
臺南市龍崎區龍船里里民活動中心,True,基於原始室內標記
瑞源社區活動中心,True,基於原始室內標記
瑞隆社區活動中心,True,基於原始室內標記
永富社區活動中心景義國小,True,基於原始室內標記
高雄市內門區內門國民小學,True,基於原始室內標記
瑞源國小,True,基於原始室內標記
高雄市杉林區月美國民小學,True,基於原始室內標記
臺南市關廟區五甲國小,True,基於原始室內標記
臺南市關廟社區活動中心,True,基於原始室內標記
大林社區活動中心備用,True,基於原始室內標記
臺南市關廟區關廟國中,True,基於規則推斷 (預設為室內 - 安全原則)
臺南市南區區公所,True,基於原始室內標記
臺南市南區龍崗國小,False,基於原始室外標記
臺南市東區大智里活動中心,True,基於原始室內標記
臺南市歸仁區紅瓦厝國小,True,基於原始室內標記
尚德國小村辦公室,True,基於原始室內標記
臺南市南區永華國小,True,基於原始室內標記
臺南市關廟區關廟國小,True,基於原始室內標記
高雄市杉林區大愛民族國民小學,True,基於原始室內標記
臺南市歸仁區歸南國小,True,基於原始室內標記
臺南市龍崎區民活動中心,True,基於原始室內標記
臺南市立龍崎國民小學,False,基於原始室外標記
臺南市南區明興社區活動中心,True,基於原始室內標記
臺南市龍崎區老人文康活中心,True,基於原始室內標記
大愛活動中心,True,基於原始室內標記
月眉社區活動中心,True,基於原始室內標記
臺南市歸仁區公所,True,基於原始室內標記
臺南市南區開南里活動中心,True,基於原始室內標記
臺南市仁德區仁義里運動公園育樂中心,True,基於原始室內標記
上平社區活動中心,True,基於原始室內標記
臺南市龍崎區龍崎國民中學,True,基於原始室內標記
高雄市立杉林國民中學,True,基於原始室內標記
東河鄉公所2樓大會議室,True,基於規則推斷 (預設為室內 - 安全原則)
臺南市歸仁區歸仁國中,True,基於原始室內標記
臺南市南區白雪社區活動中心,True,基於原始室內標記
臺南市歸仁區歸仁國小,True,基於原始室內標記
武陵村活動中心,True,基於原始室內標記
臺南市歸仁區文化國小,True,基於原始室內標記
臺南市歸仁區歸仁里活動中心,True,基於原始室內標記
臺南市南區大忠大林社區活動中心,True,基於原始室內標記
臺南市仁德區公所,True,基於原始室內標記
瑞源國中,True,基於原始室內標記
臺南市南區府南里活動中心,True,基於原始室內標記
高雄市內門區木柵國民小學,True,基於原始室內標記
臺南市東區崇德里活動中心,True,基於原始室內標記
臺南市南區田寮社區活動中心,True,基於原始室內標記
高雄市杉林區上平國民小學,True,基於原始室內標記
臺南市東區和平里活動中心,True,基於原始室內標記
臺南市南區國宅社區活動中心,True,基於原始室內標記
臺南市關廟區新光國小,True,基於原始室內標記
臺南市安平區漁光里活動中心,True,基於原始室內標記
日光小林社區活動中心,True,基於原始室內標記
永吉社區活動中心,True,基於原始室內標記
臺南市南區新興國中,True,基於原始室內標記
木柵社區活動中心,True,基於原始室內標記
臺南市南區體育公園,False,基於原始室外標記
新豐社區活動中心,True,基於原始室內標記
瑞豐國小,True,基於原始室內標記
臺南市南區大成國中,True,基於原始室內標記
臺南市東區崇學國民小學操場,False,基於原始室外標記
臺南市東區復興里活動中心,True,基於原始室內標記
臺南市東區區公所,True,基於原始室內標記
臺南市東區德光里活動中心,True,基於原始室內標記
臺南市南區台南高商,True,基於原始室內標記
臺南市東區虎尾里活動中心,True,基於原始室內標記
臺南市東區裕聖里活動中心,True,基於原始室內標記
臺南市仁德區太子里活動中心,True,基於原始室內標記
臺南市東區裕文國民小學,True,基於原始室內標記
臺南市東區復興國民小學風雨球場,True,基於原始室內標記
臺南市中西區五妃社區活動中心,True,基於原始室內標記
臺南市東區龍山社區活動中心,True,基於原始室內標記
臺南市東區自強里活動中心,True,基於原始室內標記
臺南市中西區仙草里活動中心,True,基於原始室內標記
臺南市東區富裕里活動中心,True,基於原始室內標記
臺南市中西區中山國中,True,基於原始室內標記
臺南市東區富強里活動中心,True,基於原始室內標記
臺南市安平區億載里活動中心,True,基於原始室內標記
臺南市東區關聖社區活動中心,True,基於原始室內標記
臺南市安平區文平里活動中心,True,基於原始室內標記
臺南市安平區育平里活動中心,True,基於原始室內標記
臺南市東區衛國里活動中心,True,基於原始室內標記
新和社區舊圖書室,True,基於原始室內標記
瑞豐社區活動中心,True,基於原始室內標記
高雄市杉林區新庄國民小學,True,基於原始室內標記
臺南市中西區郡西里活動中心,True,基於原始室內標記
臺南市安平區國平里活動中心,True,基於原始室內標記
臺南市東區後甲南聖里聯合社區活動中心,True,基於原始室內標記
臺南市中西區忠義國小,True,基於原始室內標記
臺南市東區崇誨里活動中心,True,基於原始室內標記
臺南市安平區億載國小-操場,False,基於原始室外標記
臺南市中西區永福小西三民里活動中心,True,基於原始室內標記
臺南市中西區萬昌公正里活動中心,True,基於原始室內標記
臺南市中西區中頭社區活動中心,True,基於原始室內標記
臺南市中西區民生社區活動中心,True,基於原始室內標記
臺南市歸仁區保西國小,True,基於原始室內標記
東寧運動公園,False,基於原始室外標記
臺南市東區大學東寧聯合社區活動中心,True,基於原始室內標記
臺南市中西區青年銀同里活動中心,True,基於原始室內標記
臺南市中西區建國里活動中心,True,基於原始室內標記
高雄市立六龜高級中學,True,基於原始室內標記
高雄市內門區溝坪國民小學,True,基於原始室內標記
臺南市關廟區保東國小,True,基於原始室內標記
臺南市中西區大涼社區活動中心,True,基於原始室內標記
高雄市六龜區龍興國民小學,True,基於規則推斷 (預設為室內 - 安全原則)
臺南市安平區安平國小-風雨球場,True,基於原始室內標記
小馬活動中心 Siao-Ma Community Center,True,基於規則推斷 (活動中心通常為室內設施)
臺南市中西區中正里活動中心,True,基於原始室內標記
臺南市安平區公所,True,基於原始室內標記
臺南市安平區台南聖教會,True,基於原始室內標記
臺南市安平區建平里活動中心,True,基於原始室內標記
臺南市安平區華平里活動中心,True,基於原始室內標記
六龜綜合社會福利服務中心,True,基於原始室內標記
白水泉社區活動中心,True,基於原始室內標記
臺南市安平區沙灘忠誠社區聯合活動中心,True,基於原始室內標記
臺南市中西區民權里活動中心,True,基於原始室內標記
臺南市安平區平通里活動中心,True,基於原始室內標記
臺南市安平區安平國中-安平館,True,基於原始室內標記
泰源活動中心村辦公處,True,基於規則推斷 (活動中心通常為室內設施)
臺南市中西區天后里活動中心,True,基於原始室內標記
高雄市杉林區杉林國民小學,True,基於原始室內標記
臺南市中西區龍盛社區活動中心,True,基於原始室內標記
臺南市安平區天橋教會,True,基於原始室內標記
泰源國小,True,基於規則推斷 (預設為室內 - 安全原則)
臺南市中西區協進國小,True,基於原始室內標記
臺南市永康區復興里活動中心,True,基於原始室內標記
臺南市中西區成功國小,True,基於原始室內標記
六龜社區活動中心,True,基於原始室內標記
新和社區活動中心,True,基於原始室內標記
臺南市安平區平安里活動中心,True,基於原始室內標記
原加拿托兒所,True,基於原始室內標記
臺南市北區區公所,True,基於原始室內標記
臺南市安平區石門國小-操場,False,基於原始室外標記
臺南市北區東興社區活動中心,True,基於原始室內標記
寶山國小,True,基於規則推斷 (預設為室內 - 安全原則)
同安國小,True,基於原始室內標記
臺南市北區公園里活動中心,True,基於原始室內標記
臺南市龍崎區石[石曹]里里民活動中心,True,基於原始室內標記
臺南市北區公園國小,True,基於原始室內標記
臺南市安平區觀音亭,True,基於原始室內標記
杉林社區活動中心,True,基於原始室內標記
中興社區活動中心,True,基於原始室內標記
臺南市安平區開台天后宮,True,基於原始室內標記
臺南市北區立人國小,True,基於原始室內標記
臺南市永康區中華里活動中心,True,基於原始室內標記
臺南市中西區西湖社區活動中心,True,基於原始室內標記
臺南市永康區勝利里活動中心,True,基於原始室內標記
臺南市北區安民社區活動中心,True,基於原始室內標記
臺南市安平區西門國小-多功能教室及普通教室,True,基於原始室內標記
臺南市永康區永康公園,False,基於原始室外標記
臺南市中西區光賢里活動中心,True,基於原始室內標記
臺南市北區裕民社區活動中心,True,基於原始室內標記
金竹社區活動中心,True,基於原始室內標記
臺南市北區重興社區活動中心,True,基於原始室內標記
臺南市北區和順里活動中心,True,基於原始室內標記
臺南市安平區海頭社區活動中心,True,基於原始室內標記
臺南市永康區崑山里活動中心,True,基於原始室內標記
臺南市永康區東灣里活動中心,True,基於原始室內標記
興龍社區活動中心,True,基於原始室內標記
臺南市北區民德國中,True,基於原始室內標記
臺南市北區文賢國中,True,基於原始室內標記
臺南市永康區復國里活動中心,True,基於原始室內標記
關山鎮電光國民小學,True,基於原始室內標記
臺南市永康區中興里活動中心,True,基於原始室內標記
臺南市左鎮區岡林國小,True,基於原始室內標記
臺南市北區賢北國小,True,基於原始室內標記
臺南市北區國姓社區活動中心,True,基於原始室內標記
臺南市北區賢北里活動中心,True,基於原始室內標記
臺南市北區大仁社區活動中心,True,基於原始室內標記
臺南市新化區大坑里活動中心,True,基於原始室內標記
臺南市永康區六合里活動中心,True,基於原始室內標記
高雄市內門區金竹國民小學,True,基於原始室內標記
電光活動中心,True,基於原始室內標記
臺南市北區延平國中,True,基於原始室內標記
臺南市永康區體一運動公園,False,基於原始室外標記
臺南市北區文元文成里聯合活動中心,True,基於原始室內標記
臺南市永康區西灣里活動中心,True,基於原始室內標記
臺南市永康區北灣里活動中心,True,基於原始室內標記
關山鎮月眉國民小學,True,基於原始室內標記
臺南市北區實踐社區活動中心,True,基於原始室內標記
臺南市北區開元國小,True,基於原始室內標記
臺南市安南區海南里活動中心,True,基於原始室內標記
臺南市北區昇平社區活動中心,True,基於原始室內標記
臺南市永康區安康里活動中心,True,基於原始室內標記
臺南市北區文元國小,True,基於原始室內標記
月眉活動中心,True,基於原始室內標記
臺南市永康區復華里活動中心,True,基於原始室內標記
臺南市安南區四草里活動中心,True,基於原始室內標記
臺南市永康區社教中心,True,基於原始室內標記
臺南市南化區東和里活動中心,True,基於原始室內標記
臺南市永康區尚頂里活動中心,True,基於原始室內標記
臺南市永康區東橋里活動中心,True,基於原始室內標記
臺南市永康區大橋里活動中心,True,基於原始室內標記
集來社區活動中心,True,基於原始室內標記
高雄市杉林區集來國民小學,True,基於規則推斷 (預設為室內 - 安全原則)
臺南市永康區新樹里活動中心,True,基於原始室內標記
臺南市永康區甲頂里活動中心,True,基於原始室內標記
臺南市安南區安富里活動中心,True,基於原始室內標記
臺南市永康區公所3樓禮堂,True,基於原始室內標記
臺南市左鎮區光榮國小澄山分校,True,基於原始室內標記
臺南市南化區龍湖寺,True,基於原始室內標記
臺南市永康區探索教育公園,False,基於原始室外標記
"成功鎮信義國民小學 Xin-Yi Elementary School,Chenggon Township",True,基於規則推斷 (預設為室內 - 安全原則)
臺南市安南區海佃國民中學,True,基於原始室內標記
臺南市安南區溪北里活動中心,True,基於原始室內標記
臺南市安南區溪墘里活動中心,True,基於原始室內標記
臺南市永康區永康國民小學,True,基於原始室內標記
都歷活動中心 Du-Li Community Center,True,基於規則推斷 (活動中心通常為室內設施)
臺南市新化區體育公園,False,基於原始室外標記
臺南市安南區安順國中-順中館,True,基於原始室內標記
北源活動中心村辦公處,True,基於規則推斷 (活動中心通常為室內設施)
臺南市永康區龍潭里活動中心,True,基於原始室內標記
高雄市六龜區新發國民小學,True,基於規則推斷 (預設為室內 - 安全原則)
新發社區活動中心,True,基於原始室內標記
臺南市安南區安西里活動中心,True,基於原始室內標記
臺南市新化區保生大帝廟,False,基於原始室外標記
臺南市安南區安東里活動中心,True,基於原始室內標記
慈霖園原木梓國小,True,基於原始室內標記
臺南市安南區理想大安社區活動中心,True,基於原始室內標記
關山鎮老人文康活動中心,True,基於原始室內標記
臺南市安南區?田里活動中心,True,基於原始室內標記
臺南市新化區大新國小大禮堂,True,基於原始室內標記
臺南市新化區新化國中大禮堂,True,基於原始室內標記
臺南市新化區新化果菜市場停車場,False,基於原始室外標記
臺南市安南區海西里活動中心,True,基於原始室內標記
臺南市新化區公所3樓展演廳,True,基於原始室內標記
臺南市新化區新化國小大禮堂,True,基於原始室內標記
臺南大學附屬啟聰學校活動中心,True,基於原始室內標記
臺南市新化區新化高中新民館,True,基於原始室內標記
里?活動中心,True,基於原始室內標記
臺南市安南區安慶里活動中心,True,基於原始室內標記
北源國小,True,基於規則推斷 (預設為室內 - 安全原則)
臺南市永康區埔園里活動中心,True,基於原始室內標記
臺南市永康區鹽行文化會館,True,基於原始室內標記
臺南市新化區唪口順天宮,False,基於原始室外標記
臺南市安南區安慶國民小學,True,基於原始室內標記
臺南市安南區鹿耳門天后宮-公館,True,基於原始室內標記
臺東縣池上鄉萬安國民小學振興分校,True,基於原始室內標記
臺南市南化區老人文康中心,True,基於原始室內標記
靈隱寺備用,True,基於原始室內標記
臺南市永康區鹽洲里活動中心,True,基於原始室內標記
臺南市永康區烏竹里活動中心,True,基於原始室內標記
臺南市安南區媽祖宮社區活動中心,True,基於原始室內標記
新福活動中心,True,基於原始室內標記
臺南市安南區公所,True,基於原始室內標記
中福活動中心,True,基於原始室內標記
臺南市安南區海東國民小學,True,基於原始室內標記
高雄市甲仙區寶隆國民小學（備用）,True,基於原始室內標記
臺南市安南區安南國中-禮堂,True,基於原始室內標記
豐田活動中心 Fong-Tian Community Center,True,基於規則推斷 (活動中心通常為室內設施)
臺南市安南區原佃里活動中心,True,基於原始室內標記
關山鎮關山國民小學,True,基於原始室內標記
元宋太祖宮,True,基於原始室內標記
臺南市永康區王行里活動中心,True,基於原始室內標記
豐泉活動中心,True,基於原始室內標記
關山鎮德高國民小學,True,基於原始室內標記
臺南市安南區梅花里活動中心,True,基於原始室內標記
臺南市南化區中坑里活動中心,True,基於原始室內標記
高雄市桃源區寶山國民小學,True,基於原始室內標記
高雄市桃源區寶山國民小學,True,基於原始室內標記
臺南市左鎮區左鎮國中,True,基於原始室內標記
臺南市左鎮區公所,True,基於原始室內標記
臺南市安南區城西里活動中心,True,基於原始室內標記
臺南市左鎮區老人活動中心,True,基於原始室內標記
臺南市安南區城南里活動中心,True,基於原始室內標記
臺南市安南區東和里活動中心,True,基於原始室內標記
臺南市安南區布袋里活動中心,True,基於原始室內標記
臺南市安南區安佃國民小學,False,基於原始室外標記
臺南市新化區接天寺,True,基於原始室內標記
臺南市左鎮區榮和里活動中心,True,基於原始室內標記
臺南市安南區長安國民小學,True,基於原始室內標記
臺南市安南區和順國民中學,True,基於原始室內標記
臺南市安南區佃東佃西社區活動中心,True,基於原始室內標記
臺南市安南區土城國民小學,True,基於規則推斷 (預設為室內 - 安全原則)
臺南市安南區正統鹿耳門土城聖母廟,True,基於原始室內標記
臺南市安南區和順國民小學,True,基於原始室內標記
臺南市安南區城東里活動中心,True,基於原始室內標記
臺南市南化區茅埔活動中心,True,基於原始室內標記
臺南市新化區那拔國小操場,False,基於原始室外標記
臺南市安南區州北里活動中心,True,基於原始室內標記
臺南市安南區塭南里活動中心,True,基於原始室內標記
荖濃社區活動中心,True,基於原始室內標記
臺南市安南區南興國民小學,True,基於原始室內標記
德高活動中心,True,基於原始室內標記
臺南市新市區文康育樂中心,True,基於原始室內標記
臺南市南化區玉山里活動中心,True,基於原始室內標記
臺南市安南區青草里活動中心,True,基於原始室內標記
臺南市新市區老人文康活動中心,True,基於原始室內標記
臺南市安南區青草國民小學,True,基於原始室內標記
臺南市山上區豐德里活動中心,True,基於原始室內標記
臺南市南化區北寮里活動中心,True,基於原始室內標記
大田老人活動中心（備用）,True,基於原始室內標記
臺南市安南區學東國民小學,False,基於原始室外標記
臺南市新市區公所三樓大禮堂,True,基於原始室內標記
臺南市新市區新市國小學生活動中心,True,基於原始室內標記
臺南市安南區學東里活動中心,True,基於原始室內標記
臺南市安南區砂崙里活動中心,True,基於原始室內標記
臺南市安定區南興國小,True,基於原始室內標記
臺南市安定區南興國小,True,基於原始室內標記
高雄市立甲仙國民中學（備用）,True,基於原始室內標記
富興村辦公處,True,基於原始室內標記
高雄市甲仙區甲仙國民小學備用,True,基於規則推斷 (預設為室內 - 安全原則)
臺南市新市區新市國中育樂堂,True,基於原始室內標記
臺南市新市區新市國中操場,False,基於原始室外標記
臺南市安定區大同社區活動中心,True,基於原始室內標記
甲仙和安社區活動中心備用,True,基於原始室內標記
臺南市西港區新復里活動中心,True,基於原始室內標記
龍鳳寺,True,基於原始室內標記
臺南市新市區大社國小育賢三樓〈學生活動中心）,True,基於原始室內標記
臺南市山上區平陽里活動中心,True,基於原始室內標記
麒麟活動中心 Chi-Lin Community Center,True,基於規則推斷 (活動中心通常為室內設施)
臺南市安定區複合式運動場四周及南安小操場,False,基於原始室外標記
臺南市安定區複合式運動場四周及南安小操場,False,基於原始室外標記
臺南市七股區十份里漁民活動中心,True,基於原始室內標記
萬安村辦公處,True,基於原始室內標記
臺南市七股區永吉里多功能活動中心,True,基於原始室內標記
臺南市安定區海寮社區活動中心,True,基於原始室內標記
臺南市安定區南安國小,True,基於原始室內標記
臺南市山上區新莊里大庄活動中心,True,基於原始室內標記
錦園村辦公處,True,基於原始室內標記
臺南市七股區三股社區活動中心,True,基於原始室內標記
海端鄉立托兒所Haiduan Nursery School,True,基於原始室內標記
臺南市山上區國民小學,True,基於原始室內標記
臺南市山上區南洲里農民教育活動中心,True,基於原始室內標記
臺南市七股區義合里多功能活動中心,True,基於原始室內標記
海端國小Haiduan Elementary School,True,基於原始室內標記
"成功鎮新港國民中學 Hsin-kang Junior High School, Chenggon Township",True,基於規則推斷 (預設為室內 - 安全原則)
臺南市山上區山上里農民教育活動中心,True,基於原始室內標記
臺南市山上區玉?里活動中心,True,基於原始室內標記
海端鄉公所Haiduan Township Office,True,基於原始室內標記
臺南市七股區三股國小操場,False,基於原始室外標記
三民里活動中心 San-Min Community Center,True,基於規則推斷 (活動中心通常為室內設施)
臺南市七股區竹橋里多功能活動中心,True,基於原始室內標記
臺南市山上區山上國民中學,True,基於原始室內標記
臺南市安定區南安社區活動中心,True,基於原始室內標記
臺南市安定區港尾社區活動中心,True,基於原始室內標記
臺南市西港區成功國小,True,基於原始室內標記
行政院國軍退除役官兵輔導委員會佳里榮譽國民之家,True,基於原始室內標記
三民里第2市場 San-Min Second Market,True,基於規則推斷 (預設為室內 - 安全原則)
國立成功商業水產職業學校,True,基於規則推斷 (學校建築通常為室內)
忠智里活動中心 Jhong-Jhi Community Center,True,基於規則推斷 (活動中心通常為室內設施)
高雄市桃源區建山國民小學,True,基於原始室內標記
臺南市玉井區望明里活動中心,True,基於原始室內標記
新興村辦公處,True,基於原始室內標記
建山社區活動中心,True,基於原始室內標記
臺南市山上區明和里活動中心,True,基於原始室內標記
臺南市西港區廣興宮,True,基於原始室內標記
寶來社區活動中心,True,基於原始室內標記
高雄市六龜區寶來國民小學,True,基於規則推斷 (預設為室內 - 安全原則)
高雄市立寶來國民中學,True,基於規則推斷 (預設為室內 - 安全原則)
臺南市七股區樹林國小操場,False,基於原始室外標記
臺南市玉井區沙田里活動中心,True,基於原始室內標記
關山社區活動中心,True,基於原始室內標記
臺南市七股區樹林社區活動中心,True,基於原始室內標記
臺南市安定區安定國中操場,False,基於原始室外標記
臺南市七股區竹港社區活動中心,True,基於原始室內標記
臺南市安定區圖書館,True,基於原始室內標記
臺東縣立池上國民中學,True,基於原始室內標記
臺東縣池上鄉萬安國民小學,True,基於原始室內標記
臺南市大內區曲溪社區活動中心,True,基於原始室內標記
臺南市安定區體育運動公園（防災公園）,False,基於原始室外標記
臺南市安定區體育運動公園（防災公園）,False,基於原始室外標記
臺南市大內區大內國小,True,基於原始室內標記
臺南市西港區老人文康活動中心,True,基於原始室內標記
臺南市安定區安定國中,True,基於原始室內標記
臺南市安定區老人文康活動中心,True,基於原始室內標記
大埔村辦公處,True,基於原始室內標記
臺南市玉井區玉井國小,True,基於原始室內標記
臺南市西港區慶安社區活動中心,True,基於原始室內標記
臺南市西港區港東里活動中心,True,基於原始室內標記
臺南市安定區公所,True,基於原始室內標記
臺南市大內區大內國中,True,基於原始室內標記
臺南市大內區石子瀨社區活動中心,True,基於原始室內標記
臺南市大內區二溪社區活動中心,True,基於原始室內標記
池上鄉公所,True,基於原始室內標記
臺南市善化區小新社區活動中心,True,基於原始室內標記
臺南市安定區安定國小操場,False,基於原始室外標記
臺南市玉井區綜合體育館,True,基於原始室內標記
大坡村辦公處,True,基於原始室內標記
臺南市玉井區玉井國中,True,基於原始室內標記
臺南市玉井區公所二樓,True,基於原始室內標記
臺南市西港區西港國中,True,基於原始室內標記
米鄉-池上文化館,True,基於原始室內標記
臺南市西港區慶安宮,True,基於原始室內標記
臺南市西港區私立港明中學,True,基於原始室內標記
臺南市玉井區豐里里活動中心,True,基於原始室內標記
高台真耶穌教會 Gao-Tai Jesus Church,True,基於規則推斷 (預設為室內 - 安全原則)
臺南市善化區小新國小,True,基於原始室內標記
臺南市佳里區塭內國小,False,基於原始室外標記
臺東縣池上鄉福原國民小學,True,基於原始室內標記
臺東縣池上鄉大坡國民小學,True,基於原始室內標記
慶豐村辦公處,True,基於原始室內標記
臺南市佳里區蚶寮社區活動中心,True,基於原始室內標記
福文村辦公處,True,基於原始室內標記
臺南市善化區文昌社區活動中心,True,基於原始室內標記
臺南市七股區溪南里漁民活動中心,True,基於原始室內標記
臺南市善化區大成國小,True,基於原始室內標記
高雄市桃源區興中國民小學,True,基於原始室內標記
高中社區活動中心,True,基於原始室內標記
高雄市桃源區興中國民小學,True,基於原始室內標記
三仙真耶穌教會 San-Xian True Jesus Church,True,基於規則推斷 (預設為室內 - 安全原則)
臺南市玉井區清芳社區活動中心,True,基於原始室內標記
陸安聚會所,True,基於原始室內標記
臺南市七股區七股社區活動中心,True,基於原始室內標記
臺南市善化區善化國小,True,基於原始室內標記
臺南市善化區文正社區活動中心,True,基於原始室內標記
臺南市七股區玉成社區活動中心,True,基於原始室內標記
臺南市七股區龍山里漁民活動中心,True,基於原始室內標記
臺南市善化區文康育樂中心,True,基於原始室內標記
臺南市善化區茄拔國小,True,基於原始室內標記
臺南市善化區牛庄里活動中心,True,基於原始室內標記
臺南市善化區老人文康活動中心,True,基於原始室內標記
臺南市善化區老人文康活動中心,True,基於原始室內標記
臺南市七股區七股國小,True,基於原始室內標記
臺南市西港區永樂里活動中心,True,基於原始室內標記
臺南市七股區私立昭明國中,True,基於原始室內標記
臺南市善化區陽明國小,True,基於原始室內標記
臺南市大內區頭社社區活動中心,True,基於原始室內標記
豐南社區活動中心,True,基於原始室內標記
臺南市佳里區通興國小,True,基於原始室內標記
臺南市大內區環湖社區活動中心,True,基於原始室內標記
臺南市七股區大埕里漁民活動中心,True,基於原始室內標記
臺南市善化區胡家里活動中心,True,基於原始室內標記
高雄市甲仙區小林國民小學備用,True,基於規則推斷 (預設為室內 - 安全原則)
臺南市七股區?榔里多功能活動中心,True,基於原始室內標記
臺南市七股區大寮社區活動中心,True,基於原始室內標記
小林社區活動中心備用,True,基於原始室內標記
臺南市七股區鹽埕社區活動中心,True,基於原始室內標記
臺南市善化區溪美社區活動中心,True,基於原始室內標記
臺南市佳里區仁愛國小,True,基於原始室內標記
臺南市善化區田寮里活動中心,True,基於原始室內標記
臺南市七股區中寮社區活動中心,True,基於原始室內標記
臺南市七股區城內里活動中心,True,基於原始室內標記
臺南市善化區六德里活動中心,True,基於原始室內標記
臺南市善化區大同國小,True,基於原始室內標記
臺南市西港區圖書館,True,基於原始室內標記
臺南市西港區後營國小金砂分校,True,基於原始室內標記
"成功鎮忠孝國民小學 Jhong-Hsiao Elementary School, Chenggon Township",True,基於規則推斷 (預設為室內 - 安全原則)
小港活動中心 Siao-Gang Community Center,True,基於規則推斷 (活動中心通常為室內設施)
臺南市佳里區佳里國中,True,基於原始室內標記
臺南市七股區篤加社區活動中心,True,基於原始室內標記
臺南市佳里區信義國小,True,基於原始室內標記
高雄市桃源區桃源國民小學,True,基於原始室內標記
桃源文物館,True,基於原始室內標記
玉寶宮,True,基於原始室內標記
臺南市麻豆區太子宮預備,True,基於原始室內標記
臺南市佳里區六里活動中心,True,基於原始室內標記
臺南市佳里區佳里國小,True,基於原始室內標記
坪林國小坪?分校〈音樂教室.綜合教室.籃球場〉,True,基於規則推斷 (預設為室內 - 安全原則)
原霧鹿托兒所,True,基於原始室內標記
臺南市佳里區北門高中,True,基於原始室內標記
霧鹿國小Wulu Elementary School,True,基於原始室內標記
臺南市七股區西寮社區活動中心,True,基於原始室內標記
臺南市官田區渡拔國小,True,基於原始室內標記
永豐社區活動中心,True,基於原始室內標記
高雄市立桃源國民中學,True,基於原始室內標記
勤和活動中心,True,基於原始室內標記
臺南市南化區關山里活動中心,True,基於原始室內標記
臺南市南化區瑞峰國小,True,基於原始室內標記
臺南市佳里區子龍國小,True,基於原始室內標記
臺南市楠西區公所,True,基於原始室內標記
臺南市楠西區楠西國小,True,基於原始室內標記
富里老人文康中心,True,基於原始室內標記
臺南市佳里區北門農工,True,基於原始室內標記
臺南市麻豆區龍泉社區活動中心預備,True,基於原始室內標記
石平社區活動中心,True,基於原始室內標記
臺南市佳里區延平國小,True,基於原始室內標記
富里鄉公所2樓,True,基於原始室內標記
臺南市楠西區老人文康活動中心,True,基於原始室內標記
臺南市七股區頂山里漁民活動中心,True,基於原始室內標記
臺南市官田區社子社區活動中心,True,基於原始室內標記
臺南市楠西區玄空法寺,True,基於原始室內標記
臺南市楠西區楠西國中,True,基於原始室內標記
臺南市佳里區佳興國中,True,基於原始室內標記
麻豆國中學生活動中心,True,基於原始室內標記
臺南市麻豆區公所3樓預備,True,基於原始室內標記
臺南市麻豆區台灣首府大學圖資大樓6樓預備,True,基於原始室內標記
臺南市官田區官田社區活動中心,True,基於原始室內標記
國立曾文高級農工職業學校操場室外避難處所,False,基於原始室外標記
臺南市佳里區興化社區活動中心,True,基於原始室內標記
臺南市七股區後港國小操場,False,基於原始室外標記
臺南市七股區後港國中操場,False,基於原始室外標記
臺南市七股區大潭里漁民活動中心,True,基於原始室內標記
臺南市官田區東西庄社區活動中心,True,基於原始室內標記
臺南市官田區官田國民中學,True,基於原始室內標記
臺南市佳里區佳興國小,True,基於原始室內標記
臺南市將軍區朝天宮,True,基於原始室內標記
臺南市麻豆區代天府總站,True,基於原始室內標記
臺南市官田區大崎社區活動中心,True,基於原始室內標記
臺南市官田區隆田國小活動中心,True,基於原始室內標記
基督長老教會The Presbyterian Church（博愛教會 Bo-ai Church）,True,基於規則推斷 (預設為室內 - 安全原則)
石牌社區活動中心,True,基於原始室內標記
臺南市官田區體育公園,False,基於原始室外標記
臺南市官田區隆本里活動中心,True,基於原始室內標記
臺南市將軍區漚汪國小,True,基於原始室內標記
臺南市將軍區漚汪國小,True,基於原始室內標記
臺南市佳里區營頂社區活動中心,True,基於原始室內標記
明里社區活動中心,True,基於原始室內標記
臺南市將軍區老人文康活動中心,True,基於原始室內標記
臺南市將軍區老人文康活動中心,True,基於原始室內標記
羅山縱管處,True,基於原始室內標記
臺南市麻豆區海埔池王府預備,True,基於原始室內標記
臺南市麻豆區港尾社區活動中心預備,True,基於原始室內標記
臺南市佳里區溪州社區活動中心,True,基於原始室內標記
臺南市將軍區將軍國中,True,基於原始室內標記
臺南市將軍區將軍國中,True,基於原始室內標記
臺南市將軍區三吉社區活動中心,True,基於原始室內標記
臺南市下營區老人休閒活動中心,True,基於原始室內標記
宜灣天主堂Yi-Wan Catholic Church,True,基於規則推斷 (預設為室內 - 安全原則)
臺南市將軍區玉山社區活動中心,True,基於原始室內標記
臺南市官田區南?里活動中心,True,基於原始室內標記
臺南市下營區中營國小活動中心,True,基於原始室內標記
臺南市將軍區將軍國小,True,基於原始室內標記
臺南市將軍區將軍國小,True,基於原始室內標記
臺南市官田區二鎮社區活動中心,True,基於原始室內標記
民族平台避難屋,True,基於原始室內標記
臺南市六甲區嘉南國民小學,True,基於原始室內標記
臺南市將軍區苓保社區活動中心,True,基於原始室內標記
台灣基督長老教會南布中會復興教會,True,基於原始室內標記
高雄市桃源區樟山國民小學復興分校,True,基於原始室內標記
臺南市下營區中營開化社區活動中心,True,基於原始室內標記
臺南市將軍區馬沙溝濱海活動中心,True,基於原始室內標記
財團法人基督復臨安息日教會台灣區復興教會,True,基於原始室內標記
臺南市六甲區大丘里活動中心,True,基於原始室內標記
古風國小,True,基於原始室內標記
臺南市將軍區苓和國小,True,基於原始室內標記
臺南市將軍區苓和國小,True,基於原始室內標記
臺南市下營區中營地區民眾活動中心,True,基於原始室內標記
崙天社區活動中心,True,基於原始室內標記
臺南市將軍區苓和社區活動中心,True,基於原始室內標記
臺南市將軍區廣安宮,True,基於原始室內標記
臺南市六甲區七甲龍湖聯合多功能活動中心,True,基於原始室內標記
臺南市將軍區北埔社區活動中心,True,基於原始室內標記
膽曼社區活動中心,True,基於原始室內標記
臺南市將軍區巷口社區活動中心,True,基於原始室內標記
臺南市六甲區六甲國小,True,基於原始室內標記
新興竹田聯合社區活動中心,True,基於原始室內標記
臺南市六甲區王爺里活動中心,True,基於原始室內標記
臺南市六甲區甲南里活動中心,True,基於原始室內標記
臺南市六甲區六甲國中,True,基於原始室內標記
臺南市六甲區二甲里活動中心,True,基於原始室內標記
臺南市學甲區東陽國小活動中心,True,基於原始室內標記
臺南市六甲區六甲里活動中心,True,基於原始室內標記
學甲區綜合體育館,True,基於原始室內標記
臺南市學甲藝文展示館,True,基於原始室內標記
臺南市學甲區公所,True,基於原始室內標記
臺南市學甲區慈福里活動中心,True,基於原始室內標記
臺南市六甲區甲東里活動中心,True,基於原始室內標記
臺南市六甲區公所,True,基於原始室內標記
臺南市六甲區多功能運動公園,False,基於原始室外標記
臺南市下營區下營國小活動中心,True,基於原始室內標記
臺南市學甲區慈濟宮,True,基於原始室內標記
臺南市六甲區水林里活動中心,True,基於原始室內標記
臺南市下營區大屯社區活動中心,True,基於原始室內標記
臺南市下營區下營上帝廟,True,基於原始室內標記
烏石鼻社區活動中心,True,基於原始室內標記
臺南市六甲區菁埔里活動中心,True,基於原始室內標記
臺南市六甲區中社里活動中心,True,基於原始室內標記
臺南市學甲區學甲國小體育館,True,基於原始室內標記
臺南市北門區東隆宮,True,基於原始室內標記
臺南市下營區下營國中活動中心,True,基於原始室內標記
臺南市六甲區林鳳國小,True,基於原始室內標記
拉芙蘭里活動中心,True,基於原始室內標記
臺南市下營區下營地區民眾活動中心,True,基於原始室內標記
寧埔國民小學,True,基於原始室內標記
長濱聯合村辦公處,True,基於原始室內標記
寧埔社區活動中心,True,基於原始室內標記
竹湖國民小學,True,基於原始室內標記
樟原國民小學,True,基於原始室內標記
臺南市學甲區中洲國小禮堂,True,基於原始室內標記
臺南市下營區紅厝社區活動中心,True,基於原始室內標記
光榮社區活動中心,True,基於原始室內標記
高雄市那瑪夏區民權國民小學,True,基於原始室內標記
西興村活動中心,True,基於原始室內標記
臺南市六甲區龜港里活動中心,True,基於原始室內標記
臺南市下營區甲中里活動中心,True,基於原始室內標記
萬寧社區活動中心,True,基於原始室內標記
高雄市桃源區樟山國民小學,True,基於原始室內標記
八桑安社區社活動中心,True,基於原始室內標記
臺南市下營區賀建國小活動中心,True,基於原始室內標記
臺南市鹽水區?頭港國小,False,基於原始室外標記
臺南市柳營區果毅後多功活動中心廣場,False,基於原始室外標記
臺南市柳營區果毅後多功活動中心,True,基於原始室內標記
臺南市柳營區果毅國小運動場,False,基於原始室外標記
臺南市新營區新橋國民小學,True,基於原始室內標記
馬舒霍爾文化聚會所,True,基於原始室內標記
臺南市東山區水雲活動中心,True,基於原始室內標記
臺南市柳營區柳營國小運動場,False,基於原始室外標記
臺南市鹽水區竹埔國小,False,基於原始室外標記
東里社區活動中心,True,基於原始室內標記
臺南市北門區永隆宮,True,基於原始室內標記
臺南市北門區老人文康活動中心,True,基於原始室內標記
劉厝社區活動中心,True,基於規則推斷 (活動中心通常為室內設施)
臺南市新營區新生國民小學,True,基於原始室內標記
民生國民中學,True,基於原始室內標記
臺南市東山區南溪活動中心,True,基於原始室內標記
南竹湖社活動中心,True,基於原始室內標記
長良社區活動中心,True,基於原始室內標記
臺南市柳營區圖書館,True,基於原始室內標記
臺南市柳營區公所,True,基於原始室內標記
臺南市柳營區柳營聯合活動中心,True,基於原始室內標記
臺南市柳營區聯合活動中心廣場,False,基於原始室外標記
清水社區活動中心,True,基於原始室內標記
吳江社區活動中心,True,基於原始室內標記
臺南市東山區青山活動中心,True,基於原始室內標記
臺南市柳營區柳營國中運動場,False,基於原始室外標記
大光教會,True,基於原始室內標記
臺南市東山區高原活動中心,True,基於原始室內標記
竹湖活動中心,True,基於原始室內標記
臺南市東山區東原老人活動中心,True,基於原始室內標記
大溪社區活動中心,True,基於規則推斷 (活動中心通常為室內設施)
臺南市柳營區重溪國小運動場,False,基於原始室外標記
臺南市北門區保安宮,True,基於原始室內標記
臺南市北門區南鯤鯓代天府,True,基於原始室內標記
臺南市新營區新興國民小學,True,基於原始室內標記
斑芝花高爾夫俱樂部,True,基於原始室內標記
臺南市柳營區小腳腿多功活動中心廣場,False,基於原始室外標記
臺南市柳營區小腳腿多功活動中心,True,基於原始室內標記
臺南市柳營區太康國小運動場,False,基於原始室外標記
臺南市新營區太子國民中學,True,基於原始室內標記
臺南市鹽水區歡雅國小,True,基於原始室內標記
大埔國中小國中室內,True,基於原始室內標記
大埔國中小國中室外,False,基於原始室外標記
大埔國中小坪林分校-室內,True,基於原始室內標記
茄苳活動中心,True,基於原始室內標記
大埔國中小國小室內,True,基於原始室內標記
大埔國中小國小室外,False,基於原始室外標記
臺南市東山區東河活動中心,True,基於原始室內標記
大埔圖書館,True,基於原始室內標記
臺南市新營區太子爺廟香客大樓,True,基於原始室內標記
卓樂社區活動中心,True,基於原始室內標記
永福社區活動中心,True,基於原始室內標記
茶山國小室內,True,基於原始室內標記
大埔零售公有市場,True,基於原始室內標記
臺南市新營區南梓國民小學,True,基於原始室內標記
北極殿,True,基於原始室內標記
臺南市鹽水區仁光國小,True,基於原始室內標記
臺南市新營區公誠國民小學,True,基於原始室內標記
臺南市新營區新民國民小學,True,基於原始室內標記
臺南市新營區新營國民小學,True,基於原始室內標記
過路國小-室內,True,基於原始室內標記
過路國小-室外,False,基於原始室外標記
和順國小-室外,False,基於原始室外標記
田組真耶穌教會,True,基於原始室內標記
臺南市新營區大宏王公社區活動中心,True,基於原始室內標記
臺南市新營區南新國民中學,True,基於原始室內標記
河東國小六溪分校,True,基於原始室內標記
臺南市東山區聖賢里頂田活動中心,True,基於原始室內標記
臺南市新營區公所,True,基於原始室內標記
長濱國中,True,基於原始室內標記
臺南市新營區新進國民小學,True,基於原始室內標記
埔頂集會所,True,基於原始室內標記
臺南市新營區新泰國民小學,True,基於原始室內標記
臺南市東山區東山國中,True,基於原始室內標記
臺南市鹽水區月津國小,True,基於原始室內標記
臺南市東山區北勢寮泉福宮,True,基於原始室內標記
臺南市鹽水區老人文康中心,True,基於原始室內標記
樂合社區活動中心,True,基於原始室內標記
臺南市鹽水區公所,True,基於原始室內標記
臺南市新營區土庫國民小學,False,基於原始室外標記
臺南市鹽水區鹽水國中,True,基於原始室內標記
源城社區活動中心,True,基於原始室內標記
臺南市鹽水區鹽水國小,True,基於原始室內標記
臺南市東山區東山國小,True,基於原始室內標記
臺南市東山區碧軒寺,True,基於原始室內標記
真柄社區活動中心,True,基於原始室內標記
玉里慈惠堂,True,基於原始室內標記
臺南市後壁區福安社區活動中心,True,基於原始室內標記
長光社區活動中心,True,基於原始室內標記
臺南市鹽水區岸內國小,True,基於原始室內標記
新塭國小-室內,True,基於原始室內標記
新塭國小-室外,False,基於原始室外標記
仙草國小關嶺分校,False,基於原始室外標記
忠勇國小,True,基於原始室內標記
臺南市後壁區長安社區活動中心,True,基於原始室內標記
臺南市後壁區頂安社區活動中心,True,基於原始室內標記
義竹鄉老人文康中心,True,基於原始室內標記
臺南市後壁區烏樹社區活動中心,True,基於原始室內標記
中正堂,True,基於原始室內標記
義竹鄉修緣禪寺,True,基於原始室內標記
大林社區活動中心,True,基於原始室內標記
義竹慈化寺,True,基於原始室內標記
義竹國小中正堂,False,基於原始室外標記
義竹國小-室外,False,基於原始室外標記
南興國小東華分校-室內,True,基於原始室內標記
南興國小東華分校-室外,False,基於原始室外標記
南寮土地公廟前廣場,False,基於原始室外標記
好美國小-室外,False,基於原始室外標記
好美國小-室內,True,基於原始室內標記
臺南市後壁區新東長老基督教會,True,基於原始室內標記
新美國小室內,True,基於原始室內標記
東豐社區活動中心,True,基於原始室內標記
南興國小-室外,False,基於原始室外標記
新岑社區活動中心,True,基於原始室內標記
臺南市後壁區新厝活動中心,True,基於原始室內標記
義竹國中-室外,False,基於原始室外標記
新岑國小-室外,False,基於原始室外標記
臺南市後壁區竹新社區活動中心,True,基於原始室內標記
仙草國小,True,基於原始室內標記
河東國小,True,基於原始室內標記
臺南市後壁區新嘉國小,True,基於原始室內標記
仙草社區活動中心,True,基於原始室內標記
河東農村社區活動中心,True,基於原始室內標記
卓溪多功能活動中心,True,基於原始室內標記
臺南市後壁區嘉苳社區活動中心,True,基於原始室內標記
白河區公所,True,基於原始室內標記
白河國小,True,基於原始室內標記
白河商工,True,基於原始室內標記
臺南市後壁區仕安社區活動中心,True,基於原始室內標記
長濱鄉老人會館,True,基於規則推斷 (預設為室內 - 安全原則)
三間國民小學,True,基於原始室內標記
中山藤寮分校童軍營區前排教室-室內,True,基於原始室內標記
大埔國小永興分校舊校址-室內,True,基於原始室內標記
布袋國中-室內,True,基於原始室內標記
布袋國中-室外,False,基於原始室外標記
白河國中,True,基於原始室內標記
社口國小 室外,True,基於原始室內標記
臺南市後壁區平安社區活動中心,True,基於原始室內標記
臺南市後壁區公所總站,True,基於原始室內標記
臺南市後壁區頂長社區活動中心,True,基於原始室內標記
西平社區活動中心,True,基於規則推斷 (活動中心通常為室內設施)
香田國小,True,基於規則推斷 (預設為室內 - 安全原則)
中西社區活動中心,True,基於規則推斷 (活動中心通常為室內設施)
廣興國小,True,基於規則推斷 (預設為室內 - 安全原則)
老人文康活動中心,True,基於規則推斷 (活動中心通常為室內設施)
臺南市後壁區後壁侯伯社區活動中心,True,基於原始室內標記
大竹國小,True,基於原始室內標記
頂六國小活動中心-室內,True,基於原始室內標記
中埔國小-室外,False,基於原始室外標記
中埔國中活動中心-室內,True,基於原始室內標記
臺南市後壁區新嘉社區活動中心,True,基於原始室內標記
臺南市後壁區新東國小,True,基於原始室內標記
臺南市後壁區土溝社區活動中心,True,基於原始室內標記
下潭國小室外,False,基於原始室外標記
隙頂國小草山分校舊校址-室內,True,基於原始室內標記
下潭社區活動中心,True,基於原始室內標記
竹門國小,True,基於原始室內標記
九江社區活動中心,True,基於原始室內標記
臺南市後壁區菁寮墨林社區活動中心,True,基於原始室內標記
臺南市後壁區菁寮國小,True,基於原始室內標記
布新國小-室內,True,基於原始室內標記
臺南市後壁區菁豐社區活動中心,True,基於原始室內標記
布新國小-室外,True,基於規則推斷 (預設為室內 - 安全原則)
光榮國小-室內,True,基於原始室內標記
光榮國小-室外,False,基於原始室外標記
玉豐國小,True,基於原始室內標記
大禹社區活動中心,True,基於原始室內標記
臺南市後壁區德馨宮,True,基於原始室內標記
中埔國小活動中心-室內,True,基於原始室內標記
同仁國小 室外,False,基於原始室外標記
臺南市後壁區崁頂社區活動中心,True,基於原始室內標記
布袋鎮立幼兒園,True,基於原始室內標記
見龍社區活動中心,True,基於原始室內標記
布袋國小-室內,True,基於原始室內標記
布袋國小-室外,False,基於原始室外標記
景山國小-室外,False,基於原始室外標記
山美國小室內,True,基於原始室內標記
碧潭社區活動中心,True,基於原始室內標記
臺南市後壁區後?社區活動中心,True,基於原始室內標記
碧潭國小室外,False,基於原始室外標記
臺南市後壁區嘉田嘉民社區活動中心,True,基於原始室內標記
沄水社區活動中心,True,基於原始室內標記
重寮國小室外,False,基於原始室外標記
觀音社區活動中心,True,基於原始室內標記
灣潭國小 室外,True,基於原始室內標記
內角國小,True,基於原始室內標記
瑞豐社區活動中心,True,基於原始室內標記
圓山托兒所,True,基於原始室內標記
和睦國小 室外,False,基於原始室外標記
和興國小-室外,False,基於原始室外標記
重寮社區活動中心,True,基於原始室內標記
後堀社區活動中心,True,基於原始室內標記
達邦國小里佳分校室內,True,基於原始室內標記
太平國小,True,基於原始室內標記
太平社區活動中心,True,基於原始室內標記
和美社區活動中心,True,基於原始室內標記
梅華活動中心,True,基於原始室內標記
鹿草國中室外,False,基於原始室外標記
鹿草國中室內,True,基於原始室內標記
同仁社區活動中心,True,基於原始室內標記
南靖國小-室外,False,基於原始室外標記
松梅國小[室外],False,基於原始室外標記
鹿草國小室外,False,基於原始室外標記
隆興社區活動中心,True,基於原始室內標記
和興國小圖書館-室內,True,基於原始室內標記
義興村活動中心,True,基於原始室內標記
義興國小-室外,False,基於原始室外標記
過溝國小-室內,False,基於原始室外標記
貴林國小-室外,False,基於原始室外標記
過溝多功能活動中心,True,基於原始室內標記
龍門社區活動中心,True,基於原始室內標記
社口國小禮堂-室內,True,基於原始室內標記
大有國小圖書館-室內,True,基於原始室內標記
東興社區活動中心,False,基於原始室外標記
灣潭國小視聽教室-室內,True,基於原始室內標記
中庄村活動中心,True,基於原始室內標記
中埔國中-室外,False,基於原始室外標記
溪洲村活動中心,True,基於原始室內標記
忠和國中-室外,False,基於原始室外標記
中埔鄉公所,True,基於原始室內標記
忠和國小-室外,False,基於原始室外標記
水上國中-室外,False,基於原始室外標記
同仁國小-室內,True,基於原始室內標記
社口社區活動中心,True,基於原始室內標記
水上鄉公所三樓,True,基於原始室內標記
水上國小-室外,False,基於原始室外標記
中山國小視聽教室-室內,True,基於原始室內標記
松浦社區活動中心,True,基於原始室內標記
隙頂國小-室外,False,基於原始室外標記
隙頂國民小學-室內,True,基於原始室內標記
裕民社區活動中心,True,基於原始室內標記
成功國小-室外,False,基於原始室外標記
三民社區活動中心,True,基於原始室內標記
竹村國小[室外],False,基於原始室外標記
柳林國小-室外,False,基於原始室外標記
網寮國小-室內,True,基於原始室內標記
網寮國小-室外,False,基於原始室外標記
龍崗國小-室內,True,基於原始室內標記
龍崗國小-室外,False,基於原始室外標記
古楓社區活動中心,True,基於原始室內標記
立山社區活動中心,True,基於原始室內標記
深坑社區活動中心,True,基於原始室內標記
塭仔村圓明寺,True,基於原始室內標記
大埔國小永興分校-室外,True,基於原始室內標記
龍隱寺-室外,False,基於原始室外標記
崁前活動中心,True,基於原始室內標記
頂埔社區活動中心,True,基於原始室內標記
崙山國小,True,基於原始室內標記
崙山社區活動中心,True,基於原始室內標記
和興社區活動中心,True,基於原始室內標記
金蘭社區活動中心,True,基於原始室內標記
永慶高中[室外],True,基於原始室內標記
公田社區活動中心,True,基於原始室內標記
和睦社區活動中心,True,基於原始室內標記
石?社區活動中心,True,基於原始室內標記
嘉義市垃圾焚化廠,True,基於規則推斷 (預設為室內 - 安全原則)
大崙國小-室外,False,基於原始室外標記
義仁社區活動中心,True,基於原始室內標記
春珠社區活動中心,True,基於原始室內標記
三和公園活動中心,True,基於原始室內標記
大有國小-室外,False,基於原始室外標記
中山國小 室外,False,基於原始室外標記
灣潭社區活動中心,True,基於原始室內標記
逐鹿社區活動中心,True,基於原始室內標記
洲仔代天府,True,基於原始室內標記
頂六國小-室外,False,基於原始室外標記
和睦國小綜合教室-室內,True,基於原始室內標記
十字村活動中心,True,基於原始室內標記
達邦國小室內,True,基於原始室內標記
鴿溪寮活動中心,True,基於原始室內標記
興化?社區活動中心,True,基於原始室內標記
大鄉國小[室外],False,基於原始室外標記
民和社區活動中心,True,基於原始室內標記
北回國小-室外,False,基於原始室外標記
福濟宮,False,基於原始室外標記
太保國中[室外],True,基於規則推斷 (預設為室內 - 安全原則)
田尾社區活動中心,True,基於原始室內標記
太保國小[室外],False,基於原始室外標記
春日社區活動中心,True,基於原始室內標記
後潭社區發展協會,True,基於原始室內標記
奉天宮濟公廟,True,基於原始室內標記
慈玄宮,True,基於原始室內標記
祥和國小[室外],False,基於原始室外標記
新福社區活動中心,True,基於原始室內標記
東石鄉老人文康中心,True,基於原始室內標記
大鄉活動中心,True,基於原始室內標記
崙頂里集會所,True,基於原始室內標記
蘇厝活動中心,True,基於原始室內標記
東石鄉公所,True,基於原始室內標記
安東國小[室內],True,基於原始室內標記
安東國小[室外],False,基於原始室外標記
興安國民小學,False,基於原始室外標記
舞鶴社區活動中心,True,基於原始室內標記
安仁社區活動中心,True,基於原始室內標記
光路社區活動中心,True,基於原始室內標記
大同國小[室外],False,基於原始室外標記
東石國小-室外,False,基於原始室外標記
東石國小-室內,True,基於原始室內標記
朴子國中[室外],False,基於原始室外標記
靜浦國小大禮堂,True,基於原始室內標記
東榮國中-室內,True,基於原始室內標記
東榮國中-室外,False,基於原始室外標記
半天岩紫雲寺-室內,True,基於原始室內標記
內甕社區活動中心,True,基於原始室內標記
內甕國小-室外,False,基於原始室外標記
港墘國小-室內,True,基於原始室內標記
港墘國小-室外,False,基於原始室外標記
民和國小-室外,False,基於原始室外標記
民和國民小學-室內,True,基於原始室內標記
嘉義市西區區公所,True,基於原始室內標記
老人文康中心,True,基於原始室內標記
番路社區活動中心,True,基於原始室內標記
民和國中-室外,False,基於原始室外標記
朴子市公所,True,基於原始室內標記
興嘉國民小學,True,基於原始室內標記
東勢社區活動中心,True,基於原始室內標記
朴子國小[室外],False,基於原始室外標記
德武里原住民多功能活動中心,True,基於原始室內標記
南興國民中學,True,基於原始室內標記
桃源國小[室內],True,基於原始室內標記
桃源國小[戶外],True,基於原始室內標記
東石國中[室外],False,基於原始室外標記
玉山國民中學,True,基於原始室內標記
阿里山聯合社區活動中心,True,基於原始室內標記
阿里山國民中小學室內,True,基於原始室內標記
朴子配天宮,True,基於原始室內標記
嘉南社區活動中心,True,基於原始室內標記
宣信國民小學,True,基於原始室內標記
三家福靈宮,True,基於原始室內標記
三江國小-室內,True,基於原始室內標記
三江國小-室外,False,基於原始室外標記
塭港國小-室內,True,基於原始室內標記
塭港國小-室外,False,基於原始室外標記
鄉屬災變庇護所,True,基於原始室內標記
港坪社區活動中心,True,基於規則推斷 (活動中心通常為室內設施)
大同國民小學,True,基於原始室內標記
志航國民小學,True,基於原始室內標記
垂楊國民小學,True,基於原始室內標記
興南里集會所,True,基於原始室內標記
義仁國小[室內],True,基於規則推斷 (預設為室內 - 安全原則)
義仁國小[戶外],False,基於原始室外標記
鹿滿國小[戶外],False,基於原始室外標記
育人國民小學,True,基於原始室內標記
崇文國民小學,True,基於原始室內標記
龍山國小[室內],True,基於規則推斷 (預設為室內 - 安全原則)
龍山國小[戶外],False,基於原始室外標記
何庄社區活動中心,True,基於規則推斷 (活動中心通常為室內設施)
賓朗村活動中心,True,基於規則推斷 (活動中心通常為室內設施)
永和里集會所,True,基於原始室內標記
港尾社區活動中心,True,基於原始室內標記
港口活動中心,True,基於原始室內標記
大湖國小-室內,True,基於原始室內標記
大湖國小-室外,False,基於原始室外標記
蘭潭國民小學,False,基於原始室外標記
內埔國小[室內],True,基於規則推斷 (預設為室內 - 安全原則)
內埔國小[戶外],True,基於原始室內標記
民族國民小學,True,基於原始室內標記
大業國民中學,True,基於原始室內標記
江西社區活動中心,True,基於原始室內標記
港坪運動公園,True,基於原始室內標記
白杞社區活動中心,False,基於原始室外標記
東區區公所,True,基於原始室內標記
嘉義市立棒球場,True,基於原始室內標記
港坪國民小學,True,基於原始室內標記
蘭潭國民中學,True,基於原始室內標記
大湖社區活動中心,True,基於原始室內標記
更寮國小-室外,False,基於原始室外標記
雙溪國小[室外],False,基於原始室外標記
文雅國民小學,False,基於原始室外標記
僑平國民小學,True,基於規則推斷 (預設為室內 - 安全原則)
雙溪口活動中心,True,基於原始室內標記
龍港國小-室外,False,基於原始室外標記
新埤國小[室外],False,基於原始室外標記
圓崇國小[室內],True,基於原始室內標記
圓崇國小[戶外],False,基於原始室外標記
老人文康中心,True,基於原始室內標記
王田里集會所,True,基於原始室內標記
復金社區活動中心,False,基於原始室外標記
龍山社區活動中心,False,基於原始室外標記
光華國小[室內],True,基於原始室內標記
光華國小[戶外],True,基於原始室內標記
嘉義國民中學,True,基於原始室內標記
埤鄉社區活動中心,True,基於原始室內標記
下楫國小-室內,True,基於原始室內標記
下楫國小-室外,False,基於原始室外標記
世賢國民小學,True,基於原始室內標記
林森國民小學,True,基於原始室內標記
北興國民中學,True,基於原始室內標記
鹿滿社區活動中心,True,基於原始室內標記
瑞穗青蓮寺,True,基於原始室內標記
新厝社區活動中心,True,基於原始室內標記
花蓮縣鶴岡國民小學,True,基於規則推斷 (預設為室內 - 安全原則)
博愛國民小學,True,基於規則推斷 (預設為室內 - 安全原則)
精忠社區活動中心,True,基於原始室內標記
豐山國小室內,True,基於原始室內標記
瑞良社區活動中心,True,基於原始室內標記
下埤社區活動中心,True,基於規則推斷 (活動中心通常為室內設施)
十字國小室內,True,基於原始室內標記
蒜頭國小-室外,False,基於原始室外標記
花蓮縣瑞穗鄉瑞美國民小學,True,基於原始室內標記
嘉北國民小學,False,基於原始室外標記
瑞美社區活動中心,True,基於原始室內標記
蒜頭國小活動中心-室內,True,基於原始室內標記
蒜頭活動中心,True,基於原始室內標記
奇美社區活動中心,True,基於原始室內標記
北園國民小學,True,基於原始室內標記
金獅社區活動中心,True,基於原始室內標記
港口宮,True,基於原始室內標記
北園國民中學,True,基於原始室內標記
六腳鄉老人文康中心,True,基於原始室內標記
春梅社區活動中心,False,基於原始室外標記
太保國小[室內],False,基於原始室外標記
紅葉社區活動中心,True,基於原始室內標記
南新國小[室內],True,基於原始室內標記
南新國小[室外],False,基於原始室外標記
花蓮縣立瑞穗國民中學,True,基於原始室內標記
中和國小[室內],True,基於原始室內標記
中和國小[戶外],False,基於原始室外標記
沙坑國小[戶外],True,基於原始室內標記
頂庄社區活動中心,True,基於原始室內標記
水牛厝社區活動中心,True,基於原始室內標記
過溝社區活動中心,True,基於原始室內標記
瑞祥社區活動中心,True,基於原始室內標記
瑞穗社區活動中心,True,基於原始室內標記
灣內國小-室外,False,基於原始室外標記
麻寮古恩宮集會所,True,基於原始室內標記
嘉新國中[室外],True,基於規則推斷 (預設為室內 - 安全原則)
後湖社區活動中心,True,基於原始室內標記
鹿滿國小[室內],False,基於原始室外標記
六嘉國中禮堂-室內,True,基於原始室內標記
六嘉國中-室外,False,基於原始室外標記
竹崎國小[戶外],True,基於原始室內標記
中華社區活動中心,True,基於原始室內標記
竹崎高中[戶外],True,基於原始室內標記
豐裡活動中心,True,基於原始室內標記
竹崎國小[室內],True,基於原始室內標記
昇平國中[室內],True,基於規則推斷 (預設為室內 - 安全原則)
昇平國中[戶外],False,基於原始室外標記
大崎村辦公處暨社區活動中心,True,基於原始室內標記
荖藤社區活動中心,True,基於原始室內標記
六腳國小-室內,True,基於原始室內標記
六腳國小-室外,False,基於原始室外標記
福興村廣興宮室內,True,基於原始室內標記
福興村廣興宮室外,False,基於原始室外標記
鶴岡社區活動中心,True,基於原始室內標記
福興社區活動中心,True,基於原始室內標記
水仙宮室內,True,基於原始室內標記
大崎國小-室外,False,基於原始室外標記
大崎國小-室內,True,基於原始室內標記
秀林村辦公處暨社區活動中心,True,基於原始室內標記
蔦松國小,True,基於原始室內標記
金興村辦公處暨社區活動中心,True,基於原始室內標記
中興國小,True,基於原始室內標記
安和國小室內,True,基於原始室內標記
安和國小室外,False,基於原始室外標記
中興國小[室內],True,基於規則推斷 (預設為室內 - 安全原則)
中興國小[戶外],True,基於原始室內標記
大吉國中-室外,False,基於原始室外標記
大吉國中-室內,True,基於原始室內標記
紫雲社區活動中心,True,基於原始室內標記
香林國小室內,True,基於原始室內標記
竹崎老人文康中心,False,基於原始室外標記
山中村辦公處暨社區活動中心,True,基於原始室內標記
月眉國小室內,True,基於原始室內標記
月眉國小室外,False,基於原始室外標記
義和社區活動中心,False,基於原始室外標記
義隆社區活動中心,True,基於原始室內標記
坑頭村活動中心,True,基於原始室內標記
光華社區活動中心,False,基於原始室外標記
嘉義縣竹崎鄉昇平村收容所暨防災物資整備所,True,基於規則推斷 (預設為室內 - 安全原則)
蔦松國中,True,基於原始室內標記
興南村集會所,True,基於原始室內標記
景陽宮,True,基於原始室內標記
灣橋社區活動中心,True,基於原始室內標記
水井活動中心,True,基於原始室內標記
福樂村辦公處暨社區活動中心,True,基於原始室內標記
興中國小-室外,False,基於原始室外標記
興中國小-室內,True,基於原始室內標記
瑞北社區活動中心,True,基於原始室內標記
興中村辦公處暨社區活動中心,True,基於原始室內標記
竹崎高中[室內],True,基於原始室內標記
福樂國小教室,True,基於原始室內標記
福樂國小操場,False,基於原始室外標記
沙坑社區活動中心,True,基於原始室內標記
樂野村社區活動中心,True,基於原始室內標記
來吉國小室內,True,基於原始室內標記
獅埜社區活動中心,False,基於原始室外標記
文光國小湖口分校,True,基於原始室內標記
北斗村辦公處暨社區活動中心,True,基於原始室內標記
秀林國小風雨教室、操場,True,基於原始室內標記
?福村辦公處暨社區活動中心,True,基於原始室內標記
中央村辦公處暨社區活動中心,True,基於原始室內標記
後厝社區活動中心,True,基於原始室內標記
文隆村辦公處暨社區活動中心,True,基於原始室內標記
和安國小,True,基於原始室內標記
文正國小,True,基於原始室內標記
瑞里社區活動中心,True,基於原始室內標記
瑞里國小[室外],False,基於原始室外標記
松山村辦公處暨社區活動中心,True,基於原始室內標記
六美國小-室外,False,基於原始室外標記
松山國小-室外,False,基於原始室外標記
松山國小3樓多功能教室有電梯,True,基於原始室內標記
太興社區活動中心,True,基於原始室內標記
文光國小,True,基於原始室內標記
太興國小[室外],False,基於原始室外標記
六美國小-室內,True,基於原始室內標記
西昌村辦公處暨社區活動中心,True,基於原始室內標記
梧南社區活動中心,True,基於原始室內標記
平和村辦公處暨社區活動中心,True,基於原始室內標記
宜梧國中,True,基於原始室內標記
梧北社區活動中心,True,基於原始室內標記
中和村辦公處暨社區活動中心,True,基於原始室內標記
東湖村辦公處暨社區活動中心,True,基於原始室內標記
安靖國小[室外],False,基於原始室外標記
文昌國小室內,True,基於原始室內標記
文昌國小室外,False,基於原始室外標記
東光基督長老教會,True,基於原始室內標記
民雄國小-室外,False,基於原始室外標記
民雄國小-室內,True,基於原始室內標記
安龍宮活動中心,True,基於規則推斷 (活動中心通常為室內設施)
新港國小室內,True,基於原始室內標記
新港國小室外,False,基於原始室外標記
菁埔村辦公處暨社區活動中心,True,基於原始室內標記
三興村辦公處暨社區活動中心,True,基於原始室內標記
朝陽國小,True,基於原始室內標記
東榮村辦公處暨嘉義縣長壽會館,True,基於原始室內標記
瑞峰社區活動中心,True,基於原始室內標記
民雄國中-室外,False,基於原始室外標記
民雄國中-室內,True,基於原始室內標記
北美國小-室內,True,基於原始室內標記
北美國小-室外,False,基於原始室外標記
東榮國小-室外,False,基於原始室外標記
東榮國小-室內,True,基於原始室內標記
三興國小-室外,False,基於原始室外標記
三興國小-室內,True,基於原始室內標記
大南國小[室外],False,基於原始室外標記
新港國中室內,True,基於原始室內標記
新港國中室外,False,基於原始室外標記
菁埔國小二樓活動中心,True,基於原始室內標記
菁埔國小操場,True,基於規則推斷 (預設為室內 - 安全原則)
尖山國小,True,基於原始室內標記
桐林活動中心,True,基於原始室內標記
藝術高中室內,True,基於原始室內標記
藝術高中室外,False,基於原始室外標記
內茅埔營林區,True,基於原始室內標記
太平社區活動中心,True,基於原始室內標記
太平國小[室外],False,基於原始室外標記
豐收村辦公處暨社區活動中心,True,基於原始室內標記
東埔基督長老教會,True,基於原始室內標記
水仙宮室外,True,基於規則推斷 (預設為室內 - 安全原則)
東興村辦公處暨社區活動中心,True,基於原始室內標記
東埔國小,True,基於原始室內標記
六興宮室外,False,基於原始室外標記
六興宮室內,True,基於原始室內標記
古民國小室內,True,基於原始室內標記
古民國小室外,False,基於原始室外標記
台興國小,True,基於原始室內標記
福權村辦公處暨社區活動中心,True,基於原始室內標記
碧湖社區活動中心,True,基於原始室內標記
北港國中,True,基於原始室內標記
大興國小,True,基於原始室內標記
西衛社區活動中心,True,基於原始室內標記
南陽國小,True,基於原始室內標記
東埔活動中心,True,基於原始室內標記
文光國小過港分校,True,基於原始室內標記
頂崙村辦公處暨社區活動中心,True,基於原始室內標記
勞工育樂中心,True,基於原始室內標記
朝天宮厚生大樓,True,基於原始室內標記
八里灣基督長老教會,True,基於原始室內標記
興仁國小教室,True,基於原始室內標記
澎湖科技大學學生活動中心,True,基於原始室內標記
寮頂村集會所,True,基於原始室內標記
鐵線社區活動中心,True,基於原始室內標記
文澳國小體育館,True,基於原始室內標記
水林國中,True,基於原始室內標記
水燦林國小,True,基於原始室內標記
水林鄉公所,True,基於原始室內標記
中正國中體育館,True,基於原始室內標記
山水國小活動中心,True,基於原始室內標記
湖西國中活動中心,False,基於原始室外標記
建國國中,True,基於原始室內標記
富民社區活動中心,True,基於原始室內標記
金湖國小,True,基於原始室內標記
巨人中學,True,基於原始室內標記
東衛國小活動中心,True,基於原始室內標記
崇文國小,True,基於原始室內標記
港西避難所,True,基於原始室內標記
港西龍台宮,True,基於原始室內標記
北港鎮公所,True,基於原始室內標記
鎮北村辦公處暨社區活動中心,True,基於原始室內標記
馬遠社區活動中心,True,基於原始室內標記
馬遠國民小學,True,基於原始室內標記
水燦林國小水林校區,True,基於原始室內標記
龍眼社區活動中心,True,基於原始室內標記
梅圳國小[室外],False,基於原始室外標記
柳溝國小室外,False,基於原始室外標記
北辰國小,True,基於原始室內標記
富源社區活動中心,True,基於原始室內標記
富源消防分隊,True,基於原始室內標記
澎南國中活動中心,True,基於原始室內標記
北港高中,True,基於原始室內標記
樹腳社區活動中心　,True,基於原始室內標記
過溝社區活動中心,True,基於原始室內標記
風櫃國小活動中心,True,基於原始室內標記
北港農工,True,基於原始室內標記
白坑社區活動中心,True,基於原始室內標記
富興社區活動中心,True,基於原始室內標記
口湖鄉民眾服務站,True,基於原始室內標記
口湖鄉公所,True,基於規則推斷 (預設為室內 - 安全原則)
鼎灣社區活動中心,True,基於原始室內標記
梅山國小[室外],False,基於原始室外標記
鎖港里社區活動中心,True,基於原始室內標記
太武社區活動中心,False,基於原始室外標記
沙港社區農漁民活動中心,True,基於原始室內標記
湖西鄉公所,True,基於原始室內標記
草嶺山莊,True,基於原始室內標記
北寮社區活動中心,True,基於原始室內標記
梅山國中[室外],False,基於原始室外標記
口湖國小,True,基於原始室內標記
梅北國小[室外],False,基於原始室外標記
潭邊社區活動中心,True,基於原始室內標記
辰光國小,True,基於原始室內標記
口湖國中,True,基於原始室內標記
復興國小室內,True,基於原始室內標記
復興國小室外,False,基於原始室外標記
中林國小室外,False,基於原始室外標記
神木活動中心,True,基於原始室內標記
和社台大實驗林,True,基於原始室內標記
嘉義縣大林鎮精忠營區,True,基於原始室內標記
僑美國小,True,基於原始室內標記
同富國中 -禮堂,True,基於原始室內標記
美林國小室外,False,基於原始室外標記
南寮社區活動中心,True,基於原始室內標記
隘門國小多元化教室,True,基於原始室內標記
華南國小,True,基於原始室內標記
華山禾園,True,基於原始室內標記
埔南社區活動中心,True,基於原始室內標記
尖山社區活動中心,True,基於原始室內標記
光復自強外役監獄,True,基於原始室內標記
保安宮,True,基於原始室內標記
成功社區活動中心,True,基於原始室內標記
鄉村休閒農莊,True,基於原始室內標記
大林鎮運動公園,False,基於規則推斷 (公園通常為室外空間)
花東山琉璃禪寺,True,基於原始室內標記
好收國小,True,基於原始室內標記
平林國小室外,False,基於原始室外標記
大林鎮老人體育活動中心,True,基於原始室內標記
頂湖國小,True,基於原始室內標記
鎮安宮,True,基於原始室內標記
西溪國小視聽教室,False,基於原始室外標記
大美活動中心,True,基於原始室內標記
豐濱國中禮堂,True,基於原始室內標記
溪口鄉老人文康中心,True,基於原始室內標記
大林國小室外,False,基於原始室外標記
山田民宿,True,基於原始室內標記
溪口鄉公所三樓禮堂,True,基於原始室內標記
北極殿香客大樓,True,基於原始室內標記
溪口國小室內,True,基於原始室內標記
溪口國小室外,False,基於原始室外標記
宏仁國小,True,基於原始室內標記
碧清寺,True,基於原始室內標記
三和國小室外,False,基於原始室外標記
柴林國小室外,False,基於原始室外標記
石壁避難所,True,基於原始室內標記
大富國小,True,基於原始室內標記
外湖避難所,True,基於原始室內標記
排路國小室外,False,基於原始室外標記
桂林國小,True,基於原始室內標記
東榮國小,True,基於原始室內標記
排路社區活動中心,True,基於原始室內標記
埔北社區活動中心,True,基於原始室內標記
興安府,True,基於原始室內標記
興昌國小,True,基於原始室內標記
望鄉基督長老教會,True,基於原始室內標記
久美基督長老教會,True,基於原始室內標記
望鄉活動中心,True,基於原始室內標記
久美國小,True,基於原始室內標記
仁德國小,True,基於原始室內標記
游東村活動中心,True,基於原始室內標記
社團國小室外,False,基於原始室外標記
下崙福安宮（香客大樓）,True,基於原始室內標記
久美活動中心,True,基於原始室內標記
永光老人養護中心,True,基於原始室內標記
誠正國小,True,基於原始室內標記
忠孝國小,True,基於原始室內標記
育英國小,True,基於原始室內標記
永光國小,True,基於原始室內標記
城前社區活動中心,True,基於原始室內標記
振興宮,True,基於原始室內標記
羅娜天主教,True,基於原始室內標記
羅娜國小,True,基於原始室內標記
羅娜活動中心,True,基於原始室內標記
麻園社區活動中心,True,基於原始室內標記
客厝國小,True,基於原始室內標記
羅娜基督長老教會,True,基於原始室內標記
豐德宮廣場,False,基於原始室外標記
外垵社區活動中心,True,基於原始室內標記
內寮社區活動中心,True,基於原始室內標記
大興國小,True,基於原始室內標記
內垵村?漁民活動中心,False,基於原始室外標記
舊庄國小,True,基於原始室內標記
大興活動中心,True,基於原始室內標記
西嶼國中體育館,True,基於原始室內標記
東興部落原住民多功能活動中心,True,基於原始室內標記
橫礁社區活動中心,False,基於原始室外標記
新生國小,True,基於原始室內標記
馬佛活動中心,True,基於原始室內標記
四湖國小,True,基於原始室內標記
古坑鄉立幼兒園,True,基於原始室內標記
四湖鄉避難收容場所,True,基於原始室內標記
四湖鄉立幼兒園,True,基於原始室內標記
舊戶政事務所,True,基於原始室內標記
四湖鄉飛沙集會所避難收容場所,True,基於原始室內標記
小門國小,True,基於原始室內標記
合界社區活動中心,True,基於原始室內標記
廣溝集貨市場,True,基於原始室內標記
四湖參天宮,True,基於原始室內標記
朝陽大埔北極殿,True,基於原始室內標記
新鄉基督長老教會,True,基於原始室內標記
四湖鄉公所3樓禮堂,True,基於原始室內標記
仁愛國小,True,基於原始室內標記
新鄉活動中心,True,基於原始室內標記
大埤國中,True,基於原始室內標記
砂荖活動中心,True,基於原始室內標記
石龜國小活動中心,True,基於原始室內標記
調解會暨古坑三村聯合辦公處,True,基於原始室內標記
竹灣社區活動中心,False,基於原始室外標記
飛沙國小,True,基於原始室內標記
湳仔社區活動中心,True,基於原始室內標記
大埤國小,True,基於原始室內標記
新光國小,True,基於原始室內標記
元長國中,True,基於原始室內標記
"石頭公園渡假山莊含蓮園休閒民宿,石",True,基於原始室內標記
桶頭社區活動中心,True,基於原始室內標記
古坑國中,True,基於原始室內標記
嘉興國小,True,基於原始室內標記
港子社區活動中心,True,基於原始室內標記
元長鄉公所大樓,True,基於原始室內標記
聯美國小,True,基於原始室內標記
三崙國小,True,基於原始室內標記
新社國小二樓綜合教室,True,基於原始室內標記
光復鄉立托兒所,True,基於原始室內標記
元長國小,True,基於原始室內標記
花嶼社區發展協會,True,基於原始室內標記
荷苞建德寺,True,基於原始室內標記
大池社區活動中心,True,基於原始室內標記
信義國小,True,基於原始室內標記
三條崙海清宮,True,基於原始室內標記
西南活動中心,True,基於原始室內標記
豐田活動中心,True,基於原始室內標記
和平國小,True,基於原始室內標記
下庄活動中心,True,基於原始室內標記
瑞竹社區活動中心,True,基於原始室內標記
太巴塱國小,True,基於原始室內標記
綺湖社區?人活動中心,True,基於原始室內標記
仁和國小,True,基於原始室內標記
水碓國小,True,基於原始室內標記
大同活動中心,True,基於原始室內標記
瑞竹國小活動中心,True,基於原始室內標記
嘉隆社區活動中心,True,基於原始室內標記
溪埔寮農民休閒活動中心,True,基於原始室內標記
橋真國小,True,基於原始室內標記
安南宮,True,基於原始室內標記
豐丘基督長老教會,True,基於原始室內標記
田心社區活動中心,True,基於原始室內標記
光復鄉公所,True,基於原始室內標記
埤腳活動中心,True,基於原始室內標記
豐丘活動中心,True,基於原始室內標記
光復國中,True,基於原始室內標記
豐丘體技場,True,基於原始室內標記
東勢國民中學活動中心,True,基於原始室內標記
高林社區活動中心,True,基於原始室內標記
東南社區活動中心,True,基於原始室內標記
坪頂里集會所,True,基於原始室內標記
東勢國民小學活動中心,True,基於原始室內標記
"明山大飯店室內空間,儲藏室,大廳",True,基於原始室內標記
東勢鄉賜安宮香客大樓,True,基於原始室內標記
東勢鄉公所3樓,True,基於原始室內標記
順安宮明德大樓,True,基於原始室內標記
鯉南社區活動中心,True,基於原始室內標記
程海社區活動中心,True,基於原始室內標記
第一老人文康活動中心,True,基於原始室內標記
林厝寮順天府,True,基於原始室內標記
東明國中,True,基於原始室內標記
東北社區活動中心,True,基於原始室內標記
扶朝活動中心,True,基於原始室內標記
山內國小,True,基於原始室內標記
復興社區活動中心,True,基於原始室內標記
斗南國小,True,基於原始室內標記
斗南高中,True,基於原始室內標記
崙?社區活動中心,True,基於原始室內標記
嘉東社區活動中心,True,基於原始室內標記
土庫鎮公所活動中心,True,基於原始室內標記
月眉社區活動中心,True,基於原始室內標記
深圳社區活動中心,True,基於原始室內標記
尚德國小操場,False,基於原始室外標記
他里霧親水公園,False,基於原始室外標記
大荖里活動中心,True,基於原始室內標記
東富國小,True,基於原始室內標記
東和國小,True,基於原始室內標記
山腳里集會所暨活動中心,True,基於原始室內標記
新厝里集會所暨活動中心,True,基於規則推斷 (活動中心通常為室內設施)
土庫國中樂群堂,True,基於原始室內標記
棋山國小,True,基於原始室內標記
風斗避難中心,True,基於原始室內標記
興南社區活動中心,True,基於原始室內標記
雲林縣褒忠鄉公所,True,基於原始室內標記
南聖宮,True,基於原始室內標記
龍潭社區活動中心,True,基於原始室內標記
福興社區活動中心,True,基於原始室內標記
重光社區活動中心,True,基於原始室內標記
廣安宮,True,基於原始室內標記
五榔農民活動中心,True,基於原始室內標記
昌南社區活動中心,True,基於原始室內標記
馬太鞍社區活動中心,True,基於原始室內標記
長平社區活動中心,True,基於原始室內標記
雲林縣私立揚子中學活動中心,True,基於原始室內標記
信義國中 -禮堂,True,基於原始室內標記
三合社區活動中心,True,基於原始室內標記
大鞍國小活動中心,True,基於原始室內標記
褒忠國中,True,基於原始室內標記
慈海宮,True,基於原始室內標記
馬鳴山鎮安宮,True,基於原始室內標記
雲林國中,True,基於原始室內標記
梅林社區活動中心,True,基於原始室內標記
安海宮,True,基於原始室內標記
褒忠國小,True,基於原始室內標記
芳草社區活動中心,True,基於原始室內標記
臺西國中操場,False,基於原始室外標記
奉聖宮,True,基於原始室內標記
褒忠鄉立托兒所,True,基於原始室內標記
安南社區活動中心,True,基於原始室內標記
虎尾科技大學第四期教室,True,基於原始室內標記
虎尾科技大學第三期教室,True,基於原始室內標記
虎尾科技大學第ㄧ期教室,True,基於原始室內標記
虎尾科技大學第二期教室,True,基於原始室內標記
臺西國小操場,False,基於原始室外標記
和雅社區活動中心,True,基於規則推斷 (活動中心通常為室內設施)
新吉社區活動中心,True,基於原始室內標記
西屯社區活動中心,True,基於原始室內標記
南平活動中心,True,基於原始室內標記
東屯社區活動中心,True,基於原始室內標記
崇修堂,True,基於原始室內標記
復興國小,True,基於原始室內標記
明利社區活動中心,True,基於原始室內標記
安南國民小學活動中心,True,基於原始室內標記
梅林國小,True,基於原始室內標記
馬光國小學生活動中心,True,基於原始室內標記
立仁國小活動中心,True,基於原始室內標記
忠孝里集會所活動中心,True,基於原始室內標記
第二老人文康活動中心,True,基於原始室內標記
信義里集會所活動中心,True,基於原始室內標記
正心中學,True,基於原始室內標記
平和國小地下室,True,基於原始室內標記
磯崎村辦公處活動中心,True,基於原始室內標記
愛國活動中心,True,基於原始室內標記
北溪社區活動中心,True,基於原始室內標記
國立虎尾高級中學金英館,True,基於原始室內標記
長橋社區活動中心,True,基於原始室內標記
萬榮鄉立幼兒園,True,基於原始室內標記
下溪社區活動中心,True,基於原始室內標記
內湖國小專科教室2間,True,基於原始室內標記
同安國小活動中心,True,基於原始室內標記
多功能活動中心,True,基於原始室內標記
安慶國小地下室,True,基於原始室內標記
虎尾鎮立體育場,False,基於原始室外標記
斗六國中,True,基於原始室內標記
忠信活動中心,True,基於原始室內標記
虎尾國小體育館,True,基於原始室內標記
斗六市老人文康活動中心,True,基於原始室內標記
斗六公園,False,基於原始室外標記
萬榮社區活動中心,True,基於原始室內標記
虎尾高級農工職業學校活動中心,True,基於原始室內標記
鯉魚國小活動中心,True,基於原始室內標記
新坤社區活動中心,True,基於原始室內標記
潮厝國小,True,基於原始室內標記
崇德國中桌球館,True,基於原始室內標記
石榴國中,True,基於原始室內標記
森榮里辦公處,True,基於原始室內標記
堀頭社區活動中心,True,基於原始室內標記
三塊厝社區活動中心,True,基於原始室內標記
中溪社區活動中心,True,基於原始室內標記
安西府,True,基於原始室內標記
堀頭里活動中心,True,基於原始室內標記
虎溪社區活動中心,True,基於原始室內標記
崙豐國小操場,False,基於原始室外標記
埒內社區活動中心,True,基於原始室內標記
安溪社區活動中心,True,基於原始室內標記
進安府香客大樓,True,基於原始室內標記
四美社區活動中心,True,基於原始室內標記
田子里集會所,True,基於原始室內標記
廉使社區活動中心,True,基於原始室內標記
龍巖國小,True,基於原始室內標記
榴中社區活動中心,True,基於原始室內標記
虎尾國中活動中心,True,基於原始室內標記
龍潭健康公園,False,基於原始室外標記
明聖宮,True,基於原始室內標記
鎮西國小,True,基於原始室內標記
竹林村集會所,True,基於原始室內標記
榴北社區活動中心,True,基於原始室內標記
明德里多功能活動中心,True,基於原始室內標記
湖本活動中心,True,基於原始室內標記
福田社區活動中心,True,基於原始室內標記
過溪國小活動中心,True,基於原始室內標記
惠來社區活動中心,True,基於原始室內標記
鳳信社區活動中心,True,基於原始室內標記
中溪國民小學教室,True,基於原始室內標記
中溪國民小學運動場,False,基於原始室外標記
竹豐社區活動中心,True,基於原始室內標記
鳳凰社區活動中心,True,基於規則推斷 (活動中心通常為室內設施)
德興里集會所,True,基於原始室內標記
郡坑國小,True,基於原始室內標記
廣興社區活動中心,True,基於原始室內標記
坪頂集戶,True,基於原始室內標記
秀林里集會所,True,基於原始室內標記
新興國小操場,False,基於原始室外標記
郡坑派出所,False,基於原始室外標記
光復國小教室,True,基於原始室內標記
樂活會館,True,基於原始室內標記
湖山社區活動中心,True,基於原始室內標記
溪洲國小,True,基於原始室內標記
來惠國民小學,True,基於原始室內標記
鳳林鎮藝文中心,True,基於原始室內標記
土城里集會所,True,基於原始室內標記
鳳林國中進德堂,True,基於原始室內標記
九芎國小,True,基於原始室內標記
鳳林鎮公所,True,基於原始室內標記
吳厝國小,True,基於原始室內標記
吳厝里活動中心,True,基於原始室內標記
鹿谷鄉公所,True,基於原始室內標記
彰雅社區活動中心,True,基於原始室內標記
"鳳禮,鳳智里活動中心",True,基於原始室內標記
凍頂集會所,True,基於原始室內標記
十三社區活動中心,True,基於原始室內標記
鎮南宮餐廳,True,基於原始室內標記
拱範宮停車場香客大樓,True,基於原始室內標記
??里集會所,True,基於原始室內標記
九芎活動中心,True,基於原始室內標記
公館里活動中心,True,基於原始室內標記
興華社區活動中心,True,基於原始室內標記
鹿谷社區活動中心,True,基於原始室內標記
鳳義社區活動中心,True,基於原始室內標記
鹿場里活動中心,True,基於原始室內標記
鳳仁社區活動中心,True,基於原始室內標記
莿桐國中,True,基於原始室內標記
新生社區活動中心,True,基於原始室內標記
新生社區活動中心,True,基於原始室內標記
永隆社區活動中心,True,基於原始室內標記
三和國民小學,True,基於原始室內標記
坪頂製茶中心,True,基於原始室內標記
鳳仁國小羽球館,True,基於原始室內標記
九隆里活動中心,True,基於原始室內標記
榮村社區活動中心,True,基於原始室內標記
桂林里集會所,True,基於原始室內標記
大榮2村社區活動中心,True,基於原始室內標記
大榮1村社區活動中心,True,基於原始室內標記
霄仁社區活動中心,True,基於原始室內標記
淵明國中,True,基於原始室內標記
麥寮國小活動中心,True,基於規則推斷 (活動中心通常為室內設施)
包公廟,True,基於原始室內標記
林中國小,False,基於原始室外標記
靈德廟城隍廟,True,基於原始室內標記
興天宮,True,基於原始室內標記
中正社區活動中心,True,基於原始室內標記
東興國小,True,基於原始室內標記
賜福宮,True,基於原始室內標記
七座里活動中心,True,基於原始室內標記
竹山鎮第一公有零售市場,True,基於原始室內標記
延山社區活動中心,True,基於原始室內標記
林內國中,True,基於原始室內標記
雲林國小活動中心,True,基於原始室內標記
成功國小,True,基於原始室內標記
祖師公廟三坪院,True,基於原始室內標記
莿桐國小,True,基於原始室內標記
中崎社區活動中心,True,基於原始室內標記
崙背鄉立幼兒園,True,基於原始室內標記
崙背國中,True,基於原始室內標記
羅厝村活動中心,True,基於原始室內標記
林南活動中心,True,基於原始室內標記
延祥社區活動中心,True,基於原始室內標記
崙背國小,True,基於原始室內標記
林內國小,True,基於原始室內標記
興華國小活動中心,True,基於原始室內標記
延和國中活動中心,True,基於原始室內標記
竹圍里集會所,True,基於原始室內標記
奉天宮,True,基於原始室內標記
莿桐鄉公所4樓禮堂,True,基於原始室內標記
莿桐鄉公所4樓禮堂,True,基於原始室內標記
延和里集會所,True,基於原始室內標記
竹山國小齊賢館,True,基於原始室內標記
崙背鄉公所,True,基於原始室內標記
天衡宮,True,基於原始室內標記
三界公廟,True,基於原始室內標記
順安宮,True,基於原始室內標記
下湳里活動中心,True,基於原始室內標記
大有國小,True,基於原始室內標記
重興國小,True,基於原始室內標記
"東明,西榮,南陽三村聯合活動中心",True,基於原始室內標記
照靈廟,True,基於原始室內標記
廣興國小,True,基於原始室內標記
初鄉村集會所,True,基於原始室內標記
北林3村社區活動中心,True,基於原始室內標記
海豐社區活動中心,True,基於原始室內標記
民生國小,True,基於原始室內標記
東興里活動中心,True,基於原始室內標記
中和里集會所,True,基於原始室內標記
延平國小活動中心,True,基於原始室內標記
廣興里活動中心,True,基於原始室內標記
興中社區活動中心,True,基於原始室內標記
頂湳里活動中心,True,基於原始室內標記
二崙國民小學,True,基於原始室內標記
崙後社區活動中心,True,基於原始室內標記
油車國民小學,True,基於原始室內標記
延正里舊社區活動中心,True,基於原始室內標記
埤頭里活動中心,True,基於原始室內標記
明禮國小活動中心,True,基於原始室內標記
二崙國民中學,True,基於原始室內標記
重興活動中心,True,基於原始室內標記
興貴社區活動中心,True,基於原始室內標記
楊厝社區活動中心,True,基於原始室內標記
林中活動中心,True,基於原始室內標記
下坪社區活動中心,True,基於原始室內標記
饒平國小,True,基於原始室內標記
人和活動中心,True,基於原始室內標記
文賢國小,True,基於原始室內標記
坪林台大實驗林?作站,True,基於規則推斷 (預設為室內 - 安全原則)
南平社區活動中心,True,基於原始室內標記
水璉活動中心,True,基於原始室內標記
延正里新社區活動中心,True,基於原始室內標記
秀峰社區活動中心,True,基於原始室內標記
見晴國民小學,True,基於原始室內標記
雙龍活動中心,True,基於原始室內標記
永興社區活動中心,True,基於規則推斷 (活動中心通常為室內設施)
雙龍國小,True,基於原始室內標記
陽明國小,True,基於原始室內標記
後安社區活動中心,True,基於原始室內標記
新安里活動中心,True,基於原始室內標記
振興里活動中心,True,基於原始室內標記
文興國小,True,基於原始室內標記
雙龍天主教,True,基於原始室內標記
迪巴恩基督長老教會,True,基於原始室內標記
福田里活動中心,True,基於原始室內標記
大新國小,True,基於原始室內標記
大新里活動中心,True,基於原始室內標記
豐榮國小,True,基於原始室內標記
清水社區活動中心,True,基於原始室內標記
中和國小,True,基於原始室內標記
西螺國中,True,基於原始室內標記
示範托兒所,True,基於原始室內標記
青雲活動中心,True,基於原始室內標記
漢光里活動中心,True,基於原始室內標記
地利國小,True,基於原始室內標記
西螺農工,True,基於原始室內標記
波石活動中心,True,基於原始室內標記
合興村活動中心,True,基於規則推斷 (活動中心通常為室內設施)
米棧活動中心,True,基於原始室內標記
施厝聯合活動中心,True,基於原始室內標記
中山國小,True,基於原始室內標記
永定國民小學,True,基於原始室內標記
舊圖書館,True,基於原始室內標記
民和社區活動中心,True,基於原始室內標記
民和國中禮堂,True,基於原始室內標記
三盛社區活動中心,True,基於原始室內標記
中興活動中心,True,基於原始室內標記
橋頭國小活動中心,True,基於原始室內標記
倡和村活動中心,True,基於規則推斷 (活動中心通常為室內設施)
西螺鎮公所,True,基於原始室內標記
安定國小,True,基於原始室內標記
大園里活動中心,True,基於原始室內標記
頂崁社區活動中心,True,基於規則推斷 (活動中心通常為室內設施)
河南里活動中心,True,基於原始室內標記
河南里活動中心,True,基於原始室內標記
文昌國小,True,基於原始室內標記
詔安里活動中心,True,基於原始室內標記
安定里活動中心,True,基於原始室內標記
源泉國小活動中心,True,基於原始室內標記
修仁村活動中心,True,基於規則推斷 (活動中心通常為室內設施)
二水鄉公所,True,基於原始室內標記
禪和宮,True,基於原始室內標記
西螺福興宮,True,基於原始室內標記
聯合里辦公處,True,基於原始室內標記
東南國中,True,基於原始室內標記
林榮社區活動中心,True,基於原始室內標記
永豐社區活動中心,True,基於規則推斷 (活動中心通常為室內設施)
大園村活動中心,True,基於規則推斷 (活動中心通常為室內設施)
瑞田社區活動中心,True,基於原始室內標記
上安社區老人會館,True,基於規則推斷 (預設為室內 - 安全原則)
上安社區活動中心,True,基於規則推斷 (活動中心通常為室內設施)
玉峰社區活動中心,True,基於規則推斷 (活動中心通常為室內設施)
雷厝活動中心,True,基於原始室內標記
惠民村活動中心,True,基於規則推斷 (活動中心通常為室內設施)
受玄宮,True,基於規則推斷 (預設為室內 - 安全原則)
新吉社區活動中心,True,基於原始室內標記
海豐村活動中心,True,基於規則推斷 (活動中心通常為室內設施)
社寮國中教室及活動中心,True,基於原始室內標記
二水村活動中心,True,基於規則推斷 (活動中心通常為室內設施)
圖書館二樓,True,基於規則推斷 (預設為室內 - 安全原則)
水里國小禮堂,True,基於規則推斷 (預設為室內 - 安全原則)
水里國中體育館,True,基於規則推斷 (體育館為室內設施)
水里鄉公所,True,基於規則推斷 (預設為室內 - 安全原則)
文化村活動中心,True,基於規則推斷 (活動中心通常為室內設施)
中州國小活動中心,True,基於原始室內標記
三村集會所,True,基於原始室內標記
第三立體停車場三樓,True,基於規則推斷 (預設為室內 - 安全原則)
富州社區活動中心,True,基於原始室內標記
光化村活動中心,True,基於規則推斷 (活動中心通常為室內設施)
潮洋國小,True,基於原始室內標記
中央社區活動中心,True,基於原始室內標記
五伯村活動中心,True,基於規則推斷 (活動中心通常為室內設施)
中央社區活動中心,True,基於規則推斷 (活動中心通常為室內設施)
大庄國小,True,基於原始室內標記
日月潭特色遊學中心原光明國小,True,基於原始室內標記
水里鄉農會倉庫,True,基於規則推斷 (預設為室內 - 安全原則)
社寮社區活動中心,True,基於原始室內標記
義民廟,True,基於規則推斷 (預設為室內 - 安全原則)
潭南活動中心,True,基於原始室內標記
新民村集會所,True,基於原始室內標記
過圳村活動中心,True,基於規則推斷 (活動中心通常為室內設施)
憫世寶宮,True,基於規則推斷 (預設為室內 - 安全原則)
溪口活動中心,True,基於原始室內標記
成城國小會議室、105-106、201-208教室,True,基於規則推斷 (預設為室內 - 安全原則)
埔中村民眾活動中心,True,基於原始室內標記
潭南國小,True,基於原始室內標記
頭社社區活動中心會所三聖宮,True,基於原始室內標記
合和村活動中心,True,基於規則推斷 (活動中心通常為室內設施)
成功國小,True,基於原始室內標記
三條國小,True,基於原始室內標記
炭寮村集會所,True,基於原始室內標記
十五村活動中心,True,基於規則推斷 (活動中心通常為室內設施)
復興村活動中心,True,基於規則推斷 (活動中心通常為室內設施)
濁水村集會所,True,基於原始室內標記
車埕國小禮堂,True,基於規則推斷 (預設為室內 - 安全原則)
集集里里集會所暨社區活動中心,True,基於原始室內標記
英文堂廣場,True,基於原始室內標記
昭天宮廣場,False,基於原始室外標記
水尾國小,True,基於原始室內標記
車埕社區活動中心,True,基於規則推斷 (活動中心通常為室內設施)
松嶺社區活動中心,True,基於原始室內標記
永昌里里集會所暨社區活動中心,True,基於原始室內標記
松柏村集會所,True,基於原始室內標記
豐坪活動中心,True,基於原始室內標記
崁腳村民眾活動中心,True,基於原始室內標記
聯勤兵整中心,True,基於原始室內標記
南雅村集會所,True,基於規則推斷 (預設為室內 - 安全原則)
頭社國小,True,基於原始室內標記
田頭國小,True,基於原始室內標記
公所中山堂,True,基於原始室內標記
圳寮國小,True,基於原始室內標記
永光國小,True,基於規則推斷 (預設為室內 - 安全原則)
大安國小,True,基於原始室內標記
樹湖活動中心,True,基於原始室內標記
中山村集會所,True,基於原始室內標記
羅厝國小,True,基於規則推斷 (預設為室內 - 安全原則)
萬安宮,True,基於規則推斷 (預設為室內 - 安全原則)
上山社區活動中心,True,基於規則推斷 (活動中心通常為室內設施)
新厝村集會所,True,基於原始室內標記
成功國小西畔分校,True,基於原始室內標記
僑義國小,True,基於原始室內標記
樹腳社區活動中心,True,基於原始室內標記
臺西社區活動中心,True,基於規則推斷 (活動中心通常為室內設施)
豐山國小,True,基於原始室內標記
新廣社區活動中心,True,基於原始室內標記
三崙社區活動中心,True,基於原始室內標記
長安國小,False,基於原始室外標記
豐山活動中心,True,基於原始室內標記
頂庄國小,True,基於規則推斷 (預設為室內 - 安全原則)
德化國小,True,基於原始室內標記
土庫國小,True,基於原始室內標記
竹圍社區活動中心,True,基於原始室內標記
溪州國中,True,基於原始室內標記
弓鞋社區活動中心,True,基於原始室內標記
沙崙社區活動中心,True,基於原始室內標記
老人文康活動中心,True,基於原始室內標記
溪州國小,True,基於原始室內標記
大城國中,True,基於原始室內標記
大城演藝廳,True,基於原始室內標記
大城國小,True,基於原始室內標記
南州國小,True,基於原始室內標記
彰化縣田中鎮內安國民小學,True,基於原始室內標記
新民國小,True,基於原始室內標記
大新國小,True,基於原始室內標記
西林社區活動中心,True,基於原始室內標記
陸嘉社區活動中心,True,基於原始室內標記
仁和村集會所,True,基於原始室內標記
新庄社區活動中心,True,基於原始室內標記
田中鎮立圖書館,True,基於原始室內標記
廈新社區活動中心,True,基於原始室內標記
彰化縣立景崧文化教育園區-龍江館,True,基於原始室內標記
田中國小,True,基於原始室內標記
西林天主堂,True,基於原始室內標記
竹圍村社區活動中心,True,基於原始室內標記
赤水社區活動中心,True,基於原始室內標記
新庄社區活動中心,True,基於原始室內標記
竹林社區活動中心,True,基於原始室內標記
大坑村集會所,True,基於原始室內標記
田中鎮公所公共造產公有第一零售市場,True,基於原始室內標記
西港國小二樓,True,基於規則推斷 (預設為室內 - 安全原則)
竹塘國小,True,基於原始室內標記
田中鎮民活動中心,True,基於原始室內標記
虎坑社區活動中心,True,基於原始室內標記
幸福國小,True,基於原始室內標記
楓樹國小,True,基於原始室內標記
東仁社區活動中心,True,基於原始室內標記
三潭國小,True,基於原始室內標記
大湖社區活動中心,True,基於原始室內標記
中和社區活動中心,True,基於原始室內標記
明潭國小,True,基於原始室內標記
東和國小,True,基於原始室內標記
龍潭社區活動中心,True,基於原始室內標記
月眉國小,True,基於原始室內標記
月眉國小-米棧分校,True,基於原始室內標記
明潭國中,True,基於原始室內標記
壽豐活動中心,True,基於原始室內標記
菜寮社區活動中心,True,基於規則推斷 (活動中心通常為室內設施)
共和活動中心,True,基於原始室內標記
元埔社區活動中心,True,基於原始室內標記
田仔社區活動中心,True,基於原始室內標記
萬來國小,True,基於原始室內標記
壽豐鄉公所,False,基於原始室外標記
文化中心,True,基於原始室內標記
芙朝社區活動中心,True,基於原始室內標記
螺青國小,True,基於原始室內標記
鹽寮活動中心,True,基於原始室內標記
北斗鎮公所,True,基於原始室內標記
大庄村集會所,True,基於原始室內標記
錦梓社區活動中心,True,基於原始室內標記
五庄社區活動中心,True,基於原始室內標記
彰化縣田中鎮明禮國民國小,True,基於原始室內標記
北斗國小,True,基於原始室內標記
三光社區活動中心,True,基於原始室內標記
北斗國中,True,基於原始室內標記
螺陽國小,True,基於原始室內標記
中寮社區活動中心,True,基於原始室內標記
崁頂社區活動中心,True,基於原始室內標記
下社區活動中心,True,基於原始室內標記
中寮社區活動中心,True,基於原始室內標記
北斗家商,True,基於原始室內標記
內城社區活動中心,True,基於原始室內標記
豐美社區活動中心,True,基於規則推斷 (活動中心通常為室內設施)
新街村集會所,True,基於原始室內標記
仙樂社區活動中心,True,基於原始室內標記
埤頭國中,True,基於原始室內標記
頂興社區活動中心,True,基於原始室內標記
光榮活動中心,True,基於原始室內標記
大林村集會所,True,基於原始室內標記
萬丹社區活動中心,True,基於原始室內標記
爽文老人活動中心,True,基於原始室內標記
金安老人會館,True,基於原始室內標記
平和活動中心,True,基於原始室內標記
睦宜社區活動中心,True,基於規則推斷 (活動中心通常為室內設施)
新興老人會館,True,基於原始室內標記
天乙宮,True,基於規則推斷 (預設為室內 - 安全原則)
八仙社區活動中心,True,基於原始室內標記
老人文康中心,True,基於原始室內標記
南鎮國小,True,基於原始室內標記
大林社區活動中心,True,基於原始室內標記
五城村活動中心,True,基於原始室內標記
鄉立托兒所,True,基於原始室內標記
清聖宮,True,基於規則推斷 (預設為室內 - 安全原則)
仁里社區活動中心,True,基於規則推斷 (活動中心通常為室內設施)
花與樹博物館,True,基於規則推斷 (預設為室內 - 安全原則)
老人文康中心,True,基於原始室內標記
永安社區活動中心,True,基於原始室內標記
新生社區活動中心,True,基於規則推斷 (活動中心通常為室內設施)
四武宮辦公室,True,基於原始室內標記
社頭鄉公所大禮堂,True,基於原始室內標記
東光村避難所,True,基於原始室內標記
福田社區活動中心,True,基於規則推斷 (活動中心通常為室內設施)
東光國小,True,基於原始室內標記
五城國小,True,基於原始室內標記
正義社區活動中心,True,基於規則推斷 (活動中心通常為室內設施)
田尾國小,True,基於原始室內標記
南鎮社區活動中心,True,基於規則推斷 (活動中心通常為室內設施)
中明活動中心,True,基於原始室內標記
永和社區活動中心,True,基於原始室內標記
埤頭國小,True,基於原始室內標記
永興里災民收容所社區活動中心,True,基於原始室內標記
南曾社區活動中心,True,基於規則推斷 (活動中心通常為室內設施)
嘉和里災民收容所嘉和里神木社區活動中心,True,基於原始室內標記
社頭鄉老人文康活動中心,True,基於原始室內標記
千秋里災民收容所社區活動中心,True,基於原始室內標記
圖書館一樓,True,基於原始室內標記
中和國小活動中心,True,基於原始室內標記
三豐社區活動中心,True,基於規則推斷 (活動中心通常為室內設施)
合興國小,True,基於原始室內標記
北曾社區活動中心,True,基於規則推斷 (活動中心通常為室內設施)
爽文社區活動中心,True,基於原始室內標記
嘉和里、嘉興里災民收容所嘉和里集會所,True,基於原始室內標記
嘉和里災民收容所嘉和里集會所,True,基於原始室內標記
路上國小,True,基於原始室內標記
中興國小,True,基於原始室內標記
永芳社區活動中心,True,基於原始室內標記
社頭鄉運動公園體育館,True,基於原始室內標記
北鎮社區活動中心,True,基於規則推斷 (活動中心通常為室內設施)
溪頂社區活動中心,True,基於規則推斷 (活動中心通常為室內設施)
田尾社區活動中心,True,基於規則推斷 (活動中心通常為室內設施)
社頭國小,True,基於規則推斷 (預設為室內 - 安全原則)
二林鎮鎮立幼兒園,True,基於原始室內標記
興華社區活動中心,True,基於規則推斷 (活動中心通常為室內設施)
萬興國中,True,基於規則推斷 (預設為室內 - 安全原則)
圓和宮,True,基於規則推斷 (預設為室內 - 安全原則)
民眾活動中心,True,基於規則推斷 (活動中心通常為室內設施)
育德國小,True,基於規則推斷 (預設為室內 - 安全原則)
梅芳社區活動中心,True,基於規則推斷 (活動中心通常為室內設施)
慈靈宮,True,基於規則推斷 (預設為室內 - 安全原則)
廣福宮,True,基於規則推斷 (預設為室內 - 安全原則)
東興社區活動中心,True,基於規則推斷 (活動中心通常為室內設施)
麒麟宮代化堂集會所,True,基於原始室內標記
永豐社區活動中心,True,基於原始室內標記
新興社區活動中心,True,基於規則推斷 (活動中心通常為室內設施)
魚池國小,True,基於原始室內標記
長興長寮尾活動中心,True,基於原始室內標記
龍安社區活動中心,True,基於原始室內標記
月眉活動中心,True,基於原始室內標記
三鹿社區活動中心,True,基於原始室內標記
二林國小,True,基於原始室內標記
中正國小,True,基於原始室內標記
新厝社區活動中心,True,基於規則推斷 (活動中心通常為室內設施)
原斗國小,True,基於原始室內標記
社頭國中,True,基於規則推斷 (預設為室內 - 安全原則)
仁豐國小,True,基於原始室內標記
三和里災民收容所里集會所,True,基於原始室內標記
豐田社區活動中心,True,基於規則推斷 (活動中心通常為室內設施)
三興里災民收容所南投高商活動中心,True,基於原始室內標記
打簾社區活動中心,True,基於規則推斷 (活動中心通常為室內設施)
志學活動中心,True,基於原始室內標記
崇文里災民收容所南投國小活動中心,True,基於原始室內標記
彰仁里災民收容所南投國小活動中心,True,基於原始室內標記
新城村避難所,True,基於原始室內標記
中寮國小活動中心,True,基於原始室內標記
新莊社區活動中心,True,基於規則推斷 (活動中心通常為室內設施)
永靖國中,True,基於規則推斷 (預設為室內 - 安全原則)
原斗社區活動中心,True,基於規則推斷 (活動中心通常為室內設施)
西斗社區活動中心,True,基於規則推斷 (活動中心通常為室內設施)
東和里集會所,True,基於規則推斷 (預設為室內 - 安全原則)
大永社區活動中心,True,基於規則推斷 (活動中心通常為室內設施)
東勢社區活動中心,True,基於規則推斷 (活動中心通常為室內設施)
新興宮,True,基於規則推斷 (預設為室內 - 安全原則)
復豐社區活動中心,True,基於規則推斷 (活動中心通常為室內設施)
慈聖?,True,基於規則推斷 (預設為室內 - 安全原則)
南光社區活動中心,True,基於規則推斷 (活動中心通常為室內設施)
中正村社區活動中心,True,基於原始室內標記
朝興國小,True,基於規則推斷 (預設為室內 - 安全原則)
養靈社區活動養靈社區活動中心山楂腳,True,基於原始室內標記
振興里災民收容所里辦公處,True,基於原始室內標記
仁和里災民收容所市區7里聯合辦公處,True,基於原始室內標記
南投里災民收容所市區七里聯合辦公處,True,基於原始室內標記
三民里災民收容所南投高中,True,基於原始室內標記
湳港社區活動中心,True,基於規則推斷 (活動中心通常為室內設施)
五福社區活動中心,True,基於原始室內標記
溪畔社區活動中心,True,基於規則推斷 (活動中心通常為室內設施)
福山里災民收容所社區活動中心,True,基於原始室內標記
平和里災民收容所平和國小活動中心,True,基於原始室內標記
龍泉里災民收容所康壽國小活動中心,True,基於原始室內標記
康壽里災民收容所康壽國小活動中心,True,基於原始室內標記
漳和里災民收容所漳和里活動中心,True,基於原始室內標記
漳和里災民收容所南投國中活動中心,True,基於原始室內標記
武界基督長老教會,True,基於原始室內標記
港西社區活動中心,True,基於原始室內標記
漳興里災民收容所社區活動中心,True,基於原始室內標記
大雁村集會所,True,基於原始室內標記
豐崙國小,True,基於原始室內標記
陸豐國小,True,基於原始室內標記
永南社區活動中心,True,基於原始室內標記
福興社區活動中心,True,基於規則推斷 (活動中心通常為室內設施)
橋頭國小,True,基於規則推斷 (預設為室內 - 安全原則)
沛霖宮,True,基於規則推斷 (預設為室內 - 安全原則)
獨鰲社區活動中心,True,基於規則推斷 (活動中心通常為室內設施)
共和國小,True,基於原始室內標記
池南活動中心,True,基於原始室內標記
浮圳社區活動中心,True,基於規則推斷 (活動中心通常為室內設施)
湳雅國小,True,基於規則推斷 (預設為室內 - 安全原則)
崙美社區活動中心,True,基於規則推斷 (活動中心通常為室內設施)
軍功里災民收容所里活動中心,True,基於原始室內標記
後寮國小,True,基於原始室內標記
陸豐社區活動中心,True,基於規則推斷 (活動中心通常為室內設施)
張厝村集會所,True,基於規則推斷 (預設為室內 - 安全原則)
平山里災民收容所平山里辦公處,True,基於原始室內標記
甘霖宮,True,基於原始室內標記
福盛社區活動中心,True,基於原始室內標記
東山里災民收容所觀音寺,True,基於原始室內標記
聖興宮,True,基於規則推斷 (預設為室內 - 安全原則)
竹子社區活動中心,True,基於規則推斷 (活動中心通常為室內設施)
鳳鳴里災民收容所鳳鳴國中禮堂,True,基於原始室內標記
四芳社區活動中心,True,基於規則推斷 (活動中心通常為室內設施)
同安社區活動中心,True,基於規則推斷 (活動中心通常為室內設施)
光雲社區活動中心,True,基於規則推斷 (活動中心通常為室內設施)
湳墘社區活動中心,True,基於規則推斷 (活動中心通常為室內設施)
同仁社區活動中心,True,基於規則推斷 (活動中心通常為室內設施)
新興里災民收容所新豐國小禮堂,True,基於原始室內標記
麒麟國小,True,基於原始室內標記
崙子社區活動中心,True,基於規則推斷 (活動中心通常為室內設施)
五汴社區活動中心,True,基於規則推斷 (活動中心通常為室內設施)
西勢社區活動中心,True,基於規則推斷 (活動中心通常為室內設施)
愛蘭里集會所,True,基於原始室內標記
和興社區活動中心,True,基於原始室內標記
內興里災民收容所德興國小活動中心,True,基於原始室內標記
光華活動中心,True,基於原始室內標記
義和村集會所,True,基於原始室內標記
內新里災民收容所內新里集會所,True,基於原始室內標記
義和社區活動中心,True,基於原始室內標記
港源社區五榖宮,True,基於原始室內標記
龍岩村集會所,True,基於原始室內標記
珠格里集會所,True,基於原始室內標記
太平國小,True,基於原始室內標記
埔心鄉立幼兒園,True,基於規則推斷 (預設為室內 - 安全原則)
永豐里災民收容所里辦公處,True,基於原始室內標記
湳底社區活動中心,True,基於規則推斷 (活動中心通常為室內設施)
鳳山里災民收容所鳳山里集會所,True,基於原始室內標記
金龍宮,True,基於原始室內標記
媽厝國小,True,基於規則推斷 (預設為室內 - 安全原則)
清水社區活動中心,True,基於原始室內標記
光明里災民收容所光復國小導師室地下室,True,基於原始室內標記
桃米里集會所,True,基於原始室內標記
營南里災民收容所營南里集會所,True,基於原始室內標記
福興里災民收容所福興里集會所永興宮,True,基於原始室內標記
水頭里集會所,True,基於原始室內標記
廣福國小活動中心,True,基於原始室內標記
美港社區活動中心,True,基於原始室內標記
溪南里集會所醒覺堂,True,基於原始室內標記
福興里災民收容所三玄宮,True,基於原始室內標記
永福社區活動中心,True,基於原始室內標記
萬豐國小,True,基於原始室內標記
干城活動中心,True,基於原始室內標記
文蘭活動中心,True,基於原始室內標記
舊館國小,True,基於規則推斷 (預設為室內 - 安全原則)
二林工商,True,基於原始室內標記
大庭社區活動中心,True,基於規則推斷 (活動中心通常為室內設施)
光榮里災民收容所省政府青少年活動中心,True,基於原始室內標記
國立暨南大學體育健康中心,True,基於原始室內標記
南港國小1甲-6甲與3間專科教室,True,基於原始室內標記
南港社區活動中心,True,基於原始室內標記
明聖國小,True,基於規則推斷 (預設為室內 - 安全原則)
仁安活動中心,True,基於原始室內標記
光華里災民收容所光華國小活動中心,True,基於原始室內標記
營北里災民收容所營北里辦公處,True,基於原始室內標記
員林市育英國小,True,基於原始室內標記
南華活動中心,True,基於原始室內標記
埔心鄉公所,True,基於原始室內標記
埔心國小,True,基於規則推斷 (預設為室內 - 安全原則)
東溪國小,True,基於規則推斷 (預設為室內 - 安全原則)
埔心國中,True,基於規則推斷 (預設為室內 - 安全原則)
稻香活動中心,True,基於原始室內標記
永興活動中心,True,基於原始室內標記
仁和活動中心,True,基於原始室內標記
田中社區活動中心,True,基於規則推斷 (活動中心通常為室內設施)
老人文康中心,True,基於規則推斷 (預設為室內 - 安全原則)
成功里集會所,True,基於原始室內標記
枇杷里集會所,True,基於原始室內標記
草湖國中,True,基於原始室內標記
員林市西區體館,True,基於原始室內標記
杷城里集會所,True,基於原始室內標記
員林市公所三樓禮堂,True,基於原始室內標記
溪湖鎮公所,True,基於規則推斷 (預設為室內 - 安全原則)
溪湖國小,True,基於規則推斷 (預設為室內 - 安全原則)
同聲集會所,True,基於原始室內標記
湖西國小,True,基於規則推斷 (預設為室內 - 安全原則)
南埔社區活動中心,True,基於原始室內標記
光輝里災民收容所里集會所,True,基於原始室內標記
紫微宮,True,基於原始室內標記
南埔里集會所,True,基於原始室內標記
草屯國小禮堂,True,基於原始室內標記
河東社區活動中心,True,基於規則推斷 (活動中心通常為室內設施)
薰化里集會所,True,基於原始室內標記
清新里集會所,True,基於原始室內標記
南門里集會所,True,基於原始室內標記
義民祠,True,基於原始室內標記
湖東國小,True,基於規則推斷 (預設為室內 - 安全原則)
福安宮,True,基於規則推斷 (預設為室內 - 安全原則)
王功國小,True,基於原始室內標記
虎山國小禮堂,True,基於原始室內標記
銅門收容所,True,基於原始室內標記
湖北國小,True,基於規則推斷 (預設為室內 - 安全原則)
春陽活動中心,True,基於原始室內標記
東昌活動中心,True,基於原始室內標記
太清宮,True,基於原始室內標記
員林市僑信國小,True,基於原始室內標記
泰安里集會所,True,基於原始室內標記
平林里集會所,True,基於原始室內標記
員林市東山國小,True,基於原始室內標記
石川里集會所,True,基於原始室內標記
西門里集會所,True,基於原始室內標記
仁里活動中心,True,基於原始室內標記
親愛村活動中心,True,基於原始室內標記
御史里舊集會所,True,基於原始室內標記
主農社區活動中心,True,基於原始室內標記
福興活動中心,True,基於原始室內標記
土城國小禮堂,True,基於原始室內標記
坪頂國小禮堂,True,基於原始室內標記
鳳霞國小,True,基於規則推斷 (預設為室內 - 安全原則)
敦和國小禮堂,True,基於原始室內標記
南昌活動中心,True,基於原始室內標記
梧鳳國小,True,基於規則推斷 (預設為室內 - 安全原則)
慈恩社區活動中心,True,基於原始室內標記
中正國小,True,基於原始室內標記
中原國小文中三國中預定地,True,基於原始室內標記
石川社區活動中心,True,基於原始室內標記
加老里集會所,True,基於原始室內標記
大城社區活動中心,True,基於原始室內標記
中竹社區活動中心,True,基於規則推斷 (活動中心通常為室內設施)
新興社區活動中心,True,基於原始室內標記
虎山社區活動中心,True,基於原始室內標記
吉安國小,True,基於原始室內標記
花蓮城隍廟香客大樓,True,基於原始室內標記
恆吉活動中心,True,基於原始室內標記
吉安活動中心,True,基於原始室內標記
通天宮,True,基於規則推斷 (預設為室內 - 安全原則)
五穀宮,True,基於原始室內標記
親愛國小萬大分校,True,基於原始室內標記
雙冬社區活動中心,True,基於原始室內標記
勝安活動中心,True,基於原始室內標記
宜昌活動中心,True,基於原始室內標記
忠孝國小,True,基於原始室內標記
主權社區活動中心,True,基於原始室內標記
蜈蚣里集會所,True,基於原始室內標記
南村里集會所,True,基於規則推斷 (預設為室內 - 安全原則)
碧洲社區活動中心,True,基於原始室內標記
勝安宮,True,基於原始室內標記
敦和里集會所,True,基於原始室內標記
聖地慈惠堂,True,基於原始室內標記
中正體育館,True,基於原始室內標記
國風國中,True,基於原始室內標記
新寶國小,True,基於原始室內標記
山腳社區活動中心,True,基於原始室內標記
碧峰里集會所,True,基於原始室內標記
明義國小,True,基於原始室內標記
房里里集會所,True,基於原始室內標記
南埔將軍廟文教中心,True,基於原始室內標記
大園國小,True,基於原始室內標記
旭光高中禮堂,True,基於原始室內標記
富寮里集會所,True,基於原始室內標記
平林國小禮堂,True,基於原始室內標記
新庄里集會所,True,基於原始室內標記
上林老人活動中心,True,基於原始室內標記
北山國中,True,基於原始室內標記
北山國小1甲-6甲與6間專科教室,True,基於原始室內標記
籃城社區活動中心,True,基於原始室內標記
加興宮,True,基於原始室內標記
龍泉宮,True,基於原始室內標記
碧峰國小禮堂,True,基於原始室內標記
南天宮,True,基於原始室內標記
嘉長宮,True,基於原始室內標記
花蓮市公所,True,基於原始室內標記
慶豐活動中心,True,基於原始室內標記
敦和宮,True,基於原始室內標記
國立花蓮農業職業學校,True,基於原始室內標記
中原國小禮堂,True,基於原始室內標記
大西國小,True,基於原始室內標記
永和宮,True,基於原始室內標記
永安宮,True,基於原始室內標記
天盛國小,True,基於原始室內標記
坪頂社區活動中心,True,基於原始室內標記
擺塘社區活動中心,True,基於原始室內標記
埔鹽鄉立幼兒園,True,基於原始室內標記
新水國小,True,基於原始室內標記
花蓮高商,True,基於原始室內標記
北昌活動中心,True,基於原始室內標記
守成社區活動中心,True,基於原始室內標記
草屯國中禮堂,True,基於原始室內標記
富功國小禮堂,True,基於原始室內標記
中原里集會所,True,基於原始室內標記
南港國小,True,基於原始室內標記
貢旗社區活動中心,True,基於原始室內標記
大村國中,True,基於原始室內標記
村上社區活動中心,True,基於原始室內標記
加錫社區活動中心,True,基於原始室內標記
向善里集會所,True,基於原始室內標記
南美崙營區,True,基於原始室內標記
村上國小,True,基於原始室內標記
永安活動中心,True,基於原始室內標記
北投里新集會所,True,基於原始室內標記
大石社區活動中心,True,基於原始室內標記
新豐里集會所,True,基於原始室內標記
忠孝國小,True,基於原始室內標記
御史里新集會所,True,基於原始室內標記
中華國小,True,基於原始室內標記
雙冬國小禮堂,True,基於原始室內標記
鎮立幼兒園,True,基於原始室內標記
埔鹽國小,True,基於原始室內標記
坪頂里集會所,True,基於原始室內標記
過溝社區活動中心,True,基於原始室內標記
鑄強國小,True,基於原始室內標記
村東國小,True,基於原始室內標記
大村鄉公所,True,基於原始室內標記
太昌活動中心,True,基於原始室內標記
大村國小,True,基於原始室內標記
集仙宮,True,基於原始室內標記
老人文康中心,True,基於原始室內標記
大橋社區活動中心,True,基於規則推斷 (活動中心通常為室內設施)
明廉國小,True,基於原始室內標記
紫雲宮,True,基於原始室內標記
新庄國小禮堂,True,基於原始室內標記
朝陽宮,True,基於原始室內標記
田洋社區活動中心,True,基於規則推斷 (活動中心通常為室內設施)
"慈濟大學附設國民中學,小學",True,基於原始室內標記
美崙國中,True,基於原始室內標記
自強國中,True,基於原始室內標記
碧洲里集會所,True,基於原始室內標記
大村村社區活動中心,True,基於規則推斷 (活動中心通常為室內設施)
花蓮高工,True,基於原始室內標記
慈濟大學人文社會學院,True,基於原始室內標記
富寮社區活動中心,True,基於原始室內標記
德安市民活動中心,True,基於原始室內標記
永樂福利園區,True,基於原始室內標記
私立四維高級中學,True,基於原始室內標記
永樂國小,True,基於原始室內標記
埔鹽鄉公所,True,基於原始室內標記
復興里集會所,True,基於原始室內標記
大葉大學,True,基於原始室內標記
北勢里集會所,True,基於原始室內標記
聯合里辦公處,True,基於原始室內標記
楓林活動中心,True,基於原始室內標記
行政院國軍退除役官兵輔導委員會花,True,基於原始室內標記
民孝社區活動中心,True,基於原始室內標記
衛生福利部東區老人之家養護院區,True,基於原始室內標記
水源收容所,True,基於原始室內標記
大陳二村活動中心,True,基於原始室內標記
花蓮縣立體育場,True,基於原始室內標記
育民國小,True,基於原始室內標記
嘉新社區活動中心,True,基於原始室內標記
昭德堂,True,基於原始室內標記
漢寶活動中心,True,基於原始室內標記
下崙惠來社區活動中心,True,基於原始室內標記
史港里集會所,True,基於原始室內標記
史港國小,True,基於原始室內標記
陝西社區活動中心,True,基於原始室內標記
陝西社區活動中心,True,基於原始室內標記
帝君廟活動中心,True,基於原始室內標記
南豐村眉溪天主堂,True,基於規則推斷 (預設為室內 - 安全原則)
好修國小,True,基於原始室內標記
利河伯社福基金會附設私立基督仁愛之家,True,基於原始室內標記
福興里集會所,True,基於原始室內標記
花蓮港天宮,True,基於原始室內標記
茄苳社區活動中心,True,基於原始室內標記
三和社區活動中心,True,基於規則推斷 (活動中心通常為室內設施)
柑林社區活動中心,True,基於原始室內標記
福龜社區北玄宮,True,基於原始室內標記
長春社區活動中心,True,基於原始室內標記
國福社區活動中心,True,基於原始室內標記
福龜國小1甲-6甲與2間專科教室,True,基於原始室內標記
陜西國小,True,基於原始室內標記
芬園國小,True,基於原始室內標記
芬園鄉公所,True,基於原始室內標記
茄荖國小,True,基於原始室內標記
玉陵宮廣場,True,基於原始室內標記
華南國小活動中心,True,基於原始室內標記
花壇鄉公所,True,基於原始室內標記
三春國小,True,基於原始室內標記
楓灣宮廣場,False,基於原始室外標記
"育樂國小1甲-6甲與2間專科教室,圖書室,禮堂",True,基於原始室內標記
三汴社區活動中心,True,基於規則推斷 (活動中心通常為室內設施)
金興上興宮社區活動中心,True,基於原始室內標記
李家宗祠,False,基於原始室外標記
仁愛國小,True,基於原始室內標記
曾厝社區活動中心,True,基於原始室內標記
佳林社區活動中心,True,基於原始室內標記
穀豐宮,True,基於原始室內標記
花壇村活動中心,True,基於原始室內標記
橋頭社區活動中心,True,基於原始室內標記
長沙社區活動中心,True,基於原始室內標記
國軍805醫院,True,基於原始室內標記
受鎮宮,True,基於原始室內標記
廣成里社區活動中心,True,基於原始室內標記
永豐國小,True,基於規則推斷 (預設為室內 - 安全原則)
仁愛國中,True,基於原始室內標記
花壇國小,True,基於原始室內標記
明正國小,True,基於原始室內標記
富山國小,True,基於原始室內標記
七星潭社區活動中心,True,基於原始室內標記
基督教芥菜種會,True,基於原始室內標記
南勢里活動中心,True,基於原始室內標記
乾峰國小1甲-6甲與4間專科教室,True,基於原始室內標記
秀水港墘社區活動中心,True,基於原始室內標記
秀水社區活動中心,True,基於原始室內標記
管嶼國小,True,基於規則推斷 (預設為室內 - 安全原則)
萬豐國小北棟教室,True,基於原始室內標記
春陽國小,True,基於原始室內標記
東區幼兒園,True,基於原始室內標記
乾溝義民祠,True,基於原始室內標記
乾溝社區活動中心,True,基於原始室內標記
福安社區活動中心清龍巖,True,基於原始室內標記
花壇鄉舊營區,False,基於原始室外標記
莊雅社區活動中心,True,基於原始室內標記
莊雅社區活動中心,True,基於原始室內標記
文祥國小,True,基於原始室內標記
北埔社區活動中心,True,基於原始室內標記
秀水高工,True,基於原始室內標記
太平社區活動中心,True,基於原始室內標記
秀水鄉農會,True,基於原始室內標記
秀水國小,True,基於原始室內標記
精英村辦公處,True,基於原始室內標記
合成社區活動中心,True,基於原始室內標記
大漢社區活動中心,True,基於原始室內標記
國姓社區活動中心,True,基於原始室內標記
復興南營區,True,基於原始室內標記
華龍國小,True,基於原始室內標記
秀水鄉老人文康中心,True,基於原始室內標記
僑愛國小,True,基於原始室內標記
安東社區活動中心,True,基於原始室內標記
國姓國小活動中心,True,基於原始室內標記
新城鄉立圖書館,True,基於原始室內標記
新城鄉原住民文化館,True,基於原始室內標記
樹林腳社區活動中心,True,基於原始室內標記
北勢里活動中心,True,基於原始室內標記
福興國中,True,基於原始室內標記
溪尾國小教學大樓2樓綜合教室,True,基於原始室內標記
花壇鄉立圖書館,True,基於原始室內標記
國姓國中禮堂,True,基於原始室內標記
護國宮,True,基於原始室內標記
文德宮香客大樓,True,基於原始室內標記
復興國小-課後照顧教室,True,基於原始室內標記
光復國中小國中部地下室,True,基於原始室內標記
岩竹社區活動中心,True,基於原始室內標記
安溪社區活動中心,True,基於原始室內標記
西區幼兒園,True,基於原始室內標記
花壇鄉立老人文康中心,True,基於原始室內標記
白沙社區活動中心,True,基於原始室內標記
福興鄉公所,True,基於原始室內標記
街尾里活動中心,True,基於原始室內標記
龍山寺,True,基於原始室內標記
秀水鄉立體育館,True,基於原始室內標記
菜園社區活動中心,True,基於原始室內標記
莊德堂,True,基於原始室內標記
鹿港鎮立停車場,True,基於原始室內標記
康樂社區活動中心,True,基於原始室內標記
佳民國小收容所,True,基於原始室內標記
玉皇大帝神明會館,True,基於規則推斷 (預設為室內 - 安全原則)
洛津國小,True,基於原始室內標記
東崎社區活動中心,True,基於原始室內標記
文開國小,True,基於原始室內標記
景福社區發展協會,True,基於原始室內標記
高賓土雞城,True,基於原始室內標記
北港村集會所,True,基於原始室內標記
文康安養活動中心,True,基於原始室內標記
鹿東國小,True,基於原始室內標記
鶴鳴社區活動中心,True,基於原始室內標記
鶴鳴社區活動中心,True,基於原始室內標記
楞嚴宮,True,基於原始室內標記
合作國小學生活動中心,True,基於原始室內標記
四德里活動中心,True,基於原始室內標記
四德國小禮堂,True,基於原始室內標記
鹿港高中,True,基於原始室內標記
霧峰區圖書館3樓,True,基於原始室內標記
馬興國小,True,基於原始室內標記
喀哩國小北棟1樓自然教室,True,基於原始室內標記
碧雲宮,True,基於原始室內標記
馬興社區活動中心,True,基於原始室內標記
馬興社區活動中心,True,基於原始室內標記
鹿港文創會館,True,基於原始室內標記
淨蓮禪寺,True,基於原始室內標記
溝墘社區發展協會,True,基於原始室內標記
桐林國小青銅林廣場,True,基於原始室內標記
互助村中原活動中心,True,基於原始室內標記
德林念佛寺,True,基於原始室內標記
義興社區活動中心,True,基於原始室內標記
義興社區活動中心,True,基於原始室內標記
長流國小1甲-6甲及2間專科教室,True,基於原始室內標記
本鄉里活動中心,True,基於原始室內標記
南瑤宮,True,基於原始室內標記
甲寅里活動中心,True,基於原始室內標記
僑榮國小樂群樓地下室,True,基於原始室內標記
曾家社區活動中心,True,基於規則推斷 (活動中心通常為室內設施)
長流社區活動中心,True,基於原始室內標記
海埔里民集會所,True,基於規則推斷 (預設為室內 - 安全原則)
溪南國中北棟教室2樓,True,基於原始室內標記
追分國小多功能教室,True,基於原始室內標記
新興國小,True,基於原始室內標記
霧峰農工向陽樓,True,基於原始室內標記
五福國小康寧樓,True,基於原始室內標記
奉天宮,True,基於原始室內標記
松崗活動中心,True,基於規則推斷 (活動中心通常為室內設施)
東湖活動中心廣場,False,基於原始室外標記
長豐社區活動中心,True,基於原始室內標記
草湖國民小學禮堂/操場,True,基於原始室內標記
吉峰國小三期校舍地下室,True,基於原始室內標記
德鹿谷長老教會,True,基於原始室內標記
介壽生活藝文館,True,基於原始室內標記
景美活動中心,True,基於原始室內標記
合作活動中心,True,基於原始室內標記
東園國小體育館,True,基於原始室內標記
美群國民小學地下室/風雨操場,True,基於原始室內標記
塗城活動中心,True,基於原始室內標記
德興民眾活動中心,True,基於原始室內標記
源埤社區活動中心,True,基於原始室內標記
夏田活動中心廣場,False,基於原始室外標記
瑞城國民小學活動中心/操場,True,基於原始室內標記
瑞城活動中心,True,基於原始室內標記
老人文康中心,True,基於原始室內標記
頂番社區活動中心,True,基於原始室內標記
大榮國小,True,基於規則推斷 (預設為室內 - 安全原則)
鎮平社區活動中心,True,基於規則推斷 (活動中心通常為室內設施)
頂番國小,True,基於原始室內標記
竹仔坑社區活動中心,True,基於原始室內標記
健民國民小學演奏廳/操場,True,基於原始室內標記
嘉犁社區活動中心,True,基於規則推斷 (活動中心通常為室內設施)
金城活動中心,True,基於原始室內標記
竹坑營區,True,基於原始室內標記
詔安社區活動中心,True,基於規則推斷 (活動中心通常為室內設施)
新厝社區活動中心,True,基於原始室內標記
頭崙里集會所,True,基於原始室內標記
"長福國小1甲-6甲,音樂室,圖書室",True,基於原始室內標記
仁德活動中心,True,基於原始室內標記
塗城國民小學南棟教學大樓地下室/運動場,True,基於原始室內標記
成功國民中學操場,False,基於原始室外標記
五光國小西棟1樓舞蹈教室,True,基於原始室內標記
大里高中中正堂/操場,True,基於原始室內標記
光正國民中學風雨操場/操場,False,基於原始室外標記
大嘉國小,True,基於規則推斷 (預設為室內 - 安全原則)
新庄社區活動中心,True,基於原始室內標記
福興宮,True,基於原始室內標記
面前社區活動中心,True,基於規則推斷 (活動中心通常為室內設施)
農特產品產銷中心,True,基於原始室內標記
大新活動中心,True,基於原始室內標記
大里運動公園,False,基於原始室外標記
大里國民小學運動場,False,基於原始室外標記
國光里活動中心,True,基於原始室內標記
立德里活動中心,True,基於原始室內標記
內新國民小學北棟地下室/操場,True,基於原始室內標記
自治公園,False,基於原始室外標記
大霞社區活動中心,True,基於原始室內標記
行政院原住民族委員會青年?藝研習中心,True,基於原始室內標記
大元國民小學新元館/操場,True,基於原始室內標記
東汴里活動中心,True,基於原始室內標記
和仁國小,True,基於規則推斷 (預設為室內 - 安全原則)
新庄國小,True,基於規則推斷 (預設為室內 - 安全原則)
草中社區活動中心,True,基於原始室內標記
立新國民中學勤學樓地下室/風雨操場,True,基於原始室內標記
光隆國小〈圖書室2樓〉,True,基於原始室內標記
烏日國民中學第1棟2樓,True,基於原始室內標記
光德國中B、C棟教室2樓,True,基於原始室內標記
立新國民小學D棟大樓地下室/風雨操場,True,基於原始室內標記
北三棧社區活動中心,True,基於原始室內標記
三和里公兒九公園,False,基於原始室外標記
草中社區發展協會,True,基於原始室內標記
益民國民小學後棟地下室/運動場,True,基於原始室內標記
烏日社區活動中心,True,基於原始室內標記
爽文國民中學活動中心/操場,True,基於原始室內標記
糖友社區活動中心,True,基於原始室內標記
新仁活動中心,True,基於原始室內標記
僑仁國小體育館,True,基於原始室內標記
樹王活動中心,True,基於原始室內標記
和美鎮公所,True,基於原始室內標記
和東國小,True,基於原始室內標記
九德國民小學風雨操場,False,基於原始室外標記
和美鎮立幼兒園,True,基於規則推斷 (預設為室內 - 安全原則)
光榮國民中學光榮館/操場,True,基於原始室內標記
兒童青少年福利服務中心,True,基於原始室內標記
永隆國民小學活動中心/操場,True,基於原始室內標記
和美國小,True,基於規則推斷 (預設為室內 - 安全原則)
柑井社區活動中心,True,基於規則推斷 (活動中心通常為室內設施)
和群國中,True,基於規則推斷 (預設為室內 - 安全原則)
光隆營區,True,基於原始室內標記
下犁民眾活動中心,True,基於原始室內標記
旭光國小旭光廳2樓,True,基於原始室內標記
僑泰中學育才大樓,True,基於原始室內標記
中圍社區活動中心,True,基於規則推斷 (活動中心通常為室內設施)
樹義國小樂群樓及操場,True,基於原始室內標記
興隆里活動中心,True,基於原始室內標記
永隆里活動中心,True,基於原始室內標記
和美高中,True,基於原始室內標記
中寮社區活動中心,True,基於規則推斷 (活動中心通常為室內設施)
長億高中〈體育館.操場〉,True,基於原始室內標記
內新里活動中心,True,基於原始室內標記
福崙宮,True,基於原始室內標記
東興活動中心,True,基於原始室內標記
四張社區活動中心,True,基於規則推斷 (活動中心通常為室內設施)
崇光國民小學崇光樓地下室/操場,True,基於原始室內標記
發祥活動中心,True,基於原始室內標記
臺中高工操場,False,基於原始室外標記
楓樹兒童青少年活動中心,True,基於原始室內標記
私立大明高級中學體育場/禮堂,True,基於原始室內標記
大崙國小塗溝分校-室外,False,基於原始室外標記
竹營社區活動中心,True,基於原始室內標記
臺中市南區聯合辦公大樓,True,基於原始室內標記
順安農宅示範中心,True,基於原始室內標記
東汴國小〈行政教學大樓.操場〉,True,基於原始室內標記
秀林國小收容所,True,基於原始室內標記
臺中市立大里幼兒園-日新分班,True,基於原始室內標記
竹園社區活動中心,True,基於規則推斷 (活動中心通常為室內設施)
長億永成里活動中心,True,基於原始室內標記
大慶活動中心,True,基於原始室內標記
南區圖書館,True,基於原始室內標記
祥興活動中心,True,基於原始室內標記
和平國小和平館及操場,True,基於原始室內標記
梅村長老教會,True,基於原始室內標記
月眉社區活動中心,True,基於規則推斷 (活動中心通常為室內設施)
犁盛社區活動中心,True,基於規則推斷 (活動中心通常為室內設施)
信義國小信義館及操場,True,基於原始室內標記
曉陽國小,True,基於原始室內標記
中平國中〈活動中心.操場〉,True,基於原始室內標記
頭汴國小〈行政大樓B1〉,True,基於原始室內標記
頂犁民眾活動中心,True,基於原始室內標記
頭汴里活動中心,True,基於原始室內標記
建平國小〈會議室1樓、操場〉,True,基於原始室內標記
國光國小國光堂及操場,True,基於原始室內標記
中興活動中心,True,基於原始室內標記
頭前社區活動中心,True,基於規則推斷 (活動中心通常為室內設施)
禪光育幼院,True,基於原始室內標記
福隆里活動中心,True,基於原始室內標記
嘉寶社區活動中心,True,基於規則推斷 (活動中心通常為室內設施)
四育國中四育館及操場,True,基於原始室內標記
臺中市立崇倫國中崇倫堂及操場,True,基於原始室內標記
臺中市立東峰國中,True,基於原始室內標記
王田社區運動公園,False,基於原始室外標記
臺中市西區萬壽公園,False,基於原始室外標記
國立中興大學附屬臺中高級農業職業學校禮堂,True,基於原始室內標記
天主教聲遠之家,True,基於原始室內標記
好修社區活動中心,True,基於規則推斷 (活動中心通常為室內設施)
塭仔民眾活動中心,True,基於原始室內標記
溝內民眾活動中心,True,基於原始室內標記
大智國小2樓禮堂,True,基於原始室內標記
新城社區活動中心,True,基於原始室內標記
興田社區活動中心,True,基於原始室內標記
線西國小,True,基於原始室內標記
崇仁活動中心,True,基於原始室內標記
紅葉國小梅林分校,True,基於原始室內標記
臺中國小活動中心,True,基於原始室內標記
線西國中,True,基於原始室內標記
長億國小〈行政大樓B1、操場、籃球場〉,True,基於原始室內標記
大忠國民小學一樓課照教室,True,基於原始室內標記
培英國小,True,基於規則推斷 (預設為室內 - 安全原則)
寓埔民眾活動中心,True,基於原始室內標記
臺中市西區大勇國小禮堂,True,基於原始室內標記
南屯區公所4樓開放式會議室,True,基於原始室內標記
線西民眾活動中心,True,基於原始室內標記
育英國中操場,False,基於原始室外標記
塗厝社區活動中心,True,基於規則推斷 (活動中心通常為室內設施)
南屯里活動中心,True,基於原始室內標記
臺中市東區區公所禮堂,True,基於原始室內標記
線西鄉立幼兒園,True,基於原始室內標記
春社里活動中心2、3樓,True,基於原始室內標記
祥順運動公園,False,基於原始室外標記
臺中市東區樂業國小,True,基於原始室內標記
宜欣國小〈宜學樓、南大樓〉,True,基於原始室內標記
臺中市西區忠信國小禮堂忠信堂,True,基於原始室內標記
汴頭社區活動中心,True,基於規則推斷 (活動中心通常為室內設施)
頂庄民眾活動中心,True,基於原始室內標記
永定里社區活動中心,True,基於原始室內標記
臺中市西區區公所,True,基於原始室內標記
田新公園管理室,True,基於原始室內標記
大同里活動中心3樓,True,基於原始室內標記
台中公園,False,基於原始室外標記
臺中市中區老人休閒活動中心,True,基於原始室內標記
臺中市中區區公所六樓大禮堂,True,基於原始室內標記
新港社區活動中心,True,基於規則推斷 (活動中心通常為室內設施)
臺中市光復國小3樓禮堂及內操場,True,基於原始室內標記
興中停車場,False,基於原始室外標記
臺中市光復國民小學外操場,False,基於原始室外標記
伸港國中第二校區,True,基於規則推斷 (預設為室內 - 安全原則)
坪林國小〈南棟大樓B1.操場〉,True,基於原始室內標記
進德國小一樓活動中心,True,基於原始室內標記
勤益科技大學〈工程館B1.操場〉,True,基於原始室內標記
大道國中宗堯樓1樓,True,基於原始室內標記
地潭社區活動中心,True,基於規則推斷 (活動中心通常為室內設施)
文德宮,True,基於規則推斷 (預設為室內 - 安全原則)
中華國小〈前棟B1、操場〉,True,基於原始室內標記
富世活動中心,True,基於原始室內標記
泉州社區活動中心,True,基於規則推斷 (活動中心通常為室內設施)
太平國中〈行政大樓B1〉,True,基於原始室內標記
力行國小,True,基於原始室內標記
伸東國民小學,True,基於原始室內標記
伸港鄉老人文康活動中心,True,基於原始室內標記
惠智公園管理室1、2樓,True,基於原始室內標記
大新活動中心3樓,True,基於原始室內標記
蚵寮社區活動中心,True,基於規則推斷 (活動中心通常為室內設施)
臺中市北區太平國小大禮堂及操場,True,基於原始室內標記
泉厝社區活動中心,True,基於規則推斷 (活動中心通常為室內設施)
伸仁國民小學,True,基於原始室內標記
湖內社區活動中心,True,基於原始室內標記
大湖里光大里聯合活動中心,True,基於規則推斷 (活動中心通常為室內設施)
大肚社區活動中心,True,基於原始室內標記
力行國小活動中心,True,基於原始室內標記
新港國民國小,True,基於原始室內標記
大肚區公所五樓,True,基於原始室內標記
新光國小行政大樓,True,基於原始室內標記
臺中市西區中正國小禮堂中正館,True,基於原始室內標記
臺中市西區和龍民龍聯合里活動中心中心,True,基於原始室內標記
老人活動中心,True,基於原始室內標記
大肚國小體育館,True,基於原始室內標記
新平國小〈南棟B1、操場、籃球場〉,True,基於原始室內標記
黎明里活動中心,True,基於原始室內標記
黃竹國小〈戶外操場〉,True,基於原始室內標記
何南、何成里聯合活動中心,True,基於原始室內標記
大同社區活動中心,True,基於規則推斷 (活動中心通常為室內設施)
什股社區活動中心,True,基於規則推斷 (活動中心通常為室內設施)
臺中市西區忠明國小禮堂忠明館,True,基於原始室內標記
臺中市西區忠明高中禮堂忠明館,True,基於原始室內標記
新光國中〈活動中心.操場〉,True,基於原始室內標記
中和社區活動中心,True,基於原始室內標記
營埔社區活動中心,True,基於原始室內標記
永順社區活動中心,True,基於原始室內標記
頂街社區活動中心,True,基於原始室內標記
臺中市新社區中興合作農場,True,基於原始室內標記
臺中市北區乾溝子活動中心,True,基於原始室內標記
山陽國小防空避難室,True,基於原始室內標記
紅葉國小,True,基於原始室內標記
臺中市新社區大林國小,True,基於原始室內標記
省三國小育德館及操場,True,基於原始室內標記
鐵山社區活動中心,True,基於規則推斷 (活動中心通常為室內設施)
溪底社區活動中心,True,基於規則推斷 (活動中心通常為室內設施)
漢口國中（操場）,False,基於原始室外標記
崇德國小收容所,True,基於原始室內標記
何安里活動中心,True,基於原始室內標記
大同國民國小,True,基於原始室內標記
瑞井社區活動中心,True,基於原始室內標記
臺中市新社區福民國小,True,基於原始室內標記
溫泉部落鄰長家,True,基於原始室內標記
惠來國小（三期活動中心、操場）,True,基於原始室內標記
海尾社區活動中心,True,基於規則推斷 (活動中心通常為室內設施)
西屯區公所,True,基於原始室內標記
臺中市北區明德活動中心,True,基於原始室內標記
臺中市北區行政大樓,True,基於原始室內標記
臺中市立東山高級中學禮堂、操場,True,基於原始室內標記
定興社區活動中心,True,基於規則推斷 (活動中心通常為室內設施)
臺中市立三光國民中學（禮堂、操場）,False,基於原始室外標記
文昌國民小學（活動中心-弘文堂、操場）,True,基於原始室內標記
中山國中（操場）,False,基於原始室外標記
逢甲國民小學（操場、校舍頂樓）,True,基於原始室內標記
臺中市北區長青里活動中心,True,基於原始室內標記
長安國小（操場跑道）,False,基於原始室外標記
何福、何德里聯合活動中心,True,基於原始室內標記
協和國小（學生活動中心、操場）,True,基於原始室內標記
四維國民小學（活動中心）,True,基於原始室內標記
何源里活動中心,True,基於原始室內標記
臺中市北區賴興活動中心,True,基於原始室內標記
上安國小（活動中心、操場）,True,基於原始室內標記
東光國民小學（活動中心、操場）,True,基於原始室內標記
基督長老教會,False,基於原始室外標記
力行活動中心,True,基於原始室內標記
大洋部落真耶穌教會,True,基於原始室內標記
文心國民小學（禮堂、操場）,True,基於原始室內標記
崇德國民中學（崇德館、操場）,True,基於原始室內標記
上石國小（活動中心、操場）,True,基於原始室內標記
中達里育德里邱厝里聯合活動中心,True,基於規則推斷 (活動中心通常為室內設施)
平順里、平心里、平福里活動中心（3樓）,True,基於原始室內標記
至善國中（至善館、操場）,True,基於原始室內標記
青少年活動中心,True,基於原始室內標記
中台科技大學羽球館,True,基於原始室內標記
大福社區活動中心,True,基於原始室內標記
建功國民小學（地下室停車場）,True,基於原始室內標記
軍功國民小學（禮堂、操場）,True,基於原始室內標記
福安地區各里聯合活動中心,True,基於原始室內標記
全興社區活動中心,True,基於規則推斷 (活動中心通常為室內設施)
鵬程里活動中心,True,基於原始室內標記
瑞峰國小防空避難室,True,基於原始室內標記
瀋陽公園管理室（活動中心1、2樓）,True,基於原始室內標記
大鵬國小（綜合球場）,False,基於原始室外標記
僑孝國民小學（活動中心）,True,基於原始室內標記
軍功里活動中心,True,基於原始室內標記
四箴國中操場、體育館,True,基於原始室內標記
北新國民中學（活動中心）,True,基於原始室內標記
竹坑里活動中心,True,基於原始室內標記
龍峰國小操場,False,基於原始室外標記
仁愛國民小學（禮堂三樓、操場）,True,基於原始室內標記
北屯國民小學（禮堂、操場）,True,基於原始室內標記
大德國民中學（操場）,True,基於規則推斷 (預設為室內 - 安全原則)
翠華村華崗活動中心,True,基於原始室內標記
大德公園管理室（1、2樓）,True,基於原始室內標記
舊社公園活動中心（1、2樓、室外）,True,基於原始室內標記
西安、西墩、至善里聯合活動中心,True,基於原始室內標記
北屯區公所六樓禮堂,True,基於原始室內標記
臺中市東勢區慶福社區活動中心,True,基於原始室內標記
龍井國小操場、龍騰館,True,基於原始室內標記
永安國小（永安館、操場）,True,基於原始室內標記
陳平國民小學（地下活動中心）,True,基於原始室內標記
東海國小（操場、籃球場）,False,基於原始室外標記
后庄社區活動中心,True,基於原始室內標記
麗陽營區,True,基於原始室內標記
福科國中（操場、籃球場）,False,基於原始室外標記
龍崗社區活動中心,True,基於原始室內標記
松竹國民小學（勁竹及松青樓地下室）,True,基於規則推斷 (預設為室內 - 安全原則)
仁美國民小學（地下室、活動中心、操場）,True,基於原始室內標記
臺中市東勢區慶福里社區活動中心戶外停車場,False,基於原始室外標記
龍井國中操場,False,基於原始室外標記
龍井區公所禮堂,True,基於原始室內標記
協成國小（教學及行政大樓）,True,基於原始室內標記
四張犁國民中學（活動中心、操場）,True,基於原始室內標記
國安國小（新大樓活動中心、操場）,True,基於原始室內標記
新興國民小學（禮堂、操場）,True,基於原始室內標記
四張犁國民小學（操場）,False,基於原始室外標記
龍泉國小操場,False,基於原始室外標記
四民里仁和里仁美里同榮里聯合活動中心室內、室外,True,基於原始室內標記
頭家國小-多功能教室,True,基於原始室內標記
泰安國小（育才堂、操場）,True,基於原始室內標記
頭家里/頭家東里活動中心,True,基於規則推斷 (活動中心通常為室內設施)
拍瀑拉水裡社公園,False,基於原始室外標記
龍港國小操場,False,基於原始室外標記
大坑國小1.2樓教室、操場,True,基於原始室內標記
水裡港文化館,True,基於原始室內標記
龍津國小操場、綜合教學大樓,True,基於原始室內標記
潭陽社區活動中心,True,基於原始室內標記
麗水社區活動中心,True,基於原始室內標記
臺中市東勢區慶東社區活動中心,True,基於原始室內標記
僑忠國小-體育館,True,基於原始室內標記
新興國小-專科教室,True,基於原始室內標記
龍津國中操場,False,基於原始室外標記
臺中市東勢區東華國中教室,True,基於原始室內標記
東興國小（一樓課照教室）,True,基於原始室內標記
臺中市東勢區成功國小,True,基於原始室內標記
潭子國中-活動中心,True,基於原始室內標記
榮興村辦公處,True,基於原始室內標記
潭子區運動公園,False,基於原始室外標記
臺中市大雅區三和公園,False,基於原始室外標記
臺中市大雅區大明國小活動中心,True,基於原始室內標記
潭陽國小-業勤樓,True,基於原始室內標記
合作國小,True,基於原始室內標記
潭北社區活動中心,True,基於原始室內標記
山腳社區活動中心,True,基於原始室內標記
東寶國小-綜合教室,True,基於原始室內標記
忠和社區活動中心,True,基於原始室內標記
新田社區活動中心,True,基於原始室內標記
潭秀社區活動中心,True,基於原始室內標記
潭子國小-圖書室,True,基於原始室內標記
龍海國小操場,False,基於原始室外標記
臺中市立大華國中地下室,True,基於原始室內標記
臺中市大雅區西寶社區活動中心,True,基於原始室內標記
潭秀國中-體育館,True,基於原始室內標記
臺中市北勢國小禮堂,True,基於原始室內標記
南勢社區活動中心,True,基於原始室內標記
南陽國小,True,基於原始室內標記
臺中市東勢區上城社區活動中心,True,基於原始室內標記
馬力埔社區活動中心,True,基於原始室內標記
臺中市大雅區文雅國小地下室,True,基於原始室內標記
臺中市大雅區三和國小體育館,True,基於原始室內標記
臺中市東勢區下城社區活動中心,True,基於原始室內標記
臺中市大雅區陽明國小1樓教室,True,基於原始室內標記
臺中市東勢區新成國小禮堂,True,基於原始室內標記
六路社區活動中心,True,基於原始室內標記
臺中市大雅區大雅國小體育館,True,基於原始室內標記
晉江社區活動中心,True,基於原始室內標記
臺中市立大雅國中體育館,True,基於原始室內標記
福興社區活動中心,True,基於原始室內標記
北勢社區活動中心,True,基於原始室內標記
臺中市北勢國中禮堂,True,基於原始室內標記
北勢國民中學操場,False,基於原始室外標記
停四雅楓停車場,False,基於原始室外標記
斗抵社區活動中心,True,基於原始室內標記
鎌村里活動中心,True,基於原始室內標記
大南國小（多功能教室）,True,基於原始室內標記
臺中市大雅區上雅社區活動中心,True,基於原始室內標記
臺中市新社區公所,True,基於原始室內標記
臺中市大雅區公所,True,基於原始室內標記
臺中市大雅區秀山社區活動中心,True,基於原始室內標記
栗林社區活動中心,True,基於原始室內標記
永寧國小操場,False,基於原始室外標記
國立中科實驗高級中學,True,基於原始室內標記
中興嶺停車場,False,基於原始室外標記
復盛公園戶外臨時避難收容場所,False,基於原始室外標記
臺中市大雅區汝鎏國小1~3樓教室,True,基於原始室內標記
新社區老人文康活動中心,True,基於原始室內標記
東陽里活動中心,True,基於原始室內標記
興安社區活動中心,True,基於原始室內標記
興仁社區活動中心,True,基於規則推斷 (活動中心通常為室內設施)
臺中市大雅區大楓社區活動中心,True,基於原始室內標記
臺中市大雅區上楓社區活動中心二,True,基於原始室內標記
鎮立公園,False,基於原始室外標記
沙鹿國民中學操場,False,基於原始室外標記
臺中市沙鹿國中禮堂,True,基於原始室內標記
臺中市原住民綜合服務中心,False,基於原始室外標記
美仁社區活動中心,True,基於原始室內標記
居仁社區活動中心,True,基於原始室內標記
臺中市沙鹿國小禮堂,True,基於原始室內標記
臺中市大雅區上楓國小庠序樓地下室,True,基於原始室內標記
豐田國小,True,基於原始室內標記
文昌街、日新街口停車場,False,基於原始室外標記
臺中市東勢區石角國小教室,True,基於原始室內標記
臺中市大雅區六寶國小1~3樓教室,True,基於原始室內標記
豐田里活動中心舊,True,基於原始室內標記
臺中市竹林國小禮堂,True,基於原始室內標記
竹林國民小學操場,False,基於原始室外標記
三角社區活動中心,True,基於原始室內標記
豐南國中,True,基於原始室內標記
豐田活動中心新,True,基於原始室內標記
崑山國小,True,基於原始室內標記
南陽里活動中心,True,基於原始室內標記
清泉社區活動中心,True,基於原始室內標記
梧棲國中活動中心,True,基於原始室內標記
豐原區公所,True,基於原始室內標記
梧南國小3樓視聽教室,True,基於規則推斷 (預設為室內 - 安全原則)
東勢高工學生活動中心,True,基於原始室內標記
新社國小（活動中心）,True,基於原始室內標記
田心里活動中心,True,基於原始室內標記
草湳里活動中心,True,基於原始室內標記
大德國小風雨操場,False,基於原始室外標記
鹿寮社區活動中心,True,基於原始室內標記
臺中市公明國小禮堂,True,基於原始室內標記
公明國民小學操場,False,基於原始室外標記
臺中市東勢區新盛國小教室,True,基於原始室內標記
鹿鳴公園,False,基於規則推斷 (公園通常為室外空間)
臺中市鹿寮國中禮堂,True,基於原始室內標記
鹿寮國民中學操場,False,基於原始室外標記
臺中港區綜合體育館,True,基於原始室內標記
中港高中地下一樓會議教室,True,基於原始室內標記
公明社區活動中心,True,基於原始室內標記
社口國小樂群樓,True,基於原始室內標記
豐原高商,True,基於原始室內標記
大庄社區活動中心,True,基於原始室內標記
公明國民中學教室,True,基於原始室內標記
臺中市公明國中禮堂,False,基於原始室外標記
臺中市公明國中操場,False,基於原始室外標記
北陽里活動中心,True,基於原始室內標記
豐東國中,True,基於原始室內標記
福陽國小,True,基於原始室內標記
瑞穗國小,True,基於原始室內標記
陸軍第五地區支援指揮部豐原甲型聯,True,基於原始室內標記
西安里活動中心,True,基於原始室內標記
岸裡國小學生活動中心,True,基於原始室內標記
臺中市立東勢國中教室,True,基於原始室內標記
中正國小活動中心,True,基於原始室內標記
臺中市東勢區泰安宮,True,基於原始室內標記
南嵩里活動中心,True,基於原始室內標記
中陽里活動中心,True,基於原始室內標記
富春國小,True,基於原始室內標記
中港國小視聽教室,True,基於原始室內標記
臺中市立中山國小教室,True,基於原始室內標記
豐圳里活動中心新,True,基於原始室內標記
情人公園,False,基於原始室外標記
庄前里活動中心,True,基於原始室內標記
臺中市東勢區延平社區活動中心,True,基於原始室內標記
五里聯合活動中心,True,基於原始室內標記
梧棲區公所四樓禮堂,True,基於原始室內標記
豐村國小,True,基於原始室內標記
豐原國小,True,基於原始室內標記
臺中市鹿峰國小禮堂,True,基於原始室內標記
鹿峰國民小學操場,False,基於原始室外標記
東勢區鯉魚伯公公園,False,基於原始室外標記
南村里活動中心,True,基於原始室內標記
大甲溪河濱公園,False,基於原始室外標記
龍興活動中心,True,基於原始室內標記
北庄社區活動中心,True,基於原始室內標記
翁明里活動中心,True,基於原始室內標記
東勢客家文化園區,False,基於原始室外標記
圳寮里活動中心,True,基於原始室內標記
神岡區公所,True,基於原始室內標記
梧棲綜合活動中心,True,基於原始室內標記
臺中市東勢區中科國小,True,基於原始室內標記
大湳里活動中心,True,基於原始室內標記
臺中市東勢區東勢國小禮堂,True,基於原始室內標記
南簡公園,False,基於原始室外標記
神岡國小中正體育館,True,基於原始室內標記
南田里活動中心,True,基於原始室內標記
石岡托兒所和盛分所,True,基於原始室內標記
三村里活動中心,True,基於原始室內標記
東新國小教室,True,基於原始室內標記
公館國民小學操場,False,基於原始室外標記
頂寮社區活動中心,True,基於原始室內標記
北湳里活動中心,True,基於原始室內標記
葫蘆墩國小,True,基於原始室內標記
豐陽國中,True,基於原始室內標記
豐洲國小教室,True,基於原始室內標記
社會福利館,True,基於原始室內標記
翁子里活動中心,True,基於原始室內標記
東新國中教室,True,基於原始室內標記
?榔國小禮堂,True,基於原始室內標記
土牛活動中心,True,基於原始室內標記
清水國小活動中心,True,基於原始室內標記
清水區公所,True,基於原始室內標記
清水國中學生活動中心---培德樓,True,基於原始室內標記
西湳里活動中心,True,基於原始室內標記
三叉坑社區活動中心,True,基於原始室內標記
清水區老人文康活動中心1樓,True,基於原始室內標記
鰲峰社區活動中心,True,基於原始室內標記
吳厝國小地下室1 樓,True,基於原始室內標記
東湳里活動中心,True,基於原始室內標記
金星活動中心,True,基於原始室內標記
建國國小教學行政大樓地下室,True,基於原始室內標記
大秀國小--國小禮堂及朝陽樓地下室1樓,True,基於原始室內標記
清水紫雲巖文化大樓,True,基於原始室內標記
圳堵國小學生活動中心,True,基於原始室內標記
梅子活動中心,True,基於原始室內標記
朴子里活動中心,True,基於原始室內標記
石岡區公所,True,基於原始室內標記
萬興活動中心,True,基於原始室內標記
HHH,True,基於原始室內標記
西寧國小活動中心,True,基於原始室內標記
萬安活動中心,True,基於原始室內標記
石岡國小籃球場,False,基於原始室外標記
東山國小教學大樓地下室,True,基於原始室內標記
清海國中--弘德樓地下室,True,基於原始室內標記
峰谷國小南棟教室,True,基於原始室內標記
石城國小教室,True,基於原始室內標記
"三田國小禮堂1,2樓",True,基於原始室內標記
雙崎社區活動中心,True,基於原始室內標記
大楊國小A棟地下室,True,基於原始室內標記
舊社社區活動中心,True,基於原始室內標記
后里七星崗營區,True,基於原始室內標記
墩南社區活動中心,True,基於原始室內標記
七星國小,True,基於原始室內標記
后里南營區,True,基於原始室內標記
上新社區籃槌球場,False,基於原始室外標記
內灣國小操場,False,基於原始室外標記
上新老人文康中心,True,基於原始室內標記
甲南國小北棟地下室1樓,True,基於原始室內標記
清泉國中活動中心,True,基於原始室內標記
后綜高中,True,基於原始室內標記
臺中市立后里幼兒園,True,基於原始室內標記
后里國中,True,基於原始室內標記
墩東社區活動中心,True,基於原始室內標記
內埔國小,True,基於原始室內標記
墩北社區活動中心,True,基於原始室內標記
后里社區活動中心,True,基於原始室內標記
和平活動中心,True,基於原始室內標記
義里社區活動中心,True,基於原始室內標記
后里區立活動中心,True,基於原始室內標記
明正國小教室,True,基於原始室內標記
后里國小,True,基於原始室內標記
育英國小,True,基於原始室內標記
卓蘭國小活動中心,True,基於原始室內標記
卓蘭國小操場,False,基於原始室外標記
高美國小教學行政大樓地下室1樓,True,基於原始室內標記
臺中市立后里幼兒園-太平聯合分所,True,基於原始室內標記
厚里社區活動中心,True,基於原始室內標記
月眉國小,True,基於原始室內標記
泰安社區活動中心,True,基於原始室內標記
泰安國小,True,基於原始室內標記
水美國小勤學樓,True,基於原始室內標記
南澳高中,True,基於原始室內標記
豐原國中,True,基於原始室內標記
外埔老人文康活動中心,True,基於原始室內標記
農民研習中心大型收容所,True,基於原始室內標記
公館社區活動中心,True,基於原始室內標記
金洋國小,True,基於原始室內標記
澳花和平基督長老教會,True,基於原始室內標記
水美社區活動中心,True,基於原始室內標記
坪林社區活動中心,True,基於原始室內標記
景山國小操場,False,基於原始室外標記
文武國小體育教室,True,基於原始室內標記
桃山社區活動中心,True,基於原始室內標記
豐原高中,True,基於原始室內標記
大甲區長青活動中心,True,基於原始室內標記
雙連國小操場,False,基於原始室外標記
大安國小體育館,True,基於原始室內標記
老人文康活動中心,True,基於原始室內標記
大安區公所禮堂,True,基於原始室內標記
梅園村活動中心,True,基於原始室內標記
新開國小操場,False,基於原始室外標記
新開國小,True,基於原始室內標記
文昌國小戶外空地,False,基於原始室外標記
大甲高工活動中心,True,基於原始室內標記
大甲國小禮堂,True,基於原始室內標記
豐田國小操場,False,基於原始室外標記
坪林國小操場,False,基於原始室外標記
大甲國中活動中心,True,基於原始室內標記
三光國小體育館,True,基於原始室內標記
景山社區活動中心,True,基於原始室內標記
士林國小,True,基於原始室內標記
象鼻村活動中心,True,基於原始室內標記
象鼻村活動中心戶外廣場,False,基於原始室外標記
大安國中體育館,True,基於原始室內標記
栗林國小操場,False,基於原始室外標記
栗林社區活動中心,True,基於原始室內標記
武榮社區活動中心,True,基於原始室內標記
日南國中體育館,True,基於原始室內標記
海墘國小體育館,True,基於原始室內標記
東興國小操場,False,基於原始室外標記
東興國小,True,基於原始室內標記
永安國小體育館,True,基於原始室內標記
武榮國小操場,False,基於原始室外標記
日南國小禮堂,True,基於原始室內標記
細道邦長老教會,True,基於原始室內標記
梅園村活動中心戶外廣場,False,基於原始室外標記
南湖國中操場,False,基於原始室外標記
南湖國中,True,基於原始室內標記
華龍國小戶外空地,False,基於原始室外標記
大湖農工操場,False,基於原始室外標記
大湖農工,True,基於原始室內標記
西岐國小有晴館,True,基於原始室內標記
大興村活動中心,True,基於原始室內標記
大湖國小操場,False,基於原始室外標記
大湖國小,True,基於原始室內標記
大南村辦公處,True,基於原始室內標記
大湖鄉老人文康中心,True,基於原始室內標記
福興里民活動中心,True,基於原始室內標記
鄉立武塔村幼兒園,True,基於原始室內標記
大湖國中操場,False,基於原始室外標記
大湖國中,True,基於原始室內標記
新隆國小操場,False,基於原始室外標記
新隆國小,True,基於原始室內標記
南山活動中心,True,基於原始室內標記
金岳國小,True,基於原始室內標記
武塔國小,True,基於原始室內標記
清安村活動中心,True,基於原始室內標記
南澳村辦公處,True,基於原始室內標記
富民社區活動中心戶外廣場,False,基於原始室外標記
朝陽社區活動中心,True,基於原始室內標記
興隆國小操場,False,基於原始室外標記
興隆國小,True,基於原始室內標記
南強社區活動中心,True,基於原始室內標記
通霄鎮綜合活動中心,True,基於原始室內標記
文峰國小操場,False,基於原始室外標記
文峰國小,True,基於原始室內標記
蓬萊國小,True,基於原始室內標記
錦水村活動中心,True,基於原始室內標記
南澳鄉公所二樓,True,基於原始室內標記
錦水村活動中心戶外廣場,False,基於原始室外標記
金洋社區活動中心,True,基於原始室內標記
南澳國小,True,基於原始室內標記
南衡宮,True,基於原始室內標記
九湖國小操場,False,基於原始室外標記
九湖國小,True,基於原始室內標記
碧候國小,True,基於原始室內標記
豐林國小,False,基於原始室外標記
新豐村活動中心,True,基於原始室內標記
城南社區活動中心,True,基於原始室內標記
銅鑼灣會館,True,基於原始室內標記
通霄國小,False,基於原始室外標記
豐林社區活動中心,True,基於原始室內標記
八卦村活動中心,True,基於原始室內標記
中興國小操場,False,基於原始室外標記
中興國小,True,基於原始室內標記
四季活動中心,True,基於原始室內標記
通霄國中,False,基於原始室外標記
銅鑼國小操場,False,基於原始室外標記
銅鑼國小,True,基於原始室內標記
八卦村活動中心戶外操場,False,基於原始室外標記
苗栗縣青少年服務中心暨平安社區活動中心,True,基於原始室內標記
竹森社區活動中心,True,基於原始室內標記
廣德宮廣場,False,基於原始室外標記
公館鄉公所,True,基於原始室內標記
公館鄉老人文康中心,True,基於原始室內標記
東澳社區活動中心,True,基於原始室內標記
東澳國小,True,基於原始室內標記
東岳村災民收容中心,True,基於原始室內標記
南勢社區活動中心,True,基於原始室內標記
五湖社區活動中心,True,基於原始室內標記
和興社區活動中心,True,基於原始室內標記
四湖社區活動中心,True,基於原始室內標記
茂安活動中心,True,基於原始室內標記
義民廟,True,基於原始室內標記
獅潭國小,False,基於原始室外標記
水源社區活動中心,True,基於原始室內標記
新店村活動中心,True,基於原始室內標記
蓬萊國小室外,False,基於原始室外標記
蓬萊國小室內,True,基於原始室內標記
勝利社區活動中心,True,基於原始室內標記
獅潭國中,True,基於原始室內標記
恭敬社區活動中心,True,基於原始室內標記
國立聯合大學活動中心,True,基於原始室內標記
國立聯合大學操場,False,基於原始室外標記
高苗里活動中心,True,基於原始室內標記
大同國小活動中心,True,基於原始室內標記
大同國小操場,False,基於原始室外標記
維新社區活動中心,True,基於原始室內標記
新英社區活動中心,True,基於原始室內標記
苗栗市老人文康中心室外草皮,False,基於原始室外標記
苗栗市老人文康中心室內空間,True,基於原始室內標記
苗栗農工活動中心,True,基於原始室內標記
苗栗農工操場,False,基於原始室外標記
西湖鄉農特產品展售綜合活動中心,True,基於原始室內標記
西湖鄉農特產品展售綜合活動中心戶外草坪,False,基於原始室外標記
西湖鄉立體育館,True,基於原始室內標記
中苗社區活動中心,True,基於原始室內標記
秀巒村集會所,True,基於原始室內標記
永興村活動中心,True,基於原始室內標記
福麗社區活動中心,True,基於原始室內標記
建功國小操場,False,基於原始室外標記
文山國小活動中心,True,基於原始室內標記
文山國小操場,False,基於原始室外標記
玉苗社區活動中心,True,基於原始室內標記
北苗聯合社區活動中心室內空間,True,基於原始室內標記
北苗聯合社區活動中心室外停車場,False,基於原始室外標記
鎮西堡長老教會,True,基於原始室內標記
玉峰村集會所,True,基於原始室內標記
永興國小,True,基於原始室內標記
南安國中,True,基於原始室內標記
永樂社區活動中心,True,基於原始室內標記
苗栗縣頭屋國小操場,False,基於原始室外標記
苗栗縣頭屋國小活動中心,True,基於原始室內標記
苗栗縣頭屋國中操場,False,基於原始室外標記
苗栗縣頭屋國中活動中心,True,基於原始室內標記
永樂國小,True,基於原始室內標記
南安國小,True,基於原始室內標記
福星國小活動中心,True,基於原始室內標記
福星國小操場,False,基於原始室外標記
昭安社區活動中心,True,基於原始室內標記
南興社區活動中心,True,基於原始室內標記
百壽村活動中心,True,基於原始室內標記
頭屋鄉老人文康活動中心,True,基於原始室內標記
南寧社區活動中心,True,基於原始室內標記
白米社區活動中心,True,基於原始室內標記
南成社區活動中心,True,基於原始室內標記
中和國小操場,False,基於原始室外標記
中和國小綜合教室,True,基於原始室內標記
養老天主堂,True,基於原始室內標記
士敏國小,True,基於原始室內標記
長安社區活動中心,True,基於原始室內標記
蘇西社區活動中心,True,基於原始室內標記
永光社區活動中心,True,基於原始室內標記
蘇澳海事,True,基於原始室內標記
南江村社區活動中心,True,基於原始室內標記
蘇澳鎮公所,True,基於原始室內標記
聖湖社區活動中心,True,基於原始室內標記
桃山村辦公處,True,基於原始室內標記
蘇澳國中,True,基於原始室內標記
蘇東社區活動中心,True,基於原始室內標記
蘇澳國小,True,基於原始室內標記
蘇北社區活動中心,True,基於原始室內標記
東村社區第二活動中心,True,基於原始室內標記
鄉公所廣場後,False,基於原始室外標記
鄉公所廣場前,False,基於原始室外標記
蘇南社區活動中心,True,基於原始室內標記
公有零售市場二樓,True,基於原始室內標記
樂水活動中心,True,基於原始室內標記
龍德社區活動中心,True,基於原始室內標記
南庄國小,False,基於原始室外標記
龍坑國小教室,True,基於原始室內標記
龍坑國小操場,False,基於原始室外標記
同光國小操場,False,基於原始室外標記
同光國小綜合教室,True,基於原始室內標記
寒溪活動中心,True,基於原始室內標記
維真國中活動中心,True,基於原始室內標記
岳明社區活動中心,True,基於原始室內標記
維真國中操場,False,基於原始室外標記
新港國中小活動中心,True,基於原始室內標記
新港國中小操場,False,基於原始室外標記
苗栗縣後龍鎮公所,True,基於原始室內標記
岳明國小,True,基於原始室內標記
苗栗縣老人福利服務中心,True,基於原始室內標記
後龍國小教室,True,基於原始室內標記
後龍國小操場,False,基於原始室外標記
中龍里活動中心,True,基於原始室內標記
北龍里活動中心,True,基於原始室內標記
隘丁社區活動中心,True,基於原始室內標記
後龍國中操場,False,基於原始室外標記
北埔社區活動中心,True,基於原始室內標記
後龍國中活動中心,True,基於原始室內標記
文化國中,True,基於原始室內標記
田美社區活動中心,True,基於原始室內標記
慶安廟活動中心,True,基於原始室內標記
溪洲國小操場,False,基於原始室外標記
永榮社區活動中心,True,基於原始室內標記
馬賽國小,True,基於原始室內標記
頂寮文教活動中心,True,基於原始室內標記
造橋鄉綜合活動中心-室內,True,基於原始室內標記
造橋鄉綜合活動中心-室外,False,基於原始室外標記
福德社區活動中心,True,基於原始室內標記
大興社區活動中心,True,基於原始室內標記
竹林村辦公處,True,基於原始室內標記
存仁社區活動中心,True,基於原始室內標記
大河社區活動中心,True,基於原始室內標記
香和社區活動中心,True,基於原始室內標記
南富社區活動中心,True,基於原始室內標記
東城社區活動中心,True,基於原始室內標記
員林社區活動中心,True,基於原始室內標記
復興活動中心,True,基於原始室內標記
五峰活動中心,True,基於原始室內標記
成功國小操場,False,基於原始室外標記
太和社區活動中心,True,基於原始室內標記
大進社區活動中心,True,基於原始室內標記
南興社區活動中心,True,基於原始室內標記
獅山社區第二活動中心,True,基於原始室內標記
安平社區活動中心,True,基於原始室內標記
濫坑社區活動中心,True,基於原始室內標記
冬山社區活動中心,True,基於原始室內標記
八寶社區活動中心,True,基於原始室內標記
造橋鄉造橋國中-室外,False,基於原始室外標記
造橋鄉造橋國中-室內,True,基於原始室內標記
育英國小,True,基於原始室內標記
秀巒國小田埔分校,True,基於原始室內標記
丸山社區活動中心,True,基於原始室內標記
珍珠社區活動中心,True,基於原始室內標記
三奇社區活動中心,True,基於原始室內標記
補城社區活動中心,True,基於原始室內標記
梅花社區活動中心,True,基於原始室內標記
成興社區老人活動中心,True,基於原始室內標記
大山國小操場,False,基於原始室外標記
大山國小教室,True,基於原始室內標記
花園村集會所,True,基於原始室內標記
上巴陵真耶穌教會,True,基於原始室內標記
中山社區活動中心,True,基於原始室內標記
外埔國小教室,True,基於原始室內標記
外埔國小操場,False,基於原始室外標記
永和社區活動中心,True,基於原始室內標記
成興村老人福利中心,True,基於原始室內標記
順安社區活動中心,True,基於原始室內標記
獅山遊客中心,True,基於原始室內標記
文英國中操場,False,基於原始室外標記
石磊國小,True,基於原始室內標記
永美社區活動中心,True,基於原始室內標記
松羅活動中心,True,基於原始室內標記
內灣社區活動中心,True,基於原始室內標記
鹿埔社區活動中心,True,基於原始室內標記
三灣國小操場室外收容,False,基於原始室外標記
三灣國小室內活動中心,True,基於原始室內標記
廣興社區活動中心,True,基於原始室內標記
豐鄉村集會所,True,基於原始室內標記
瑞峰國小操場,False,基於原始室外標記
瑞峰國小禮堂,True,基於原始室內標記
玉峰國小,True,基於原始室內標記
武淵社區活動中心,True,基於原始室內標記
員山社區臨時收容站,True,基於原始室內標記
海寶國小教室,True,基於原始室內標記
海寶國小操場,False,基於原始室外標記
竹東瑞峰國小,True,基於原始室內標記
大義社區臨時收容站,True,基於原始室內標記
湖光社區活動中心,True,基於原始室內標記
清溝社區活動中心,True,基於原始室內標記
利澤社區活動中心,True,基於原始室內標記
二次收容 三星鄉公所臨時辦公處原三星社區,True,基於原始室內標記
三星國中臨時收容站,True,基於原始室內標記
大坪社區活動中心,True,基於原始室內標記
大洲多功能館臨時收容站,True,基於原始室內標記
新群社區活動中心,True,基於原始室內標記
群英社區活動中心,True,基於原始室內標記
維安社區活動中心,True,基於原始室內標記
港墘社區活動中心,True,基於原始室內標記
宇老派出所,True,基於原始室內標記
憲明國小臨時收容站,True,基於原始室內標記
三星國小臨時收容站,True,基於原始室內標記
第三公園管理站南昌社區活動中心,True,基於原始室內標記
廣興社區活動中心,True,基於原始室內標記
成功國小體育館,True,基於規則推斷 (體育館為室內設施)
雙義社區社區二次收容,True,基於原始室內標記
廣安社區活動中心,True,基於原始室內標記
羅莊社區活動中心,True,基於原始室內標記
阿束社社區活動中心,True,基於原始室內標記
仁和社區活動中心,True,基於原始室內標記
梅花長老教會,True,基於原始室內標記
第二公園管理站羅東鎮老人館,True,基於原始室內標記
仁德社區活動中心,True,基於原始室內標記
漢民社區活動中心,True,基於原始室內標記
東安社區活動中心,True,基於原始室內標記
新興國小操場,False,基於原始室外標記
海口國小-操場,False,基於原始室外標記
北成國小自強館,True,基於規則推斷 (預設為室內 - 安全原則)
天送埤社區二次收容,True,基於原始室內標記
聖安宮,True,基於原始室內標記
大新社區活動中心,True,基於原始室內標記
三灣鄉活動中心,True,基於原始室內標記
下興社區活動中心,True,基於原始室內標記
柯林社區活動中心,True,基於原始室內標記
羅東鎮展演廳,True,基於原始室內標記
季新社區活動中心,True,基於原始室內標記
新豐社區活動中心,True,基於原始室內標記
國華國中自強館,True,基於規則推斷 (預設為室內 - 安全原則)
北成社區活動中心,True,基於原始室內標記
大洲社區二次收容,True,基於原始室內標記
公正國小體育館,True,基於原始室內標記
新店社區活動中心,True,基於原始室內標記
崙埤活動中心,True,基於原始室內標記
斗煥國小操場,False,基於原始室外標記
田寮社區活動中心,True,基於原始室內標記
永貞國小操場,False,基於原始室外標記
羅東國中自強館,True,基於規則推斷 (預設為室內 - 安全原則)
大成高中操場,False,基於原始室外標記
第五公園管理站樹林社區活動中心,True,基於原始室內標記
第一公園管理站信義社區活動中心,True,基於原始室內標記
竹南國小-操場,False,基於原始室外標記
竹南鎮公所三樓演藝廳,True,基於原始室內標記
民族社區活動中心室內,True,基於原始室內標記
珊湖社區活動中心,True,基於原始室內標記
行健社區二次收容,True,基於原始室內標記
五結鄉公所,True,基於原始室內標記
錦屏村集會所,True,基於原始室內標記
五結社區活動中心,True,基於原始室內標記
六合國小操場,False,基於原始室外標記
新華社區活動中心,True,基於原始室內標記
頭份市公所中正館,True,基於原始室內標記
頭份市公所中山堂,True,基於原始室內標記
正勉堂,True,基於原始室內標記
峨眉鄉老人文康中心,True,基於原始室內標記
信德國小操場,False,基於原始室外標記
富興國小,True,基於原始室內標記
東庄社區活動中心,True,基於原始室內標記
竹興國小-操場,False,基於原始室外標記
四結社區活動中心,True,基於原始室內標記
頭份國小操場,False,基於原始室外標記
新南國小-操場,False,基於原始室外標記
竹林社區活動中心,True,基於原始室內標記
協和社區活動中心,True,基於原始室內標記
竹林國小體育館,True,基於原始室內標記
峨眉國小,True,基於原始室內標記
李科永圖書館,True,基於原始室內標記
竹南運動公園,False,基於原始室外標記
義興分校,True,基於原始室內標記
建國國中操場,False,基於原始室外標記
富興社區活動中心,True,基於原始室內標記
峨眉國中,True,基於原始室內標記
竹興社區活動中心-竹南鎮老人文康活動中心,True,基於原始室內標記
頭份國中操場,False,基於原始室外標記
中盛社區活動中心,True,基於原始室內標記
蟠桃國小操場,False,基於原始室外標記
大隱社區臨時收容站,True,基於原始室內標記
八大庄一百甲城煌廟,True,基於原始室內標記
上埔社區活動中心室內,True,基於原始室內標記
萬德社區二次收容,True,基於原始室內標記
萬富社區臨時收容站,True,基於原始室內標記
蟠桃社區活動中心,True,基於原始室內標記
忠孝社區活動中心,True,基於原始室內標記
照南國小活動中心,True,基於原始室內標記
佳興社區活動中心,True,基於原始室內標記
嘉興國小,True,基於原始室內標記
建國國小操場,False,基於原始室外標記
孝威社區活動中心,True,基於原始室內標記
后庄國小操場,False,基於原始室外標記
五結國中五動館,True,基於原始室內標記
信義國小操場,False,基於原始室外標記
興隆社區活動中心室內,True,基於規則推斷 (活動中心通常為室內設施)
四結福德廟,True,基於原始室內標記
石井集會所,True,基於原始室內標記
嘉樂村集會所,True,基於原始室內標記
北埔鄉圓樓市場,True,基於規則推斷 (預設為室內 - 安全原則)
開基灶君廟省民堂,True,基於原始室內標記
北埔鄉老人文康中心,True,基於原始室內標記
埔尾活動中心二次避難所,True,基於原始室內標記
北埔國小二次避難所,True,基於原始室內標記
北埔鄉立幼兒園,True,基於原始室內標記
仁愛社區活動中心,True,基於原始室內標記
山下社區活動中心,True,基於原始室內標記
關西國小,True,基於原始室內標記
水?社區活動中心,True,基於原始室內標記
豐田村集會所,True,基於原始室內標記
北埔國中二次避難所,True,基於原始室內標記
田寮村集會所,True,基於原始室內標記
三興社區活動中心,True,基於原始室內標記
尖石天主堂,True,基於原始室內標記
新光國小,True,基於原始室內標記
廣濟宮活動中心,True,基於原始室內標記
拿互依長老教會,True,基於原始室內標記
大同高中-操場,False,基於原始室外標記
大埔社區活動中心,True,基於原始室內標記
中華村集會所,True,基於原始室內標記
二結社區活動中心,True,基於原始室內標記
內城國民中小學化育分校,True,基於規則推斷 (預設為室內 - 安全原則)
蓁巷社區活動中心,True,基於原始室內標記
員崠國小活動中心,True,基於原始室內標記
七賢村民眾活動中心,True,基於原始室內標記
深溝村集會所,True,基於原始室內標記
力行村集會所,True,基於原始室內標記
橫山社區長壽俱樂部,True,基於原始室內標記
內城社區活動中心,True,基於原始室內標記
雙溪國小三峰分校,True,基於規則推斷 (預設為室內 - 安全原則)
老人文康活動中心,True,基於原始室內標記
八五三教會,True,基於原始室內標記
油田社區活動中心,True,基於規則推斷 (活動中心通常為室內設施)
凱旋國民中學樂活館,True,基於原始室內標記
凱旋國小展藝館,True,基於原始室內標記
南隘國小,True,基於規則推斷 (預設為室內 - 安全原則)
凱旋社區活動中心,True,基於原始室內標記
大崎村集會所,True,基於原始室內標記
寶斗集會所,True,基於規則推斷 (預設為室內 - 安全原則)
新南活動中心,True,基於原始室內標記
紅葉活動中心,True,基於原始室內標記
南橋社區活動中心,True,基於原始室內標記
建業社區活動中心,True,基於原始室內標記
惠好社區活動中心,True,基於原始室內標記
樹杞林文化館,True,基於原始室內標記
中山社區活動中心,True,基於原始室內標記
育才國小中興堂,True,基於原始室內標記
新城國小,True,基於規則推斷 (預設為室內 - 安全原則)
中山國小禮堂,True,基於原始室內標記
秀湖社區活動中心,True,基於原始室內標記
水田教會,True,基於原始室內標記
竹東國小體育館,True,基於原始室內標記
湖北社區活動中心,True,基於原始室內標記
福興社區活動中心,True,基於原始室內標記
五龍社區活動中心,True,基於原始室內標記
永鎮活動中心,True,基於原始室內標記
竹東客家戲曲公園,False,基於原始室外標記
尚德社區活動中心,True,基於原始室內標記
逸仙社區活動中心,True,基於原始室內標記
沙坑村集會所,True,基於原始室內標記
大同國小禮堂,True,基於原始室內標記
寶山國小,True,基於規則推斷 (預設為室內 - 安全原則)
進士里鎮興廟,True,基於原始室內標記
內湖國中,True,基於規則推斷 (預設為室內 - 安全原則)
內湖國小,True,基於規則推斷 (預設為室內 - 安全原則)
黎明里慶安廟,True,基於原始室內標記
黎明社區活動中心,True,基於原始室內標記
壯五活動中心,True,基於原始室內標記
老人文康中心,True,基於原始室內標記
國立宜蘭大學體育館,True,基於原始室內標記
大湖國小,True,基於規則推斷 (預設為室內 - 安全原則)
湖東社區活動中心,True,基於原始室內標記
壯圍鄉公所,True,基於原始室內標記
大福補天宮,True,基於原始室內標記
思源社區活動中心,True,基於原始室內標記
雙湖社區活動中心,True,基於原始室內標記
永興社區活動中心,True,基於原始室內標記
石潭社區活動中心,True,基於原始室內標記
三聖宮,True,基於原始室內標記
復興國中群育館,True,基於原始室內標記
永和社區活動中心,True,基於原始室內標記
華龍村集會所,True,基於原始室內標記
五大社區活動中心,True,基於原始室內標記
中華國中,True,基於原始室內標記
國立宜蘭高中體育館,True,基於原始室內標記
美城活動中心,True,基於原始室內標記
黎明國小體育館,True,基於原始室內標記
社福大樓2樓,True,基於原始室內標記
宜蘭國小活動中心,True,基於原始室內標記
東嶽廟,True,基於原始室內標記
南屏國小活動中心,True,基於原始室內標記
中山國小五育館,True,基於原始室內標記
光復國小五育館,True,基於原始室內標記
國立宜蘭高商四維堂,True,基於原始室內標記
茄冬國小,True,基於規則推斷 (預設為室內 - 安全原則)
美福活動中心,True,基於原始室內標記
玉山國小,True,基於原始室內標記
中華大學,True,基於規則推斷 (預設為室內 - 安全原則)
碧霞宮,True,基於原始室內標記
過嶺活動中心,True,基於原始室內標記
結頭份社區活動中心,True,基於原始室內標記
梅洲里鎮平宮,True,基於原始室內標記
東園社區活動中心,True,基於原始室內標記
宜蘭縣社會福利館多功能劇場,True,基於原始室內標記
同樂社區活動中心,True,基於原始室內標記
慶和社區活動中心1樓,True,基於原始室內標記
慶和里慶和廟,True,基於原始室內標記
梅洲社區活動中心,True,基於原始室內標記
力行國小英才館,True,基於原始室內標記
宜蘭國中活動中心,True,基於原始室內標記
七張社區活動中心,True,基於原始室內標記
富禮國中,True,基於規則推斷 (預設為室內 - 安全原則)
新生社區活動中心,True,基於原始室內標記
雙溪國小,True,基於原始室內標記
七張里慈雲寺,False,基於原始室外標記
順和活動中心,True,基於原始室內標記
寶山鄉綜合行政大樓,True,基於規則推斷 (預設為室內 - 安全原則)
朝山國小,True,基於規則推斷 (預設為室內 - 安全原則)
寶山鄉老人文康中心,True,基於規則推斷 (預設為室內 - 安全原則)
二重國小禮堂,True,基於原始室內標記
北津社區活動中心,True,基於原始室內標記
新鳳村集會所,True,基於原始室內標記
枕山社區活動中心,True,基於原始室內標記
北津里帝王廟,True,基於原始室內標記
錦山國小,True,基於原始室內標記
青草湖國小,True,基於規則推斷 (預設為室內 - 安全原則)
深井社區活動中心,True,基於原始室內標記
?後活動中心,True,基於原始室內標記
新生國小體育館,True,基於原始室內標記
古亭活動中心,True,基於原始室內標記
玄奘大學,True,基於規則推斷 (預設為室內 - 安全原則)
文林村集會所,True,基於原始室內標記
芎林村公有零售市場,True,基於原始室內標記
中坑社區活動中心,True,基於原始室內標記
壯六活動中心,True,基於原始室內標記
元培科技大學,True,基於規則推斷 (預設為室內 - 安全原則)
茭白社區活動中心,True,基於原始室內標記
東光國小,True,基於原始室內標記
新社活動中心,True,基於原始室內標記
新竹實驗中學,True,基於規則推斷 (預設為室內 - 安全原則)
澳花國小,True,基於原始室內標記
新社高級中學,True,基於原始室內標記
新科國中,True,基於規則推斷 (預設為室內 - 安全原則)
龍潭國小,True,基於原始室內標記
竹中國小禮堂,True,基於原始室內標記
水坑社區活動中心,True,基於原始室內標記
科園國小,True,基於規則推斷 (預設為室內 - 安全原則)
鄉立幼兒園,True,基於原始室內標記
關東國小,True,基於規則推斷 (預設為室內 - 安全原則)
古結活動中心,True,基於原始室內標記
香山高中,True,基於規則推斷 (預設為室內 - 安全原則)
交通大學,True,基於規則推斷 (預設為室內 - 安全原則)
上山村集會所,True,基於原始室內標記
吳沙國中,True,基於原始室內標記
光武國中,True,基於規則推斷 (預設為室內 - 安全原則)
四結國小,True,基於原始室內標記
新竹縣農會,True,基於原始室內標記
大庄國小,True,基於規則推斷 (預設為室內 - 安全原則)
關西高中,True,基於原始室內標記
育賢國中,True,基於規則推斷 (預設為室內 - 安全原則)
陽光國小,True,基於規則推斷 (預設為室內 - 安全原則)
東安國小,True,基於原始室內標記
龍山國小,True,基於規則推斷 (預設為室內 - 安全原則)
成德高中,True,基於規則推斷 (預設為室內 - 安全原則)
龍潭國小匏崙分校,True,基於原始室內標記
建華國中,True,基於規則推斷 (預設為室內 - 安全原則)
新竹教育大學,True,基於規則推斷 (預設為室內 - 安全原則)
培英國中,True,基於規則推斷 (預設為室內 - 安全原則)
清華大學,True,基於規則推斷 (預設為室內 - 安全原則)
新竹高中,True,基於規則推斷 (預設為室內 - 安全原則)
新竹高商,True,基於規則推斷 (預設為室內 - 安全原則)
新竹國小,True,基於規則推斷 (預設為室內 - 安全原則)
香山國小,True,基於規則推斷 (預設為室內 - 安全原則)
頂埔國小,True,基於規則推斷 (預設為室內 - 安全原則)
建功高中,True,基於規則推斷 (預設為室內 - 安全原則)
光復中學,True,基於規則推斷 (預設為室內 - 安全原則)
玉田活動中心,True,基於原始室內標記
關西國中,True,基於原始室內標記
玉田國小,True,基於原始室內標記
新竹教育大學附設實驗小學,True,基於規則推斷 (預設為室內 - 安全原則)
東園國小,True,基於規則推斷 (預設為室內 - 安全原則)
建功國小,True,基於規則推斷 (預設為室內 - 安全原則)
坪林國小,True,基於原始室內標記
西門國小,True,基於規則推斷 (預設為室內 - 安全原則)
壯圍鄉立幼兒園,True,基於原始室內標記
虎林國小,True,基於規則推斷 (預設為室內 - 安全原則)
虎林國中,True,基於規則推斷 (預設為室內 - 安全原則)
新竹女中,True,基於規則推斷 (預設為室內 - 安全原則)
東區區公所,True,基於原始室內標記
東門國小,True,基於規則推斷 (預設為室內 - 安全原則)
東海國小,True,基於原始室內標記
竹光國中,True,基於規則推斷 (預設為室內 - 安全原則)
民富國小,True,基於規則推斷 (預設為室內 - 安全原則)
南和國小,True,基於原始室內標記
新竹高工,True,基於規則推斷 (預設為室內 - 安全原則)
三民活動中心,True,基於原始室內標記
磐石中學,True,基於規則推斷 (預設為室內 - 安全原則)
曙光女中,True,基於規則推斷 (預設為室內 - 安全原則)
曙光國小,True,基於規則推斷 (預設為室內 - 安全原則)
三民國中,True,基於規則推斷 (預設為室內 - 安全原則)
水源國小,True,基於規則推斷 (預設為室內 - 安全原則)
三民國小,True,基於原始室內標記
三民國小,True,基於規則推斷 (預設為室內 - 安全原則)
六家國小,True,基於原始室內標記
石光國小,True,基於原始室內標記
港南國小,True,基於規則推斷 (預設為室內 - 安全原則)
北門國小,True,基於規則推斷 (預設為室內 - 安全原則)
寶石國小,True,基於原始室內標記
北區區公所,True,基於規則推斷 (預設為室內 - 安全原則)
佛光大學,True,基於原始室內標記
礁溪國中,True,基於原始室內標記
光華國中,True,基於規則推斷 (預設為室內 - 安全原則)
成功國中,True,基於原始室內標記
載熙國小,True,基於規則推斷 (預設為室內 - 安全原則)
六家高中,True,基於規則推斷 (預設為室內 - 安全原則)
礁溪國小,True,基於原始室內標記
淡江大學蘭陽校園,True,基於原始室內標記
舊社國小,True,基於規則推斷 (預設為室內 - 安全原則)
十興國小,True,基於原始室內標記
竹安里-竹安國小五育樓,True,基於原始室內標記
復興社區活動中心,True,基於原始室內標記
龍源國小操場,False,基於原始室外標記
太平國小,True,基於原始室內標記
文山國小,True,基於原始室內標記
高原里集會所,True,基於原始室內標記
高平社區活動中心,True,基於原始室內標記
新埔國中,True,基於原始室內標記
新埔鎮公所,True,基於原始室內標記
新埔國小,True,基於原始室內標記
德陽宮弘道大樓,True,基於原始室內標記
大平里集會所,True,基於原始室內標記
大東茶?,True,基於原始室內標記
玉石活動中心,True,基於原始室內標記
新星國小,True,基於原始室內標記
高原國小操場,False,基於原始室外標記
博愛國小,True,基於原始室內標記
新峰社區活動中心,True,基於原始室內標記
溪洲福山巖,True,基於原始室內標記
中崙里-中崙社區活動中心,True,基於原始室內標記
竹仁國小,True,基於原始室內標記
三坑國小操場,False,基於原始室外標記
竹北高中暫代竹北國小,True,基於原始室內標記
下埔里-下埔社區活動中心,True,基於原始室內標記
南寮國小,True,基於規則推斷 (預設為室內 - 安全原則)
二城里-二城社區活動中心,True,基於原始室內標記
枋寮國小,True,基於原始室內標記
竹北民眾活動中心,True,基於原始室內標記
三林社區活動中心,True,基於原始室內標記
龍潭高中操場,False,基於原始室外標記
石門國小禮堂,True,基於原始室內標記
石門國小操場,False,基於原始室外標記
豐田國小,True,基於規則推斷 (預設為室內 - 安全原則)
新社國小,True,基於原始室內標記
南華國中,True,基於規則推斷 (預設為室內 - 安全原則)
義民廟,True,基於原始室內標記
建林里集會所,True,基於原始室內標記
照東國小,True,基於原始室內標記
頂埔里-順天府池府王爺廟,True,基於原始室內標記
富林里集會所,True,基於原始室內標記
金盈里-金盈社區活動中心,True,基於原始室內標記
桃園縣三和國小,True,基於原始室內標記
三和國小操場,False,基於原始室外標記
照門國小,True,基於原始室內標記
照門國中,True,基於原始室內標記
頭寮社區活動中心,True,基於原始室內標記
上華里集會所,True,基於原始室內標記
北平國小,True,基於原始室內標記
有木國小,True,基於原始室內標記
新建里-新建社區活動中心,True,基於原始室內標記
中正里集會所,True,基於原始室內標記
金面里-協天廟,True,基於原始室內標記
上林社區活動中心,True,基於原始室內標記
城西里-城隍廟,True,基於原始室內標記
內柵國小,True,基於原始室內標記
雙龍國小操場,False,基於原始室外標記
大坑里-協天宮,True,基於原始室內標記
三層社區活動中心,True,基於原始室內標記
凌雲國中禮堂,True,基於原始室內標記
城東里-城東社區活動中心,True,基於原始室內標記
城北里-農會,True,基於原始室內標記
鳳山社區活動中心,True,基於原始室內標記
三和里集會所,True,基於原始室內標記
龍潭高中禮堂,True,基於原始室內標記
鳳山村集會所,True,基於原始室內標記
拔雅里-拔雅社區活動中心,True,基於原始室內標記
福成里-福成社區活動中心,True,基於原始室內標記
武營里-頭城國小,True,基於原始室內標記
陸軍裝甲第542旅,True,基於原始室內標記
五寮市民活動中心,True,基於原始室內標記
烏來國民中小學,True,基於原始室內標記
鳳岡國中,True,基於原始室內標記
龍潭里活動中心,True,基於原始室內標記
龍潭國小禮堂,True,基於原始室內標記
九龍社區活動中心,True,基於原始室內標記
勝利村集會所,True,基於原始室內標記
運動公園,False,基於原始室外標記
湖口鄉老人文康活動中心,True,基於原始室內標記
中興社區活動中心,True,基於原始室內標記
中山社區活動中心,True,基於原始室內標記
瑞源社區活動中心,True,基於原始室內標記
凌雲里集會所,True,基於原始室內標記
龍祥里集會所,True,基於原始室內標記
龍潭區婦幼館,True,基於原始室內標記
龍潭鄉婦幼館前廣場,False,基於原始室外標記
松林國小,True,基於原始室內標記
武漢國小操場,False,基於原始室外標記
山崎國小,True,基於原始室內標記
鳳凰社區活動中心,True,基於原始室內標記
八德里集會所,True,基於原始室內標記
美華社區活動中心,True,基於原始室內標記
黃唐社區活動中心,True,基於原始室內標記
中興里活動中心,True,基於原始室內標記
松林社區活動中心,True,基於原始室內標記
港口里-港口社區活動中心,True,基於原始室內標記
湖南村集會所,True,基於原始室內標記
湖鏡村集會所,True,基於原始室內標記
一德社區活動中心,True,基於原始室內標記
員山綜合活動中心,True,基於原始室內標記
武漢國中操場,False,基於原始室外標記
潛龍國小操場,False,基於原始室外標記
烏林社區活動中心,True,基於原始室內標記
下田心社區活動中心,True,基於原始室內標記
八德社區活動中心,True,基於原始室內標記
三元社區活動中心,True,基於原始室內標記
德龍國小操場,False,基於原始室外標記
長安社區活動中心,True,基於原始室內標記
外澳里-外澳社區活動中心,True,基於原始室內標記
信賢活動中心,True,基於原始室內標記
綜合活動中心,True,基於原始室內標記
忠治活動中心,True,基於原始室內標記
福山活動中心,True,基於原始室內標記
烏來活動中心,True,基於原始室內標記
福山國小,True,基於原始室內標記
大溪國小,True,基於原始室內標記
波羅村集會所,True,基於原始室內標記
興福社區活動中心,True,基於原始室內標記
愛勢村集會所,True,基於原始室內標記
湖口村集會所,True,基於原始室內標記
月眉社區活動中心,True,基於原始室內標記
新豐鄉中正堂,True,基於原始室內標記
上坑社區活動中心,True,基於原始室內標記
山子頂公園,False,基於原始室外標記
祥安國小,True,基於原始室內標記
中正村集會所,True,基於原始室內標記
信義村集會所,True,基於原始室內標記
大東社區活動中心,True,基於原始室內標記
山豐國小,True,基於原始室內標記
平鎮區幼兒園紹豐分班,True,基於原始室內標記
湧光里里民集會所,True,基於原始室內標記
永揚社區活動中心,True,基於原始室內標記
仁和社區活動中心,True,基於原始室內標記
新豐鄉老人會館新豐鄉老人文康活動中心,True,基於原始室內標記
山峰社區活動中心,True,基於原始室內標記
中崙社區活動中心,True,基於原始室內標記
湖口陸軍裝甲第542旅,True,基於原始室內標記
新豐鄉公所,True,基於原始室內標記
新豐國小,True,基於原始室內標記
中興停車場,True,基於原始室內標記
大勇 大義活動中心,True,基於原始室內標記
仁愛社區活動中心,True,基於原始室內標記
龜山國小,True,基於原始室內標記
更新里-更新漁民活動中心,True,基於原始室內標記
廣興里辦公處,True,基於原始室內標記
龜山市民活動中心,True,基於原始室內標記
楊梅國中綜合活動中心,True,基於原始室內標記
莊敬公園,False,基於原始室外標記
莊敬里里民集會所,True,基於原始室內標記
南興社區活動中心,True,基於原始室內標記
石里倉庫,True,基於原始室內標記
崎頂社區活動中心,True,基於原始室內標記
鎮興里里民集會所,True,基於原始室內標記
大埔國小,True,基於原始室內標記
明德高中,True,基於原始室內標記
楊梅區公所大禮堂,True,基於原始室內標記
德盛村集會所,True,基於原始室內標記
竹崙市民活動中心,True,基於原始室內標記
青埔社區活動中心,True,基於原始室內標記
新豐社區活動中心,True,基於原始室內標記
天津環保公園,False,基於原始室外標記
漢口環保公園,False,基於原始室外標記
臺北榮家,True,基於原始室內標記
長青文康中心,True,基於原始室內標記
平鎮區幼兒園東勢分班,True,基於原始室內標記
東勢社區活動中心,True,基於原始室內標記
楊明公園,False,基於原始室外標記
康橋高級中學,True,基於原始室內標記
大合社區活動中心,True,基於原始室內標記
三湖社區活動中心,True,基於原始室內標記
民義國小,True,基於原始室內標記
上湖社區活動中心,True,基於原始室內標記
長沙公園,False,基於原始室外標記
民俗文化公園,False,基於原始室外標記
屈尺國小廣興分校,True,基於原始室內標記
埔心公園,False,基於原始室外標記
瑞塘社區活動中心,True,基於原始室內標記
仁善社區活動中心,True,基於原始室內標記
金龍社區活動中心,True,基於原始室內標記
平鎮區幼兒園南勢分班,True,基於原始室內標記
東興村集會所,True,基於原始室內標記
東安國中,True,基於原始室內標記
霧峰國中行政大樓地下室,True,基於原始室內標記
霧峰國小志文樓地下室,True,基於原始室內標記
霧峰國中行政大樓地下室,True,基於原始室內標記
和興村集會所,True,基於原始室內標記
水美社區活動中心,True,基於原始室內標記
瑞興社區活動中心,True,基於原始室內標記
屈尺國小,True,基於原始室內標記
僑愛社區活動中心,True,基於原始室內標記
屈尺市民活動中心,True,基於原始室內標記
東社社區活動中心,True,基於原始室內標記
大成國小,True,基於原始室內標記
龍岡公園,False,基於原始室外標記
中壢區龍岡里集會所,True,基於原始室內標記
龍岡公園新,False,基於原始室外標記
建安國小,True,基於原始室內標記
安溪國中,True,基於原始室內標記
豐德公園,False,基於原始室外標記
貿七公園,False,基於原始室外標記
龍友里集會所,True,基於原始室內標記
中園國小,True,基於原始室內標記
青埔社區老人會館,True,基於原始室內標記
獅子林社區活動中心,True,基於原始室內標記
中興社區活動中心,True,基於原始室內標記
瑞原社區活動中心,True,基於原始室內標記
介壽國小,True,基於原始室內標記
瑞祥里集會所,True,基於原始室內標記
安溪國小,True,基於原始室內標記
青少年活動中心,True,基於原始室內標記
陽光活力園區,False,基於原始室外標記
興豐公園三,False,基於原始室外標記
大明活動中心,True,基於原始室內標記
竹霄活動中心,True,基於原始室內標記
龍安公園,False,基於原始室外標記
振興公園,False,基於原始室外標記
副食品公園,False,基於原始室外標記
富岡社區活動中心,True,基於原始室內標記
興豐公園一,False,基於原始室外標記
建德公園,False,基於原始室外標記
龍岡萬坪公園,False,基於原始室外標記
高山社區活動中心,True,基於原始室內標記
成福國小,True,基於原始室內標記
藝文廣場,False,基於原始室外標記
里昂社區公園,False,基於原始室外標記
龍岡森林公園,False,基於原始室外標記
三峽國小,True,基於原始室內標記
長青市民活動中心,True,基於原始室內標記
楓樹腳休閒公園,False,基於原始室外標記
南亞公園,False,基於原始室外標記
溪濱公園,False,基於原始室外標記
瑞泰社區公園,False,基於原始室外標記
新勢公園,False,基於原始室外標記
龍和公園,False,基於原始室外標記
北勢國小,True,基於原始室內標記
合興里-合興社區活動中心,True,基於原始室內標記
瑞安公園,False,基於原始室外標記
新北市坪林區公所,True,基於原始室內標記
新北市坪林區坪林國民小學,True,基於原始室內標記
豐野社區活動中心,True,基於原始室內標記
上田社區活動中心,True,基於原始室內標記
北興社區活動中心,True,基於原始室內標記
中壢區台貿社區活動中心,True,基於原始室內標記
高榮社區活動中心,True,基於原始室內標記
龍德公園,False,基於原始室外標記
直潭國小,True,基於原始室內標記
新北市立坪林國民中學,True,基於原始室內標記
員本社區活動中心,True,基於原始室內標記
興豐公園二,False,基於原始室外標記
三峽國中,True,基於原始室內標記
鶯歌高職,True,基於原始室內標記
伯公岡公園,False,基於原始室外標記
中壢區龍興社區活動中心,True,基於原始室內標記
黎明公園,False,基於原始室外標記
平鎮高中,True,基於原始室內標記
廣仁里里民集會所,True,基於原始室內標記
新富公園,False,基於原始室外標記
廣仁公園,False,基於原始室外標記
仁福公園,False,基於原始室外標記
大溪里-大溪社區活動中心,True,基於原始室內標記
龍埔國小,True,基於原始室內標記
二橋國小,True,基於原始室內標記
兒四十公園,False,基於原始室外標記
宋屋國小,True,基於原始室內標記
後寮公園,False,基於原始室外標記
瑞泰里集會所,True,基於原始室內標記
八德埤塘生態公園,False,基於原始室外標記
583綠地,False,基於原始室外標記
龜山里-龜山社區活動中心,True,基於原始室內標記
大信里集會所,True,基於原始室內標記
大竹里集會所,True,基於原始室內標記
中壢區新振社區活動中心,True,基於原始室內標記
新北市立尖山國民中學,True,基於原始室內標記
北勢社區活動中心,True,基於原始室內標記
平鎮區幼兒園本園,True,基於原始室內標記
中壢區後寮里集會所,True,基於原始室內標記
瑞泰鄰里公園,False,基於原始室外標記
新興公園,False,基於原始室外標記
桃園市南區老人文康活動中心,True,基於原始室內標記
平興暨宋屋里里民集會所,True,基於原始室內標記
建國公園,False,基於原始室外標記
仁德公園,False,基於原始室外標記
福興活動中心,True,基於原始室內標記
大竹埤塘公園,False,基於原始室外標記
平鎮國中,True,基於原始室內標記
福興社區公園,False,基於原始室外標記
宋屋公園,False,基於原始室外標記
華勛公園,False,基於原始室外標記
廣興活動中心,True,基於原始室內標記
客家文化廣場,False,基於原始室外標記
義民公園,False,基於原始室外標記
大興活動中心,True,基於原始室內標記
大昌鄰里公園,False,基於原始室外標記
中壢區仁祥、華勛里集會所,True,基於原始室內標記
平鎮區幼兒園義民分班,True,基於原始室內標記
普慶公園,False,基於原始室外標記
北大高中,True,基於原始室內標記
仁祥公園,False,基於原始室外標記
桃子腳國民中小學,True,基於原始室內標記
平興國中,True,基於原始室內標記
義興里里民集會所,True,基於原始室內標記
南靖里活動中心,True,基於原始室內標記
中壢區東興社區活動中心,True,基於原始室內標記
義興公園,False,基於原始室外標記
鶯歌國中,True,基於原始室內標記
新勢國小,True,基於原始室內標記
瑞聯社區公園,False,基於原始室外標記
莒光環保公園,False,基於原始室外標記
新昇倉庫,True,基於原始室內標記
鶯歌國小,True,基於原始室內標記
雙峰國小,True,基於原始室內標記
復興親子公園,False,基於原始室外標記
景文科技大學,True,基於原始室內標記
雙城國小,True,基於原始室內標記
華愛公園,False,基於原始室外標記
祖田市民活動中心,True,基於原始室內標記
德和公園,False,基於原始室外標記
新榮國小,True,基於原始室內標記
新店國小,True,基於原始室內標記
文化國小,True,基於原始室內標記
麗盛公園,False,基於原始室外標記
青潭國小,True,基於原始室內標記
文昌休閒公園,False,基於原始室外標記
雲海國小,True,基於原始室內標記
仁德公園,False,基於原始室外標記
中壢區仁美社區活動中心,True,基於原始室內標記
達觀國民中小學,True,基於原始室內標記
雙城活動中心,True,基於原始室內標記
舊社公園,False,基於原始室外標記
中壢區舊明里集會所,True,基於原始室內標記
復旦暨復興里里民集會所,True,基於原始室內標記
和盛公園,False,基於原始室外標記
復旦國小,True,基於原始室內標記
柑園國中,True,基於原始室內標記
同和公園,False,基於原始室外標記
建國國小,True,基於原始室內標記
大安里集會所,True,基於原始室內標記
高雄市立立德國民中學,True,基於原始室內標記
高連社區活動中心,True,基於原始室內標記
樹梅嶺倉庫,True,基於原始室內標記
昌福國小,True,基於原始室內標記
平鎮區婦幼活動中心,True,基於原始室內標記
北鶯里活動中心,True,基於原始室內標記
大和公園,False,基於原始室外標記
頂埔國小,True,基於原始室內標記
柑園國小,True,基於原始室內標記
廣達公園,False,基於原始室外標記
中央公園,False,基於原始室外標記
公七公園,False,基於原始室外標記
大忠里集會所,True,基於原始室內標記
大慶 大華里集會所,True,基於原始室內標記
大成活動中心,True,基於原始室內標記
文山國中,True,基於原始室內標記
能仁家商,True,基於原始室內標記
西鶯里活動中心,True,基於原始室內標記
福僑公園大成社區公園,False,基於原始室外標記
瑞發公園,False,基於原始室外標記
大安活動中心,True,基於原始室內標記
文中廣明活動中心,True,基於原始室內標記
篤行公園,False,基於原始室外標記
同福公園,False,基於原始室外標記
永吉國小,True,基於原始室內標記
頂埔市民活動中心,True,基於原始室內標記
新街溪公園,False,基於原始室外標記
五權兒童公園,False,基於原始室外標記
中壢區婦幼館,True,基於原始室內標記
中正公園,False,基於原始室外標記
新北市坪林區坪林國小漁光校區,True,基於原始室內標記
過嶺里兒一公園,False,基於原始室外標記
中壢區社福館,True,基於原始室內標記
中壢區過嶺社區活動中心,True,基於原始室內標記
普忠公園,False,基於原始室外標記
中壢區聯合長壽俱樂部〈松鶴會館〉,True,基於原始室內標記
中壢區德義、仁義、忠義、普義里集會所,True,基於原始室內標記
大湳公園,False,基於原始室外標記
頂城市民活動中心,True,基於原始室內標記
八德市綜合大樓三樓,True,基於原始室內標記
永寧市民活動中心,True,基於原始室內標記
白馬公園,False,基於原始室外標記
安坑國小,True,基於原始室內標記
中壢區中正、中山里集會所,True,基於原始室內標記
中路休閒公園,False,基於原始室外標記
坤慶公園,False,基於原始室外標記
中壢區光明、新明、永光里集會所,True,基於原始室內標記
夢幻公園,False,基於原始室外標記
土城國中,True,基於原始室內標記
公十五公園,False,基於原始室外標記
公二公園,False,基於原始室外標記
地標公園,False,基於原始室外標記
平鎮區幼兒園平鎮分班,True,基於原始室內標記
大智里集會所,True,基於原始室內標記
六和兒童公園,False,基於原始室外標記
光明公園,False,基於原始室外標記
沛陂市民活動中心,True,基於原始室內標記
大里里-大里社區活動中心,True,基於原始室內標記
廣豐兒一公園,False,基於原始室外標記
茄苳埤塘公園,False,基於原始室外標記
茄白活動中心,True,基於原始室內標記
桃園市中壢區公所,True,基於原始室內標記
高明公園,False,基於原始室外標記
大勇兒童公園,False,基於原始室外標記
君臨休閒廣場,False,基於原始室外標記
大千公園,False,基於原始室外標記
忠勇公園,False,基於原始室外標記
及人高中,True,基於原始室內標記
五峰國中,True,基於原始室內標記
廣豐綠一公園,False,基於原始室外標記
廣豐公一公園,False,基於原始室外標記
鳳鳴國中,True,基於原始室內標記
大明公園二,False,基於原始室外標記
中壢區自強、自治里集會所,True,基於原始室內標記
永福環保公園,False,基於原始室外標記
自強公園,False,基於原始室外標記
中鑄公園,False,基於原始室外標記
廣豐生態綠地公園,False,基於原始室外標記
文化公園,False,基於原始室外標記
大明公園一,False,基於原始室外標記
安康高中,True,基於原始室內標記
圳邊公園,False,基於原始室外標記
鳳鳴國小,True,基於原始室內標記
大仁里集會所,True,基於原始室內標記
大仁休閒公園,False,基於原始室外標記
中壢區水尾社區活動中心,True,基於原始室內標記
育德國小,True,基於原始室內標記
大正休閒廣場,False,基於原始室外標記
高明里集會所,True,基於原始室內標記
中正國小,True,基於原始室內標記
崇光女中,True,基於原始室內標記
土城國小,True,基於原始室內標記
土城區公所,True,基於原始室內標記
泰平里活動中心,True,基於原始室內標記
山佳市民活動中心,True,基於原始室內標記
中壢區永福、忠福、幸福里集會所,True,基於原始室內標記
中湖里活動中心,True,基於原始室內標記
中湖國小,True,基於原始室內標記
復興公園,False,基於原始室外標記
思源公園,False,基於原始室外標記
北新國小　,True,基於原始室內標記
鴻撫宮,True,基於原始室內標記
清化市民活動中心,True,基於原始室內標記
清和市民活動中心,True,基於原始室內標記
中園路環保公園,False,基於原始室外標記
樂山市民活動中心,True,基於原始室內標記
元生公園,False,基於原始室外標記
松柏會老人文康活動中心,True,基於原始室內標記
中山社區活動中心,True,基於原始室內標記
新店高中,True,基於原始室內標記
常樂公園,False,基於原始室外標記
山佳國小,True,基於原始室內標記
福豐國中,True,基於原始室內標記
耕莘健康管理專科學校,True,基於原始室內標記
忠孝公園,False,基於原始室外標記
指南國小,True,基於原始室內標記
中壢區中原、忠孝、和平里原住民集會所,True,基於原始室內標記
大豐社福館,True,基於原始室內標記
中壢區復興、復華里集會所,True,基於原始室內標記
建國國中,True,基於原始室內標記
大豐國小,True,基於原始室內標記
成功公園,False,基於原始室外標記
大林社區活動中心,True,基於原始室內標記
甲蟲兒童公園（文化兒2）,False,基於原始室外標記
中壢區內壢、成功、福德里集會所,True,基於原始室內標記
員林市民活動中心,True,基於原始室內標記
霖園兒童公園,False,基於原始室外標記
高城公園,False,基於原始室外標記
陽明社區活動中心,True,基於原始室內標記
中壢區文化里集會所,True,基於原始室內標記
竹林中學,True,基於原始室內標記
石城里-石城社區活動中心,True,基於原始室內標記
開明工商,True,基於原始室內標記
華梵大學于藝館3樓,True,基於原始室內標記
文化公園,False,基於原始室外標記
青山市民活動中心,True,基於原始室內標記
永富市民活動中心,True,基於原始室內標記
景美女中,True,基於原始室內標記
延平公園,False,基於原始室外標記
廷寮市民活動中心,True,基於原始室內標記
南強工商,True,基於原始室內標記
力行國小,True,基於原始室內標記
三角公園,False,基於原始室外標記
陽明公園,False,基於原始室外標記
大同國小,True,基於原始室內標記
東陽市民活動中心,True,基於原始室內標記
彭福國小,True,基於原始室內標記
清水高中,True,基於原始室內標記
福林、豐林、福安、大豐里聯合集會所（陽明公園管理中心）,True,基於原始室內標記
華夏科技大學,True,基於原始室內標記
"青雲,柑林市民活動中心",True,基於原始室內標記
裕德高中,True,基於原始室內標記
新北高工,True,基於原始室內標記
建國國小,True,基於原始室內標記
實踐國中,True,基於原始室內標記
中正國中,True,基於原始室內標記
樹林高級中學,True,基於原始室內標記
實踐國小,True,基於原始室內標記
東昇市民活動中心,True,基於原始室內標記
清水國小,True,基於原始室內標記
吉林公園,False,基於原始室外標記
新和國小,True,基於原始室內標記
北政國中,True,基於原始室內標記
中山公園,False,基於原始室外標記
樂利國小,True,基於原始室內標記
莊敬工家,True,基於原始室內標記
西園路環保公園,False,基於規則推斷 (公園通常為室外空間)
廣興市民活動中心,True,基於原始室內標記
廣福市民活動中心,True,基於原始室內標記
育林國小,True,基於原始室內標記
育林國中,True,基於原始室內標記
中和國中,True,基於原始室內標記
中山國小,True,基於原始室內標記
中山、中平、中原、中泰、中聖五里聯合集會所,True,基於原始室內標記
興南國小,True,基於原始室內標記
廣福國小,True,基於原始室內標記
建國、雲林里聯合集會所建國公園管理中心,True,基於原始室內標記
市二簡易公園,False,基於原始室外標記
溪洲國小,True,基於原始室內標記
明道國小,True,基於原始室內標記
木柵國中,True,基於原始室內標記
兔坑社區活動中心,True,基於原始室內標記
永建國小,True,基於原始室內標記
幸福社區活動中心,True,基於原始室內標記
龍岡公園,False,基於原始室外標記
南門國小,True,基於原始室內標記
山福集會所,True,基於原始室內標記
建國公園,False,基於原始室外標記
安和國小,True,基於原始室內標記
龍祥公園,False,基於原始室外標記
汴洲社區活動中心,True,基於原始室內標記
溫州公園,False,基於原始室外標記
景新國小,True,基於原始室內標記
龍岡社區活動中心,True,基於原始室內標記
景美國小,True,基於原始室內標記
復興國小,True,基於原始室內標記
行政中心大禮堂,True,基於原始室內標記
沙崙國小,True,基於原始室內標記
復興大樓圖書館,True,基於原始室內標記
大同社區活動中心,True,基於原始室內標記
中壢區內厝活動中心,True,基於原始室內標記
山德社區活動中心,True,基於原始室內標記
樹林區公所,True,基於原始室內標記
樹林國小,True,基於原始室內標記
錦和國小,True,基於原始室內標記
木柵國小,True,基於原始室內標記
石碇國小,True,基於原始室內標記
萬興國小,True,基於原始室內標記
信義國小,True,基於原始室內標記
國強公園,False,基於原始室外標記
桃園國小,True,基於原始室內標記
錦和中學,True,基於原始室內標記
龜山區公所本所（三樓禮堂）,True,基於原始室內標記
民族公園,False,基於原始室外標記
市中心區聯合里集會所文明、文昌、文化、南華里,True,基於原始室內標記
景美國中,True,基於原始室內標記
長青學苑,True,基於原始室內標記
桃園市公所禮堂,True,基於原始室內標記
中和高中,True,基於原始室內標記
溪口國小,True,基於原始室內標記
龜山社區活動中心,True,基於原始室內標記
秀山國小,True,基於原始室內標記
重慶國小,True,基於原始室內標記
新路社區活動中心,True,基於原始室內標記
壽山高級中學,True,基於原始室內標記
東門國小,True,基於原始室內標記
景華公園,False,基於原始室外標記
智光商工,True,基於原始室內標記
中壢市芭里社區活動中心,True,基於原始室內標記
桃園國中,True,基於原始室內標記
木柵高工,True,基於原始室內標記
景興國小,True,基於原始室內標記
景興國中,True,基於原始室內標記
臺北市文山運動中心,True,基於原始室內標記
嶺頂社區活動中心,True,基於原始室內標記
自強國小,True,基於原始室內標記
三民里集會所,True,基於原始室內標記
文林國小,True,基於原始室內標記
龜山國中,True,基於原始室內標記
北門、朝陽二里聯合活動中心,True,基於原始室內標記
民權市民活動中心,True,基於原始室內標記
青溪、成功、東門里集會所,True,基於原始室內標記
重慶國中,True,基於原始室內標記
中和區公所,True,基於原始室內標記
成功國小,True,基於原始室內標記
阿柔市民活動中心,True,基於原始室內標記
溪崑國中,True,基於原始室內標記
自強國小,True,基於原始室內標記
志清國小,True,基於原始室內標記
自強國中,True,基於原始室內標記
興華國小,True,基於原始室內標記
積穗國小,True,基於原始室內標記
青溪國小,True,基於原始室內標記
秀朗國小,True,基於原始室內標記
中和國小,True,基於原始室內標記
忠孝國小,True,基於規則推斷 (預設為室內 - 安全原則)
士東國小,True,基於規則推斷 (預設為室內 - 安全原則)
積穗國中,True,基於原始室內標記
萬芳高中,True,基於原始室內標記
萬順市民活動中心,True,基於原始室內標記
公十五公園,False,基於原始室外標記
永安、長安、長德三里聯合活動中心（永康公園管理中心）,True,基於原始室內標記
三民公園、青溪公園,False,基於原始室外標記
鶴齡交誼中心,True,基於原始室內標記
南山高中,True,基於原始室內標記
興德國小,True,基於原始室內標記
深坑國中,True,基於原始室內標記
深坑國小,True,基於原始室內標記
萬芳國小,True,基於原始室內標記
武林國小,True,基於原始室內標記
博嘉國小,True,基於原始室內標記
精忠集會所,True,基於原始室內標記
中山國小,True,基於原始室內標記
興隆國小,True,基於原始室內標記
深坑市民活動中心,True,基於原始室內標記
深坑區公所,True,基於原始室內標記
漳和國中,True,基於原始室內標記
興德里營區,True,基於原始室內標記
永康公園,False,基於原始室外標記
後埔國小,True,基於原始室內標記
復興商工,True,基於原始室內標記
永和國小,True,基於原始室內標記
武功國小,True,基於原始室內標記
公十三公園及兒增二,False,基於原始室外標記
福和國中,True,基於原始室內標記
公八公園,False,基於原始室外標記
東南科技大學,True,基於原始室內標記
兒六兒童遊樂場,False,基於原始室外標記
忠孝國中,True,基於原始室內標記
萬福國小,True,基於原始室內標記
興福國中,True,基於原始室內標記
昇高市民活動中心,True,基於原始室內標記
實踐國小,True,基於原始室內標記
東勢市民活動中心,True,基於原始室內標記
嶺腳市民活動中心,True,基於原始室內標記
兒十四兒童公園,False,基於原始室外標記
直潭派出所,True,基於規則推斷 (預設為室內 - 安全原則)
山北市民活動中心,True,基於原始室內標記
德林寺停車場,False,基於原始室外標記
辛亥國小,True,基於原始室內標記
三多國中,True,基於原始室內標記
永和國中,True,基於原始室內標記
保生國民小學,True,基於規則推斷 (預設為室內 - 安全原則)
育才國小,True,基於原始室內標記
北門國小,True,基於原始室內標記
大業國小,True,基於原始室內標記
永定國小,True,基於原始室內標記
永平國小,True,基於原始室內標記
大觀國小,True,基於原始室內標記
三元、忠義里集會所,True,基於原始室內標記
中壢區洽溪社區活動中心,True,基於原始室內標記
公十一公園,False,基於原始室外標記
大有國小,True,基於原始室內標記
大有國中,True,基於原始室內標記
土庫第1市民活動中心,True,基於原始室內標記
石碇綜合活動大樓,True,基於原始室內標記
海山高中,True,基於原始室內標記
中壢區月眉社區活動中心,True,基於原始室內標記
龍壽國小,True,基於原始室內標記
板橋國小,True,基於原始室內標記
永平高中,True,基於原始室內標記
大觀國中,True,基於原始室內標記
民族國中,True,基於原始室內標記
臺北市大安運動中心,True,基於原始室內標記
板橋高中,True,基於原始室內標記
會稽國小,True,基於原始室內標記
大甲高中活動中心,True,基於原始室內標記
公館國小,True,基於原始室內標記
石碇高中,True,基於原始室內標記
網溪國小,True,基於原始室內標記
公十公園,False,基於原始室外標記
民生公園市民活動中心,True,基於原始室內標記
臺北市中正運動中心,True,基於原始室內標記
月眉環保公園,False,基於原始室外標記
會稽社區活動中心,True,基於原始室內標記
銘傳國小,True,基於原始室內標記
竹林小學,True,基於原始室內標記
光復國小,True,基於原始室內標記
公六公園,False,基於原始室外標記
柑林國小,True,基於規則推斷 (預設為室內 - 安全原則)
虎子山,False,基於原始室外標記
頂溪國小,True,基於原始室內標記
及人國小,True,基於原始室內標記
長源社區活動中心,True,基於原始室內標記
金甌女中,True,基於原始室內標記
福連國小,True,基於原始室內標記
中壢區山東社區活動中心,True,基於原始室內標記
貢寮國中,True,基於原始室內標記
三多國小,True,基於原始室內標記
同安里集會所,True,基於原始室內標記
光復高中,True,基於原始室內標記
忠孝市民活動中心,True,基於原始室內標記
福隆國小,True,基於原始室內標記
龍華社區活動中心,True,基於原始室內標記
丹鳳國小,True,基於原始室內標記
光復國小,True,基於原始室內標記
靈鷲山無生道場,True,基於原始室內標記
桃園縣多功能藝文園區,False,基於原始室外標記
埔墘國小,True,基於原始室內標記
上興公園,False,基於原始室外標記
同新公園,False,基於原始室外標記
福隆青少年活動中心,True,基於原始室內標記
迴龍社區活動中心,True,基於原始室內標記
中山國中,True,基於原始室內標記
外柑市民活動中心,True,基於規則推斷 (活動中心通常為室內設施)
快樂國小,True,基於原始室內標記
芳和國中,True,基於原始室內標記
螢橋國中,True,基於原始室內標記
迴龍國中小學,True,基於原始室內標記
同德社區活動中心,True,基於原始室內標記
國光國小,True,基於原始室內標記
大安國小,True,基於原始室內標記
和平高中,True,基於原始室內標記
板橋莊敬市民活動中心,True,基於原始室內標記
新埔里活動中心,True,基於原始室內標記
貢寮市民活動中心,True,基於原始室內標記
古亭國小,True,基於原始室內標記
西埔里活動中心,True,基於原始室內標記
四維市民活動中心,True,基於原始室內標記
裕民行政大樓,True,基於原始室內標記
春日里活動中心,True,基於原始室內標記
中平國中,True,基於原始室內標記
莊敬社區活動中心,True,基於原始室內標記
榮富國小,True,基於原始室內標記
貢寮國小,True,基於原始室內標記
青年公園,False,基於原始室外標記
白石市民活動中心,True,基於原始室內標記
文德國小,True,基於原始室內標記
薯榔市民活動中心,True,基於原始室內標記
大竹國中,True,基於原始室內標記
萬大國小,True,基於原始室內標記
朝陽公園,False,基於原始室外標記
青年公園棒球場,True,基於原始室內標記
東園國小,True,基於原始室內標記
臺北市萬華運動中心,True,基於原始室內標記
河堤國小,True,基於原始室內標記
長庚醫護社區活動文康中心,True,基於原始室內標記
菁桐市民活動中心,True,基於原始室內標記
平溪國中,True,基於原始室內標記
菁桐國小,True,基於原始室內標記
大崗社區活動中心,True,基於原始室內標記
龍安國小,True,基於原始室內標記
五權社區活動中心,True,基於原始室內標記
板橋國中,True,基於原始室內標記
中港國小,True,基於原始室內標記
長庚里345號地下一樓,True,基於原始室內標記
昌平國小,True,基於原始室內標記
古亭國中,True,基於原始室內標記
平溪市民活動中心,True,基於原始室內標記
大竹國小,True,基於原始室內標記
新埔國中,True,基於原始室內標記
螢橋國小,True,基於原始室內標記
龍門國中,True,基於原始室內標記
新莊國中,True,基於原始室內標記
平湖市民活動中心,True,基於原始室內標記
橫峰社區活動中心,True,基於原始室內標記
豐年市民活動中心,True,基於原始室內標記
新和國小,True,基於原始室內標記
吳興國小,True,基於原始室內標記
莒光國小,True,基於原始室內標記
汴洲里老人活動中心,True,基於原始室內標記
舊路社區活動中心,True,基於原始室內標記
西園國小,True,基於原始室內標記
平溪國小,True,基於原始室內標記
昭惠廟,True,基於原始室內標記
雙園國中,True,基於原始室內標記
華江高中,True,基於原始室內標記
信義國中,True,基於原始室內標記
中正公園,False,基於原始室外標記
江翠國中,True,基於原始室內標記
上林國小,True,基於原始室內標記
萬華國中,True,基於原始室內標記
牡丹心市民活動中心,True,基於原始室內標記
建安國小,True,基於原始室內標記
文聖國小,True,基於原始室內標記
忠義國小,True,基於原始室內標記
中華區民活動中心,True,基於原始室內標記
三興國小,True,基於原始室內標記
大安森林公園,False,基於原始室外標記
新生國小,True,基於原始室內標記
瓊泰市民活動中心,True,基於原始室內標記
大安國中,True,基於原始室內標記
大理高中,True,基於原始室內標記
思賢國小,True,基於原始室內標記
雙園國小,True,基於原始室內標記
國語實小,True,基於原始室內標記
大理國小,True,基於原始室內標記
建國中學,True,基於原始室內標記
金華國中,True,基於原始室內標記
信義國小,True,基於原始室內標記
共和社區活動中心,True,基於原始室內標記
大安高工,True,基於原始室內標記
金華國小,True,基於原始室內標記
中正國中,True,基於原始室內標記
江翠國小,True,基於原始室內標記
永春高中,True,基於原始室內標記
輔仁大學,True,基於原始室內標記
台北世貿一館,True,基於規則推斷 (預設為室內 - 安全原則)
雙溪國小,True,基於原始室內標記
華江國小,True,基於原始室內標記
新莊國小,True,基於原始室內標記
松山家商,True,基於原始室內標記
雙溪高中,True,基於原始室內標記
南門國小,True,基於原始室內標記
南門國中,True,基於原始室內標記
平林市民活動中心,True,基於規則推斷 (活動中心通常為室內設施)
龍山國小,True,基於原始室內標記
臺北市信義運動中心,True,基於原始室內標記
松德公園,False,基於原始室外標記
台北市世貿三館,True,基於原始室內標記
中信國小,True,基於原始室內標記
仁愛國小,True,基於原始室內標記
新莊區公所,True,基於原始室內標記
新莊高中,True,基於原始室內標記
龍山國中,True,基於原始室內標記
博愛國小,True,基於原始室內標記
興雅國中,True,基於原始室內標記
私立恆毅高級中學,True,基於原始室內標記
新泰市民活動中心,True,基於原始室內標記
頭前國中,True,基於原始室內標記
?公國中,True,基於原始室內標記
弘道國中,True,基於原始室內標記
仁愛國中,True,基於原始室內標記
幸安國小,True,基於原始室內標記
光華國小,True,基於原始室內標記
老松國小,True,基於原始室內標記
北一女中,True,基於原始室內標記
東門國小,True,基於原始室內標記
福德國小,True,基於原始室內標記
貴和市民活動中心,True,基於原始室內標記
財團法人臺北市東和禪寺,True,基於原始室內標記
松山工農,True,基於原始室內標記
光復國小,True,基於原始室內標記
舊庄國小,True,基於規則推斷 (預設為室內 - 安全原則)
二二八和平公園,False,基於原始室外標記
懷生國中,True,基於原始室內標記
南上社區活動中心,True,基於原始室內標記
南興公園,False,基於原始室外標記
明志科技大學,True,基於原始室內標記
中港第一市民活動中心,True,基於原始室內標記
老人文康活動中心,True,基於原始室內標記
全安市民活動中心,True,基於原始室內標記
龍騰活動中心,True,基於原始室內標記
雙潭活動中心,True,基於原始室內標記
鯉魚潭活動中心室內,True,基於原始室內標記
建中國民小學活動中心室內,True,基於原始室內標記
西湖村活動中心室內,True,基於原始室內標記
上?里民眾活動中心,True,基於原始室內標記
銅鏡社區活動中心,True,基於原始室內標記
西湖村活動中心室外,False,基於原始室外標記
鯉魚潭村活動中心室外,False,基於原始室外標記
建中國民小學操場室外,False,基於原始室外標記
苑裡鎮立托兒所,True,基於原始室內標記
苑裡鎮老人文康中心,True,基於原始室內標記
苑裡鎮苑東苑南苑北社區聯合活動中,True,基於原始室內標記
苗栗縣立苑裡高中操場,False,基於原始室外標記
山腳國小田徑場,False,基於原始室外標記
苑裡鎮中山國小操場,False,基於原始室外標記
苑裡鎮立體育場,False,基於原始室外標記
綺湖社區活動中心,True,基於原始室內標記
大有市民活動中心,True,基於原始室內標記
豐珠國中小活動中心,True,基於原始室內標記
大林鎮公所,True,基於原始室內標記
西興村活動中心前廣場,False,基於原始室外標記
大埔鄉公所,True,基於原始室內標記
文光國際英語村[室內],True,基於規則推斷 (預設為室內 - 安全原則)
嘉義縣竹崎鄉灣橋村朴子埔收容所暨防災物資整備所,True,基於規則推斷 (預設為室內 - 安全原則)
溪口國中室外,False,基於原始室外標記
竹園國小室外,False,基於原始室外標記
後塘國小室外,False,基於原始室外標記
老人文康活動中心,True,基於原始室內標記
永靖鄉立托兒所,True,基於原始室內標記
梧棲國小活動中心,True,基於原始室內標記
樟原社區活動中心,True,基於原始室內標記
三間社區活動中心,True,基於原始室內標記
三間村南溪國小,True,基於原始室內標記
同義宮,True,基於原始室內標記
新化區聯合活動中心,True,基於規則推斷 (活動中心通常為室內設施)
成功高中,True,基於原始室內標記
胡適國小,True,基於原始室內標記
丹鳳高中,True,基於原始室內標記
忠孝國小,True,基於原始室內標記
明志國小,True,基於原始室內標記
永吉國小,True,基於原始室內標記
私立金陵女中,True,基於原始室內標記
西門國小,True,基於原始室內標記
第一河濱公園,False,基於原始室外標記
松山高中,True,基於原始室內標記
十分國小,True,基於原始室內標記
光明國中操場,False,基於原始室外標記
永春國小,True,基於原始室內標記
臺北田徑場,False,基於原始室外標記
成德國中,True,基於規則推斷 (預設為室內 - 安全原則)
國泰國小,True,基於原始室內標記
懷生國小,True,基於原始室內標記
光明河濱公園,False,基於原始室外標記
修德國小,True,基於原始室內標記
頭前國小,True,基於原始室內標記
南港公園,False,基於原始室外標記
高雄市林園區汕尾國民小學,True,基於規則推斷 (預設為室內 - 安全原則)
福星國小,True,基於原始室內標記
臺北市南港運動中心,True,基於原始室內標記
興雅國小,True,基於原始室內標記
成德國小,True,基於原始室內標記
蘆竹區公所三樓禮堂,True,基於原始室內標記
義學國中,True,基於原始室內標記
義學國小,True,基於原始室內標記
白雲國小,True,基於原始室內標記
南美國小,True,基於原始室內標記
福營行政大樓,True,基於原始室內標記
永吉國中,True,基於原始室內標記
中山女中,True,基於原始室內標記
義仁市民活動中心,True,基於原始室內標記
中崙高中,True,基於原始室內標記
臺北市松山運動中心,True,基於原始室內標記
敦化國小,True,基於原始室內標記
長安國中,True,基於原始室內標記
長安國小,True,基於原始室內標記
玉泉公園,False,基於原始室外標記
興穀國民小學,True,基於原始室內標記
建成國中,True,基於原始室內標記
橫科里活動中心,True,基於原始室內標記
中正國小,True,基於原始室內標記
南崁國小,True,基於原始室內標記
龜山婦幼公園,False,基於原始室外標記
文華國小,True,基於原始室內標記
忠孝國中,True,基於原始室內標記
松山國小,True,基於原始室內標記
五福游泳池停車場及旁空地,False,基於原始室外標記
蘆竹區婦幼館,True,基於原始室內標記
豐年國小,True,基於原始室內標記
新泰國小,True,基於原始室內標記
仁和宮,True,基於原始室內標記
敦化國中,True,基於原始室內標記
臺北體育館,True,基於原始室內標記
大崗國中,True,基於原始室內標記
臺北市極限運動訓練中心,True,基於原始室內標記
私立清傳商職,True,基於原始室內標記
樂善社區活動中心,True,基於原始室內標記
福壽市民活動中心,True,基於原始室內標記
西松國小,True,基於原始室內標記
大坑社區活動中心,True,基於原始室內標記
南崁高中,True,基於原始室內標記
埔心社區活動中心,True,基於原始室內標記
南港高中,True,基於原始室內標記
民安國小,True,基於原始室內標記
三港集會所,True,基於原始室內標記
玉成國小,True,基於規則推斷 (預設為室內 - 安全原則)
福營國中,True,基於原始室內標記
誠正國中,True,基於原始室內標記
同榮國小,True,基於原始室內標記
新北市立三重高中,True,基於原始室內標記
吉林國小,True,基於原始室內標記
澳底圖書館,True,基於原始室內標記
南崁國中,True,基於原始室內標記
長春國小,True,基於原始室內標記
澳底國小大禮堂,True,基於原始室內標記
慶安宮,True,基於原始室內標記
大同高中,True,基於原始室內標記
新泰國中,True,基於原始室內標記
日新國小,True,基於原始室內標記
白雲里活動中心,True,基於原始室內標記
泰山體育館,True,基於原始室內標記
西松高中,True,基於原始室內標記
三光國民小學,True,基於原始室內標記
東新國小,True,基於原始室內標記
昌隆國小,True,基於原始室內標記
南港高工,True,基於原始室內標記
南港展覽館,True,基於原始室內標記
興化國小,True,基於原始室內標記
介壽國中,True,基於原始室內標記
集美國民小學,True,基於原始室內標記
蓬萊國小,True,基於原始室內標記
民生國小,True,基於原始室內標記
健康國小,True,基於原始室內標記
泰山高中,True,基於原始室內標記
南港國小,True,基於原始室內標記
明志市民活動中心,True,基於原始室內標記
菜寮市民活動中心,True,基於原始室內標記
潮音國小,True,基於規則推斷 (預設為室內 - 安全原則)
育成高中,True,基於原始室內標記
光興國民小學,True,基於原始室內標記
民族國小,True,基於原始室內標記
北峰國小,True,基於原始室內標記
大園國小學生活動中心,True,基於原始室內標記
泰山區公所,True,基於原始室內標記
東山國小,True,基於原始室內標記
民生國中,True,基於原始室內標記
過圳市民活動中心,True,基於原始室內標記
雙蓮國小,True,基於原始室內標記
東方科學園區,True,基於原始室內標記
中山國中,True,基於原始室內標記
潭美國小,True,基於原始室內標記
中正社區活動中心,True,基於原始室內標記
三重區公所,True,基於原始室內標記
青山國中小,True,基於原始室內標記
成淵高中,True,基於原始室內標記
太平國小,True,基於原始室內標記
永樂國小,True,基於原始室內標記
民權公園,False,基於原始室外標記
楓樹福泰市民活動中心,True,基於原始室內標記
新生公園棒球場,True,基於原始室內標記
新興國中,True,基於原始室內標記
臺北市中山運動中心,True,基於原始室內標記
公西社區活動中心,True,基於原始室內標記
泰山國小,True,基於原始室內標記
民權國小,True,基於原始室內標記
碧華國民中學,True,基於原始室內標記
榮星花園公園,False,基於原始室外標記
大園社區活動中心,True,基於原始室內標記
黎明市民活動中心,True,基於原始室內標記
牡丹國小,True,基於原始室內標記
秀峰國小,True,基於原始室內標記
中山國小,True,基於原始室內標記
三重區綜合運動場,False,基於原始室外標記
三民國小,True,基於原始室內標記
明志國民中學,True,基於原始室內標記
民權國中,True,基於原始室內標記
五常國中,True,基於原始室內標記
汐止區公所行政中心,True,基於原始室內標記
五常國小,True,基於原始室內標記
大橋國小,True,基於原始室內標記
正義國民小學,True,基於原始室內標記
行政區民活動中心,True,基於原始室內標記
私立東海高中,True,基於原始室內標記
大同國小,True,基於原始室內標記
長興社區活動中心,True,基於原始室內標記
內厝河濱公園,False,基於原始室外標記
泰山國中,True,基於原始室內標記
二重國民小學,True,基於原始室內標記
福安廟,True,基於原始室內標記
二重國民中學,True,基於原始室內標記
黎明技術學院,True,基於原始室內標記
裕民國小,True,基於原始室內標記
樟樹國中,True,基於原始室內標記
延平國小,True,基於原始室內標記
修德國民小學,True,基於原始室內標記
大園區老人文康活動中心,True,基於原始室內標記
重陽國民小學,True,基於原始室內標記
秀峰高中,True,基於原始室內標記
樟樹國小,True,基於原始室內標記
汐止國小,True,基於原始室內標記
南湖高中,True,基於原始室內標記
汐止國中,True,基於原始室內標記
師範大學林口校區體育館,True,基於原始室內標記
林口市民活動中心,True,基於原始室內標記
崇林國中,True,基於原始室內標記
正義市民活動中心,True,基於原始室內標記
東湖國小,True,基於原始室內標記
麗園國小,True,基於原始室內標記
麗林國小,True,基於原始室內標記
東勢市民活動中心,True,基於原始室內標記
新湖國小,True,基於原始室內標記
金龍國小,True,基於原始室內標記
麗園市民活動中心,True,基於原始室內標記
三民國中,True,基於原始室內標記
茄苳里活動中心,True,基於原始室內標記
蘭州國中,True,基於原始室內標記
內湖區行政大樓,True,基於規則推斷 (預設為室內 - 安全原則)
崇德國小,True,基於原始室內標記
新北市立三重商工,True,基於原始室內標記
私立穀保家商,True,基於原始室內標記
更寮國民小學,True,基於原始室內標記
六張市民活動中心,True,基於原始室內標記
三重國民小學,True,基於原始室內標記
光榮國民中學,True,基於原始室內標記
崇德橋東市民活動中心,True,基於原始室內標記
南湖國小,True,基於原始室內標記
明湖國中,True,基於原始室內標記
大園國中學生活動中心,True,基於原始室內標記
和平市民活動中心,True,基於原始室內標記
厚德國民小學,True,基於原始室內標記
老人文康活動中心禮堂,True,基於原始室內標記
光榮國民小學,True,基於原始室內標記
明湖國小,True,基於原始室內標記
更寮國小-室內,True,基於原始室內標記
保長坑訓練中心,True,基於原始室內標記
德音國民小學,True,基於原始室內標記
山鼻內厝聯合里民活動中心,True,基於原始室內標記
保長國小,True,基於原始室內標記
仁愛市民活動中心,True,基於原始室內標記
東湖國中,True,基於原始室內標記
大園區北港社區活動中心,True,基於原始室內標記
三石社區活動中心,True,基於原始室內標記
麗湖國小,True,基於原始室內標記
大佳國小,True,基於原始室內標記
大龍國小,True,基於原始室內標記
林口高中,True,基於原始室內標記
格致高級中學,True,基於原始室內標記
南勢市民活動中心,True,基於原始室內標記
南勢國小,True,基於原始室內標記
明倫高中,True,基於原始室內標記
憲訓中心,True,基於原始室內標記
后厝社區活動中心,True,基於原始室內標記
重慶國中,True,基於原始室內標記
臺北市大同運動中心,True,基於原始室內標記
永盛市民活動中心,True,基於原始室內標記
三和國民中學,True,基於原始室內標記
林口區公所,True,基於原始室內標記
得仁市民活動中心,True,基於原始室內標記
林口國中活動中心,True,基於原始室內標記
永福國民小學,True,基於原始室內標記
內湖國中,True,基於原始室內標記
長安里民活動中心,True,基於原始室內標記
濱江國小,True,基於原始室內標記
麗林市民活動中心,True,基於原始室內標記
北安國中,True,基於原始室內標記
內湖高中,True,基於原始室內標記
臺北市內湖運動中心,True,基於原始室內標記
新北特殊教育學校,True,基於規則推斷 (學校建築通常為室內)
民生市民活動中心,True,基於原始室內標記
永安國小,True,基於原始室內標記
長安市民活動中心,True,基於原始室內標記
內湖國小,True,基於原始室內標記
長安國小,True,基於原始室內標記
更新市民活動中心,True,基於原始室內標記
大直高中,True,基於原始室內標記
醒吾高中,True,基於原始室內標記
溪墘湧蓮市民活動中心,True,基於原始室內標記
竹林山觀音寺活動中心,True,基於原始室內標記
濱江國中,True,基於原始室內標記
內湖高工,True,基於原始室內標記
劍潭國小,True,基於原始室內標記
康寧國小,True,基於原始室內標記
佳林國中,True,基於原始室內標記
徐匯中學,True,基於原始室內標記
大直國小,True,基於原始室內標記
內海貴文宮,True,基於原始室內標記
長安市民活動中心,True,基於原始室內標記
林口國小,True,基於原始室內標記
實踐里民活動中心,True,基於原始室內標記
永安兒童公園市民活動中心,True,基於原始室內標記
麗山國中,True,基於原始室內標記
中路市民活動中心,True,基於原始室內標記
頭湖國小,True,基於原始室內標記
堵南里民活動中心,True,基於原始室內標記
大湖公園,False,基於原始室外標記
立體停車場,True,基於原始室內標記
堵南國小活動中心,True,基於原始室內標記
五股國民中學,True,基於原始室內標記
暖東里民活動中心,True,基於原始室內標記
五股國民小學,True,基於原始室內標記
堵北里民活動中心,True,基於原始室內標記
財團法人臺灣省臺北縣基督教徒蘆洲,True,基於原始室內標記
麗山國小,True,基於原始室內標記
葫蘆國小,True,基於原始室內標記
百福國中活動中心,True,基於原始室內標記
西湖國小,True,基於原始室內標記
蘆洲國小,True,基於原始室內標記
麗山高中,True,基於原始室內標記
湖南市民活動中心,True,基於原始室內標記
蘆洲區公所,True,基於原始室內標記
碧華國民小學,True,基於規則推斷 (預設為室內 - 安全原則)
鷺江國小,True,基於原始室內標記
碧湖國小,True,基於原始室內標記
成功國小,True,基於原始室內標記
重陽市民活動中心,True,基於原始室內標記
文湖國小,True,基於原始室內標記
西湖國中,True,基於原始室內標記
百齡國小,True,基於原始室內標記
泰安里民活動中心,True,基於原始室內標記
五華國民小學,True,基於原始室內標記
三民高中,True,基於原始室內標記
百齡高中,True,基於原始室內標記
蘆洲國中,True,基於原始室內標記
新北市立新北高中,True,基於原始室內標記
山腳國中,True,基於原始室內標記
大湖國小,True,基於原始室內標記
百福里民活動中心,True,基於原始室內標記
猴硐國小,True,基於原始室內標記
忠義國小,True,基於原始室內標記
北港國小,True,基於原始室內標記
天母棒球場,True,基於原始室內標記
臺北市士林運動中心,True,基於原始室內標記
社子國小,True,基於原始室內標記
鷺江國中,True,基於原始室內標記
公民會館,True,基於原始室內標記
永平市民活動中心,True,基於原始室內標記
六堵里民活動中心,True,基於原始室內標記
仁愛國小,True,基於原始室內標記
陽明高中,True,基於原始室內標記
友一里民活動中心,True,基於原始室內標記
水湳市民活動中心,True,基於原始室內標記
士林國小,True,基於原始室內標記
士林國中,True,基於原始室內標記
成功市民活動中心,True,基於原始室內標記
大古山停車場,False,基於原始室外標記
基隆高級商工職業學校,True,基於原始室內標記
士林高商,True,基於原始室內標記
長興里民活動中心,True,基於原始室內標記
士林官邸公園,False,基於原始室外標記
暖西里民活動中心,True,基於原始室內標記
碇祥里民活動中心,True,基於原始室內標記
碇內里民活動中心,True,基於原始室內標記
碇內國中,True,基於原始室內標記
暖暖里民活動中心,True,基於原始室內標記
七堵國小活動中心,True,基於原始室內標記
成州市民活動中心,True,基於原始室內標記
七堵行政大樓6樓,True,基於原始室內標記
福林國小,True,基於原始室內標記
永平里民活動中心,True,基於原始室內標記
文昌國小,True,基於原始室內標記
地藏禪寺,True,基於原始室內標記
成州國民小學,True,基於原始室內標記
碇安里民活動中心,True,基於原始室內標記
沙崙社區活動中心,True,基於原始室內標記
八德土地公廟,True,基於原始室內標記
湖北市民活動中心,True,基於原始室內標記
暖同里民活動中心,True,基於原始室內標記
自強里民活動中心,True,基於原始室內標記
海湖國小,True,基於原始室內標記
雨聲國小,True,基於原始室內標記
福安國中,True,基於原始室內標記
至善國中,True,基於原始室內標記
竹圍國小,True,基於原始室內標記
吉慶國小,True,基於原始室內標記
中正高中,True,基於原始室內標記
竹圍社區活動中心,True,基於原始室內標記
過港里民活動中心,True,基於原始室內標記
佛祖廟西靈岩寺,False,基於原始室外標記
雨農國小,True,基於原始室內標記
爪峰里活動中心,True,基於規則推斷 (活動中心通常為室內設施)
富安國小,True,基於原始室內標記
文林國小,True,基於原始室內標記
雙溪國小,True,基於原始室內標記
傑魚市民活動中心,True,基於規則推斷 (活動中心通常為室內設施)
福住市民活動中心,True,基於原始室內標記
新山里活動中心,True,基於規則推斷 (活動中心通常為室內設施)
九份國小,True,基於原始室內標記
復興國小,True,基於原始室內標記
明德國中,True,基於原始室內標記
瑞芳國中,True,基於原始室內標記
瑞龍市民活動中心,True,基於原始室內標記
基隆高中,True,基於原始室內標記
觀音市民活動中心,True,基於原始室內標記
瑞芳國小,True,基於原始室內標記
嘉寶國小,True,基於原始室內標記
蘭雅國小,True,基於原始室內標記
八南里民活動中心,True,基於原始室內標記
海口社區活動中心,True,基於原始室內標記
瑞芳區公所,True,基於原始室內標記
八中里民活動中心,True,基於原始室內標記
瑪陵國小活動中心,True,基於原始室內標記
芝山國小,True,基於原始室內標記
瑞芳高工,True,基於原始室內標記
蘭雅國中,True,基於原始室內標記
八西里民活動中心,True,基於原始室內標記
勸濟堂,True,基於原始室內標記
瓜山國小,True,基於原始室內標記
明德國小,True,基於原始室內標記
和美國小,True,基於原始室內標記
佛祖廟西側高地,False,基於原始室外標記
興福國小,True,基於原始室內標記
翠柏新村安養中心-服務大樓,True,基於原始室內標記
八德里民活動中心,True,基於原始室內標記
石牌國中,True,基於原始室內標記
石牌國小,True,基於原始室內標記
三玉國小,True,基於原始室內標記
天母國中,True,基於原始室內標記
南榮國小,True,基於原始室內標記
立農國小,True,基於原始室內標記
天母國小,True,基於原始室內標記
陽明山國小,True,基於原始室內標記
溪山國小,True,基於原始室內標記
關渡國中,True,基於原始室內標記
育仁里民活動中心,True,基於原始室內標記
東和市民活動中心,True,基於規則推斷 (活動中心通常為室內設施)
威遠廟,True,基於原始室內標記
瑞濱國小,True,基於規則推斷 (預設為室內 - 安全原則)
鼻頭國小,True,基於原始室內標記
鶯歌里民活動中心,True,基於原始室內標記
安樂區公所二樓禮堂,True,基於原始室內標記
瑞濱市民活動中心,True,基於原始室內標記
壯觀里民活動中心,True,基於原始室內標記
普宜苑,True,基於原始室內標記
瑪東里民活動中心,True,基於原始室內標記
濂洞國小,True,基於原始室內標記
七賢里民活動中心,True,基於原始室內標記
吉仁里民活動中心,True,基於原始室內標記
孝岡里民活動中心,True,基於原始室內標記
新安里臨時聚會場所,True,基於原始室內標記
獅球書院聯合里民活動中心,True,基於原始室內標記
長樂國小餐廳旁空間,True,基於原始室內標記
仁愛區公所,True,基於原始室內標記
光華里民活動中心,True,基於原始室內標記
兆連里民活動中心,True,基於原始室內標記
林泉里民活動中心,True,基於原始室內標記
長坑市民活動中心,True,基於原始室內標記
長坑國小,True,基於原始室內標記
竹圍國小自強分校,True,基於原始室內標記
四維里民活動中心,True,基於原始室內標記
福仁里民活動中心,True,基於原始室內標記
長樂國小活動中心,True,基於原始室內標記
三民里民活動中心,True,基於原始室內標記
和明里民活動中心,True,基於原始室內標記
禮儀里民活動中心,True,基於原始室內標記
關渡國小,True,基於原始室內標記
清江國小,True,基於原始室內標記
孝深里民活動中心,True,基於原始室內標記
禮東里民活動中心,True,基於原始室內標記
東明里民活動中心,True,基於原始室內標記
文安里民活動中心,True,基於原始室內標記
玉田里民活動中心,True,基於原始室內標記
智仁里民活動中心,True,基於原始室內標記
花崗里活動中心,True,基於原始室內標記
新忠勇里民活動中心,True,基於原始室內標記
忠勇里民活動中心,True,基於原始室內標記
智慧里民活動中心,True,基於原始室內標記
明德里民活動中心,True,基於原始室內標記
仁愛國小,True,基於原始室內標記
博愛里民活動中心,True,基於原始室內標記
虹橋水錦聯合里民活動中心,True,基於原始室內標記
朝棟里民活動中心,True,基於原始室內標記
瑞平國小,True,基於原始室內標記
義民里民活動中心,True,基於原始室內標記
瑪西里民活動中心,True,基於原始室內標記
東安里民活動中心,True,基於原始室內標記
新店里民活動中心,True,基於原始室內標記
義和里民活動中心,True,基於原始室內標記
同風里民活動中心,True,基於原始室內標記
平等國小,True,基於原始室內標記
市立體育館,True,基於原始室內標記
義昭里民活動中心,True,基於原始室內標記
新建里民活動中心,True,基於原始室內標記
基隆市信義區公所,True,基於原始室內標記
深澳里市民活動中心,True,基於原始室內標記
仁德里民活動中心,True,基於原始室內標記
東信里民活動中心,True,基於原始室內標記
安樂國小活動中心,True,基於原始室內標記
孝德里民活動中心,True,基於原始室內標記
文昌里民活動中心,True,基於原始室內標記
仁義里民活動中心,True,基於原始室內標記
安民里民活動中心,True,基於原始室內標記
格致國中,True,基於原始室內標記
西華里民活動中心,True,基於原始室內標記
安和及慈仁里民活動中心,True,基於原始室內標記
安平里民活動中心,True,基於原始室內標記
龍米市民活動中心,True,基於原始室內標記
東信國小,True,基於原始室內標記
干城里民活動中心,True,基於原始室內標記
北投區區民活動中心,True,基於原始室內標記
西榮里民活動中心,True,基於原始室內標記
安樂高中活動中心,True,基於原始室內標記
北投國小,True,基於原始室內標記
北投國中,True,基於原始室內標記
中山里民活動中心,True,基於原始室內標記
民治里民活動中心,True,基於原始室內標記
東光里民活動中心,True,基於原始室內標記
桃源國中,True,基於原始室內標記
港通及正義里民活動中心,True,基於原始室內標記
私立聖心女中,True,基於原始室內標記
信義里民活動中心,True,基於原始室內標記
太平市民活動中心,True,基於原始室內標記
新豐里民活動中心,True,基於原始室內標記
中正國小活動中心,True,基於原始室內標記
興寮里民活動中心,True,基於原始室內標記
西川里民活動中心,True,基於原始室內標記
文化國小,True,基於原始室內標記
西定里民活動中心,True,基於原始室內標記
中興里民活動中心,True,基於原始室內標記
三砂灣聯合里民活動中心,True,基於原始室內標記
外寮里民活動中心,True,基於原始室內標記
民生活動中心,True,基於原始室內標記
復興崗營區,True,基於原始室內標記
復興崗營區,True,基於原始室內標記
逸仙國小,True,基於原始室內標記
新民國中,True,基於原始室內標記
臺北市北投運動中心,True,基於原始室內標記
復興公園,False,基於原始室外標記
砂子里民活動中心,True,基於原始室內標記
桃源國小,True,基於原始室內標記
八里國中,True,基於原始室內標記
新西里民活動中心,True,基於原始室內標記
八斗高中活動中心,True,基於原始室內標記
中山高中分部活動中心,True,基於原始室內標記
仁正里民活動中心,True,基於原始室內標記
中砂里民活動中心,True,基於原始室內標記
碧砂里民活動中心,True,基於原始室內標記
西康里民活動中心,True,基於原始室內標記
中和里民活動中心,True,基於原始室內標記
義方國小,True,基於原始室內標記
正砂里民活動中心,True,基於原始室內標記
砂灣里民活動中心,True,基於原始室內標記
健民里民活動中心,True,基於原始室內標記
和平里民活動中心,True,基於原始室內標記
中崙里民活動中心,True,基於原始室內標記
八斗里民活動中心,True,基於原始室內標記
復興高中,True,基於原始室內標記
居仁里民活動中心,True,基於原始室內標記
八斗子環保公園,False,基於規則推斷 (公園通常為室外空間)
通化里民活動中心,True,基於原始室內標記
中山國小,True,基於原始室內標記
竹圍高中,True,基於原始室內標記
建國里民活動中心,True,基於原始室內標記
中和國小,True,基於原始室內標記
德和里民活動中心,True,基於原始室內標記
米倉國小,True,基於原始室內標記
仙洞國小,True,基於原始室內標記
竹圍國小,True,基於原始室內標記
仙洞里民活動中心,True,基於原始室內標記
通明里休閒活動中心,True,基於原始室內標記
基隆海事活動中心,True,基於原始室內標記
通明里民活動中心,True,基於原始室內標記
中濱里民活動中心,True,基於原始室內標記
文化活動中心,True,基於原始室內標記
泉源國小,True,基於原始室內標記
八里國小,True,基於原始室內標記
中正里民活動中心,True,基於原始室內標記
德安里民活動中心,True,基於原始室內標記
湖山國小,True,基於原始室內標記
國立臺灣海洋大學,True,基於原始室內標記
大慶活動中心,True,基於原始室內標記
中正區公所,True,基於原始室內標記
太白里民活動中心,True,基於原始室內標記
基隆市中山區公所,True,基於原始室內標記
文化里民活動中心,True,基於原始室內標記
中山高中活動中心,True,基於原始室內標記
和平島聯合里民活動中心,True,基於原始室內標記
大屯國小,True,基於原始室內標記
平寮里民活動中心,True,基於原始室內標記
和平國小活動中心,True,基於原始室內標記
內寮里民活動中心,True,基於原始室內標記
協和里民活動中心,True,基於原始室內標記
坪頂國小,True,基於原始室內標記
大崁老人活動中心,True,基於原始室內標記
渡船頭市民活動中心,True,基於原始室內標記
大埤頂市民活動中心,True,基於原始室內標記
崁腳國小,True,基於原始室內標記
大崁國小,True,基於原始室內標記
崁腳活動中心,True,基於原始室內標記
竿蓁活動中心,True,基於原始室內標記
興音寺,True,基於原始室內標記
大坪國小,True,基於原始室內標記
真聖宮,True,基於原始室內標記
湖田國小,True,基於原始室內標記
樹興里活動中心,True,基於原始室內標記
長青醫院,True,基於原始室內標記
長庚活動中心,True,基於原始室內標記
鄧公國小,True,基於原始室內標記
中興活動中心,True,基於原始室內標記
淡水國小,True,基於原始室內標記
文化國小,True,基於原始室內標記
淡水國中,True,基於原始室內標記
萬里國小,True,基於原始室內標記
萬里國中,True,基於原始室內標記
萬里區行政大樓,True,基於原始室內標記
中華商業海事職業學校,True,基於原始室內標記
獅頭路瑪鋉公園,False,基於原始室外標記
水碓活動中心,True,基於原始室內標記
萬里區行政大樓,True,基於原始室內標記
新興活動中心,True,基於原始室內標記
正德國中,True,基於原始室內標記
新興國小,True,基於原始室內標記
天生國小,True,基於原始室內標記
淡海活動中心,True,基於原始室內標記
鎮北宮,False,基於原始室外標記
水源國小,True,基於原始室內標記
水源里活動中心,True,基於原始室內標記
新市國小,True,基於規則推斷 (預設為室內 - 安全原則)
淡水商工,True,基於原始室內標記
基督教芥菜種營地,False,基於原始室外標記
育英國小,True,基於原始室內標記
仁愛之家,True,基於原始室內標記
忠山國小,True,基於原始室內標記
磺潭社區親水公園,False,基於原始室外標記
野柳活動中心,True,基於原始室內標記
新北市三芝區興華國民小學,True,基於原始室內標記
野柳國小,True,基於原始室內標記
大鵬國小,True,基於原始室內標記
頂寮活動中心,True,基於原始室內標記
公館崙公園,False,基於規則推斷 (公園通常為室外空間)
興仁國小,True,基於原始室內標記
金山朝天宮,True,基於原始室內標記
三和國小,True,基於原始室內標記
金山區運動休閒廣場,True,基於原始室內標記
新北市三芝區圓山里活動中心,True,基於原始室內標記
金美國小,True,基於原始室內標記
中山堂〈1樓禮堂〉,True,基於原始室內標記
金山國小,True,基於原始室內標記
中泰國小,True,基於原始室內標記
金山高中,True,基於原始室內標記
金山青年活動中心,True,基於原始室內標記
六三社區活動中心,True,基於原始室內標記
金山區獅頭山公園,False,基於規則推斷 (公園通常為室外空間)
聖德宮,True,基於規則推斷 (預設為室內 - 安全原則)
新北市三芝區八賢里活動中心,True,基於規則推斷 (活動中心通常為室內設施)
屯山國小,True,基於原始室內標記
中角國小,True,基於原始室內標記
萬壽活動中心,True,基於原始室內標記
妙濟寺,False,基於原始室外標記
新北市三芝區公有市場,True,基於原始室內標記
三芝區公所,True,基於原始室內標記
新北市三芝區三芝國民小學,True,基於原始室內標記
三芝農會,True,基於原始室內標記
新北市三芝區橫山國民小學,True,基於原始室內標記
新北市立三芝國民中學,True,基於原始室內標記
乾華國小禮堂,True,基於原始室內標記
茂林里活動中心,True,基於原始室內標記
草里里活動中心,True,基於原始室內標記
北海岸風景管理處德茂里活動中心,True,基於原始室內標記
老梅國小教室,True,基於原始室內標記
富基里活動中心,True,基於原始室內標記
老梅里活動中心,True,基於原始室內標記
山溪里活動中心,True,基於原始室內標記
石門里活動中心,True,基於原始室內標記
石門區體育館,True,基於原始室內標記
石門區公所,True,基於原始室內標記
石門國民中學,True,基於原始室內標記
石門國小,True,基於原始室內標記
尖鹿里活動中心,True,基於原始室內標記
