shelter_name,address,latitude,longitude,is_indoor,capacity,nearest_aqi_station,nearest_aqi_value,distance_to_station_km,risk_level,risk_reason,analysis_time
五峰活動中心,,24.386,121.073,True,110,台中,47,48.39,Safe,AQI良好或為室內設施,2026-03-03 19:07:25
南坑村集會所暨南外社區活動中心,9鄰大南坑1-5號,24.6725,121.0561,True,20,新竹,42,18.08,Safe,AQI良好或為室內設施,2026-03-03 19:07:25
霞雲社區活動中心,6鄰22-1號,24.814018,121.406238,True,36,桃園,38,22.61,Safe,AQI良好或為室內設施,2026-03-03 19:07:25
澤仁里辦公處,14鄰中正路168之1號,24.820601,121.351987,True,40,桃園,38,19.91,Safe,AQI良好或為室內設施,2026-03-03 19:07:25
奎輝里活動中心,3鄰羅馬路3段355號,24.797047,121.334302,True,50,桃園,38,22.11,Safe,AQI良好或為室內設施,2026-03-03 19:07:25
高義教會,6鄰48號,24.706112,121.354462,True,61,桃園,38,32.42,Safe,AQI良好或為室內設施,2026-03-03 19:07:25
上大社區活動中心,8鄰大湖路一段510號,24.978234,121.147333,True,0,桃園,38,15.58,Safe,AQI良好或為室內設施,2026-03-03 19:07:25
武威社區活動中心,4鄰武威一路10號,25.028242,121.073317,True,0,桃園,38,23.26,Safe,AQI良好或為室內設施,2026-03-03 19:07:25
塔腳社區活動中心,4鄰塔腳路116號,25.049298,121.154708,True,0,桃園,38,15.99,Safe,AQI良好或為室內設施,2026-03-03 19:07:25
廣福社區活動中心,福山路二段403巷6號,25.019018,121.153383,True,0,桃園,38,15.14,Safe,AQI良好或為室內設施,2026-03-03 19:07:25
草漯國民小學,新生路1462號,25.045941,121.142939,True,100,桃園,38,16.96,Safe,AQI良好或為室內設施,2026-03-03 19:07:25
上大國民小學,8鄰大湖路一段540號,24.979129,121.146755,True,100,桃園,38,15.63,Safe,AQI良好或為室內設施,2026-03-03 19:07:25
崙坪國民小學,崙坪里297之1號,24.999596,121.162676,True,100,桃園,38,13.96,Safe,AQI良好或為室內設施,2026-03-03 19:07:25
富林國民小學,大觀路三段466號,25.062195,121.1285,True,100,桃園,38,18.98,Safe,AQI良好或為室內設施,2026-03-03 19:07:25
樹林國民小學,觀音鄉樹林村新村路二段十二號,25.062176,121.128468,True,100,桃園,38,18.98,Safe,AQI良好或為室內設施,2026-03-03 19:07:25
觀音區公所綠資源中心,觀新路56號,25.028281,121.083597,True,0,桃園,38,22.24,Safe,AQI良好或為室內設施,2026-03-03 19:07:25
高雄市前鎮區光華國民小學,廣西路57號,22.615,120.32,True,300,高雄,150,2.35,High Risk,最近AQI測站(高雄) AQI為150 > 100,2026-03-03 19:07:25
大武國小,民族街2巷49號,22.365009,120.905497,True,350,台東,25,50.57,Safe,AQI良好或為室內設施,2026-03-03 19:07:25
尖山國小操場,尖豐路305號,24.64686,120.894048,False,200,新竹,42,19.99,Safe,AQI良好或為室內設施,2026-03-03 19:07:25
高雄市小港區鳳林國民小學,鳳林路207號,22.527,120.343,True,300,高雄,150,11.94,High Risk,最近AQI測站(高雄) AQI為150 > 100,2026-03-03 19:07:25
大武社區活動中心,2鄰小山巷7號,22.757534,120.754782,True,30,台東,25,40.81,Safe,AQI良好或為室內設施,2026-03-03 19:07:25
和平國小,和平112號,24.308073,121.748879,True,250,宜蘭,33,42.85,Safe,AQI良好或為室內設施,2026-03-03 19:07:25
佳義社區活動中心,泰平巷11號,22.653475,120.630874,True,0,高雄,150,33.94,High Risk,最近AQI測站(高雄) AQI為150 > 100,2026-03-03 19:07:25
中東社區活動中心,山腳路五段185巷20號,23.971414,120.599689,True,30,台中,47,20.99,Safe,AQI良好或為室內設施,2026-03-03 19:07:25
崇實高工體育館,育英路103號,23.961057,120.574848,True,80,台中,47,23.05,Safe,AQI良好或為室內設施,2026-03-03 19:07:25
東芳國小,彰馬路45號,24.062538,120.516345,True,145,台中,47,18.56,Safe,AQI良好或為室內設施,2026-03-03 19:07:25
三義社區活動中心,員鹿路245巷112號,23.95268,120.563531,True,200,台中,47,24.4,Safe,AQI良好或為室內設施,2026-03-03 19:07:25
大同國中,大同路一段345號,23.963213,120.579502,True,200,台中,47,22.63,Safe,AQI良好或為室內設施,2026-03-03 19:07:25
員林農工體育館,員水路二段313號,23.955187,120.581692,True,200,台中,47,23.35,Safe,AQI良好或為室內設施,2026-03-03 19:07:25
員林市員東國小,員東路二段12號,23.961879,120.587309,True,200,台中,47,22.44,Safe,AQI良好或為室內設施,2026-03-03 19:07:25
員林市員林國中活動中心,南潭路2號,23.979184,120.557085,True,200,台中,47,22.16,Safe,AQI良好或為室內設施,2026-03-03 19:07:25
員林市員林國小,三民東街221號,23.960059,120.57921,True,300,台中,47,22.96,Safe,AQI良好或為室內設施,2026-03-03 19:07:25
健康公園,忠明南路與五權南路交叉口,24.119757,120.667553,False,7500,台中,47,3.17,Safe,AQI良好或為室內設施,2026-03-03 19:07:25
屏東市信義國小,信義路262號,22.68523,120.49197,True,965,高雄,150,20.59,High Risk,最近AQI測站(高雄) AQI為150 > 100,2026-03-03 19:07:25
光隆營區,光興路1001號,24.1112,120.7305,True,80,台中,47,7.06,Safe,AQI良好或為室內設施,2026-03-03 19:07:25
大快官藝文館,彰南路五段8號,24.068651,120.613159,True,45,台中,47,10.72,Safe,AQI良好或為室內設施,2026-03-03 19:07:25
彰德國中勤學樓、育英樓穿堂,彰南路二段512巷97號,24.08054,120.589342,True,45,台中,47,11.35,Safe,AQI良好或為室內設施,2026-03-03 19:07:25
介壽社區活動中心,介壽新村21號,24.070873,120.551727,True,45,台中,47,15.03,Safe,AQI良好或為室內設施,2026-03-03 19:07:25
國聖國小,中山路三段608號,24.092292,120.568089,True,54,台中,47,12.35,Safe,AQI良好或為室內設施,2026-03-03 19:07:25
石牌國小,田坑路一段9號,24.058558,120.614942,True,63,台中,47,11.56,Safe,AQI良好或為室內設施,2026-03-03 19:07:25
茄苳社區活動中心,茄苳路二段292號,24.10378,120.547944,True,64,台中,47,13.66,Safe,AQI良好或為室內設施,2026-03-03 19:07:25
三民國小,田中路125號,24.085743,120.604547,True,77,台中,47,9.83,Safe,AQI良好或為室內設施,2026-03-03 19:07:25
南北管戲曲音樂館,平和七街66號,24.068206,120.529851,True,77,台中,47,17.06,Safe,AQI良好或為室內設施,2026-03-03 19:07:25
牛埔社區活動中心,彰南路三段226號,24.081368,120.597531,True,78,台中,47,10.68,Safe,AQI良好或為室內設施,2026-03-03 19:07:25
桃源社區活動中心,公園路二段102之1號,24.072547,120.559047,True,90,台中,47,14.32,Safe,AQI良好或為室內設施,2026-03-03 19:07:25
南興社區活動中心,中山路一段189巷49號,24.056604,120.533189,True,93,台中,47,17.48,Safe,AQI良好或為室內設施,2026-03-03 19:07:25
快官社區活動中心,彰南路四段566號之1,24.068422,120.612013,True,115,台中,47,10.81,Safe,AQI良好或為室內設施,2026-03-03 19:07:25
福山社區活動中心,福山街168號,24.082668,120.571394,True,177,台中,47,12.64,Safe,AQI良好或為室內設施,2026-03-03 19:07:25
延和社區活動中心,埔西街111號,24.059306,120.538252,True,184,台中,47,16.89,Safe,AQI良好或為室內設施,2026-03-03 19:07:25
泰和國小,泰和路二段145巷1號,24.092496,120.55168,True,203,台中,47,13.81,Safe,AQI良好或為室內設施,2026-03-03 19:07:25
彰興國中,埔西街107號,24.059274,120.538251,True,242,台中,47,16.89,Safe,AQI良好或為室內設施,2026-03-03 19:07:25
信義國中小,向陽街168號,24.062723,120.52814,True,399,台中,47,17.53,Safe,AQI良好或為室內設施,2026-03-03 19:07:25
雅溝社區活動中心,南軒路359巷7號,24.099707,120.492521,True,150,台中,47,19.14,Safe,AQI良好或為室內設施,2026-03-03 19:07:25
湖口鄉信勢國小禮堂,成功路360號,21.9002,121.0376,True,385,台東,25,96.15,Safe,AQI良好或為室內設施,2026-03-03 19:07:25
港口社區活動中心,港口路42號,21.9912,120.8271,True,50,高雄,150,89.04,High Risk,最近AQI測站(高雄) AQI為150 > 100,2026-03-03 19:07:25
恆春國中收容所,文化路79號,22.0031,120.7475,True,1400,高雄,150,83.21,High Risk,最近AQI測站(高雄) AQI為150 > 100,2026-03-03 19:07:25
恆春鎮公所,天文路1號,22.0038,120.7474,True,220,高雄,150,83.14,High Risk,最近AQI測站(高雄) AQI為150 > 100,2026-03-03 19:07:25
永靖社區活動中心,庄內路33巷8-1號,22.0052,120.8092,True,30,高雄,150,86.68,High Risk,最近AQI測站(高雄) AQI為150 > 100,2026-03-03 19:07:25
永港國民小學,新庄路25號,22.005679,120.817377,True,100,高雄,150,87.15,High Risk,最近AQI測站(高雄) AQI為150 > 100,2026-03-03 19:07:25
恒春國小收容所,北門路39巷26號,22.0064,120.7466,True,200,高雄,150,82.85,High Risk,最近AQI測站(高雄) AQI為150 > 100,2026-03-03 19:07:25
僑勇國小收容所,西門路146號,22.0087,120.7442,True,430,高雄,150,82.5,High Risk,最近AQI測站(高雄) AQI為150 > 100,2026-03-03 19:07:25
滿州國民小學,中山路39號,22.020382,120.838101,True,100,高雄,150,87.19,High Risk,最近AQI測站(高雄) AQI為150 > 100,2026-03-03 19:07:25
屏東縣滿州鄉公所,中山路43號,22.0209,120.8386,True,30,高雄,150,87.18,High Risk,最近AQI測站(高雄) AQI為150 > 100,2026-03-03 19:07:25
舊蘭嶼國小,臺東縣蘭嶼鄉紅頭村1-1號,22.0211,121.5546,True,100,台東,25,91.79,Safe,AQI良好或為室內設施,2026-03-03 19:07:25
滿州社區活動中心,中山路107號,22.0233,120.8371,True,30,高雄,150,86.87,High Risk,最近AQI測站(高雄) AQI為150 > 100,2026-03-03 19:07:25
屏東縣滿州鄉圖書館,中山路152號,22.0243,120.8377,True,100,高雄,150,86.83,High Risk,最近AQI測站(高雄) AQI為150 > 100,2026-03-03 19:07:25
滿州國民中學,文化路32號,22.024499,120.839695,True,100,高雄,150,86.94,High Risk,最近AQI測站(高雄) AQI為150 > 100,2026-03-03 19:07:25
蘭恩活動中心,臺東縣蘭嶼鄉紅頭村漁人147號,22.026,121.539,True,500,台東,25,90.59,Safe,AQI良好或為室內設施,2026-03-03 19:07:25
蘭嶼國民小學,1號 之1,22.0302,121.5266,True,100,台東,25,89.62,Safe,AQI良好或為室內設施,2026-03-03 19:07:25
響林活動中心,福德路64巷3號,22.0377,120.8335,True,50,高雄,150,85.4,High Risk,最近AQI測站(高雄) AQI為150 > 100,2026-03-03 19:07:25
椰油國民小學,1號,22.0453,121.5176,True,100,台東,25,87.7,Safe,AQI良好或為室內設施,2026-03-03 19:07:25
蘭嶼完全高級中學,臺東縣蘭嶼鄉椰油村34號,22.0494,121.5126,True,500,台東,25,87.07,Safe,AQI良好或為室內設施,2026-03-03 19:07:25
屏東縣立車城國小保力分校,保力路30號,22.0561,120.7275,True,63,高雄,150,77.17,High Risk,最近AQI測站(高雄) AQI為150 > 100,2026-03-03 19:07:25
屏東縣立車城國小射寮分校,埔墘路38號,22.0567,120.7118,True,63,高雄,150,76.2,High Risk,最近AQI測站(高雄) AQI為150 > 100,2026-03-03 19:07:25
屏東縣立車城國中,新興路42號,22.0729,120.7165,True,350,高雄,150,74.98,High Risk,最近AQI測站(高雄) AQI為150 > 100,2026-03-03 19:07:25
高士國小牡林分校,四林路80號,22.0731,120.8139,True,304,高雄,150,81.09,High Risk,最近AQI測站(高雄) AQI為150 > 100,2026-03-03 19:07:25
長樂村長壽俱樂部,和平路21號,22.0742,120.8258,True,50,高雄,150,81.8,High Risk,最近AQI測站(高雄) AQI為150 > 100,2026-03-03 19:07:25
屏東縣立車城國小,中山路66號,22.0749,120.7146,True,250,高雄,150,74.69,High Risk,最近AQI測站(高雄) AQI為150 > 100,2026-03-03 19:07:25
長樂國小,大公路35號,22.0755,120.8286,True,120,高雄,150,81.88,High Risk,最近AQI測站(高雄) AQI為150 > 100,2026-03-03 19:07:25
車城福安宮香客大樓,福安路5之1號,22.0766,120.7119,True,100,高雄,150,74.38,High Risk,最近AQI測站(高雄) AQI為150 > 100,2026-03-03 19:07:25
朗島國小,臺東縣蘭嶼鄉朗島村17號,22.0792,121.5286,True,100,台東,25,84.82,Safe,AQI良好或為室內設施,2026-03-03 19:07:25
屏東縣立車城國小溫泉分校,文化路23號,22.096,120.7487,True,63,高雄,150,74.87,High Risk,最近AQI測站(高雄) AQI為150 > 100,2026-03-03 19:07:25
九棚永久屋大愛基地活動中心,九棚路大愛巷6號,22.111079,120.87378,True,100,台東,25,77.47,Safe,AQI良好或為室內設施,2026-03-03 19:07:25
高士國小,高士路29號,22.1248,120.847,True,350,台東,25,77.13,Safe,AQI良好或為室內設施,2026-03-03 19:07:25
石門村活動中心,石門路18號,22.1254,120.774,True,100,高雄,150,74.0,High Risk,最近AQI測站(高雄) AQI為150 > 100,2026-03-03 19:07:25
港仔活動中心,港仔路67號,22.1334,120.8815,True,50,台東,25,74.87,Safe,AQI良好或為室內設施,2026-03-03 19:07:25
竹坑活動中心,竹坑一巷1鄰8號,22.1454,120.7012,True,40,高雄,150,67.53,High Risk,最近AQI測站(高雄) AQI為150 > 100,2026-03-03 19:07:25
牡丹國小,牡丹路93號,22.1766,120.8377,True,350,台東,25,72.33,Safe,AQI良好或為室內設施,2026-03-03 19:07:25
楓港國民小學,光復24號,22.1902,120.6922,True,90,高雄,150,63.06,High Risk,最近AQI測站(高雄) AQI為150 > 100,2026-03-03 19:07:25
旭海村活動中心,旭海路93-1號,22.1917,120.8786,True,250,台東,25,69.02,Safe,AQI良好或為室內設施,2026-03-03 19:07:25
楓港老人文康中心,村舊庄1-2號,22.193,120.6895,True,80,高雄,150,62.64,High Risk,最近AQI測站(高雄) AQI為150 > 100,2026-03-03 19:07:25
楓林國小,楓林二巷22之2號,22.2022,120.7038,True,50,高雄,150,62.81,High Risk,最近AQI測站(高雄) AQI為150 > 100,2026-03-03 19:07:25
丹路國小,丹路一巷39號,22.2034,120.7515,True,50,高雄,150,66.05,High Risk,最近AQI測站(高雄) AQI為150 > 100,2026-03-03 19:07:25
獅子鄉立綜合體育館,舊庄280號,22.2051,120.7014,True,100,高雄,150,62.41,High Risk,最近AQI測站(高雄) AQI為150 > 100,2026-03-03 19:07:25
東源村活動中心,東源路6號,22.2052,120.851,True,250,台東,25,68.88,Safe,AQI良好或為室內設施,2026-03-03 19:07:25
內文活動中心,3鄰26號,22.2183,120.8507,True,40,台東,25,67.59,Safe,AQI良好或為室內設施,2026-03-03 19:07:25
獅子活動中心,3鄰35號,22.2323,120.6805,True,0,高雄,150,58.71,High Risk,最近AQI測站(高雄) AQI為150 > 100,2026-03-03 19:07:25
草埔活動中心,6鄰64號,22.2341,120.8014,True,40,高雄,150,67.47,High Risk,最近AQI測站(高雄) AQI為150 > 100,2026-03-03 19:07:25
枋山鄉公所,枋山路82號,22.26396799,120.6524235,True,50,高雄,150,54.16,High Risk,最近AQI測站(高雄) AQI為150 > 100,2026-03-03 19:07:25
枋寮高中正成分校,國中路1號,22.2643,120.6606,True,150,高雄,150,54.7,High Risk,最近AQI測站(高雄) AQI為150 > 100,2026-03-03 19:07:25
南田基督教會,臺東縣達仁鄉南田村3鄰20號,22.276682,120.890256,True,50,台東,25,59.96,Safe,AQI良好或為室內設施,2026-03-03 19:07:25
森永活動中心,臺東縣達仁鄉森永村3鄰31號,22.280641,120.864826,True,100,台東,25,60.79,Safe,AQI良好或為室內設施,2026-03-03 19:07:25
南田活動中心,臺東縣達仁鄉南田村10之2號,22.286514,120.888972,True,100,台東,25,59.05,Safe,AQI良好或為室內設施,2026-03-03 19:07:25
安朔基督教會,臺東縣達仁鄉安朔村2鄰20號,22.292996,120.866016,True,50,台東,25,59.54,Safe,AQI良好或為室內設施,2026-03-03 19:07:25
安朔集會所,6鄰安朔路114號,22.293497,120.867753,True,50,台東,25,59.4,Safe,AQI良好或為室內設施,2026-03-03 19:07:25
安朔國小,臺東縣達仁鄉安朔村8鄰113號,22.294292,120.868276,True,200,台東,25,59.3,Safe,AQI良好或為室內設施,2026-03-03 19:07:25
達仁鄉公所禮堂,9鄰復興路14號,22.297005,120.883062,True,100,台東,25,58.3,Safe,AQI良好或為室內設施,2026-03-03 19:07:25
大南國民小學,東興村東園一街40號,22.301654,121.016385,True,50,台東,25,52.67,Safe,AQI良好或為室內設施,2026-03-03 19:07:25
內獅國小,內獅村1號,22.3052,120.6427,True,0,高雄,150,50.13,High Risk,最近AQI測站(高雄) AQI為150 > 100,2026-03-03 19:07:25
南興村社區活動中心,達興路173號,22.3104,120.8867,True,200,台東,25,56.81,Safe,AQI良好或為室內設施,2026-03-03 19:07:25
南福社區活動中心,忠孝路1-10號,22.3284,120.3634,True,50,高雄,150,33.84,High Risk,最近AQI測站(高雄) AQI為150 > 100,2026-03-03 19:07:25
加祿國民小學,會社28號,22.3302,120.6211,True,60,高雄,150,46.59,High Risk,最近AQI測站(高雄) AQI為150 > 100,2026-03-03 19:07:25
大福社區活動中心,和平路3巷14-1號,22.3338,120.3708,True,100,高雄,150,33.41,High Risk,最近AQI測站(高雄) AQI為150 > 100,2026-03-03 19:07:25
琉球國中,中正路158號,22.336,120.3685,True,200,高雄,150,33.12,High Risk,最近AQI測站(高雄) AQI為150 > 100,2026-03-03 19:07:25
琉球國小,中正路293號,22.3371,120.3683,True,200,高雄,150,32.99,High Risk,最近AQI測站(高雄) AQI為150 > 100,2026-03-03 19:07:25
尚武村社區活動中心,政通3街1號,22.342,120.8818,True,100,台東,25,54.01,Safe,AQI良好或為室內設施,2026-03-03 19:07:25
大武鄉立托兒所,政通5街6-1號,22.3425,120.8806,True,100,台東,25,54.03,Safe,AQI良好或為室內設施,2026-03-03 19:07:25
全德國小,復興路97號,22.3462,120.3692,True,200,高雄,150,32.02,High Risk,最近AQI測站(高雄) AQI為150 > 100,2026-03-03 19:07:25
琉球鄉公所,行政路12號,22.3501,120.3837,True,150,高雄,150,31.96,High Risk,最近AQI測站(高雄) AQI為150 > 100,2026-03-03 19:07:25
老人文康活動中心,海邊路6號,22.3562,120.5997,True,150,高雄,150,42.99,High Risk,最近AQI測站(高雄) AQI為150 > 100,2026-03-03 19:07:25
大武老人會館,大武街110號,22.3564,120.9038,True,150,台東,25,51.49,Safe,AQI良好或為室內設施,2026-03-03 19:07:25
大武鄉多功能綜合活動中心暨避難收容所,大武街21巷1號,22.3581,120.9064,True,300,台東,25,51.19,Safe,AQI良好或為室內設施,2026-03-03 19:07:25
古華社區活動中心,古華路6鄰2巷46號,22.3596,120.6281,True,100,高雄,150,44.86,High Risk,最近AQI測站(高雄) AQI為150 > 100,2026-03-03 19:07:25
大武村社區活動中心,大武街56號,22.3596,120.8975,True,100,台東,25,51.5,Safe,AQI良好或為室內設施,2026-03-03 19:07:25
古華國民小學,3巷63號,22.361,120.626,True,200,高雄,150,44.6,High Risk,最近AQI測站(高雄) AQI為150 > 100,2026-03-03 19:07:25
僑德國小,僑德路186號,22.3631,120.6,True,320,高雄,150,42.47,High Risk,最近AQI測站(高雄) AQI為150 > 100,2026-03-03 19:07:25
枋寮國小,德興路197號,22.3678,120.5908,True,189,高雄,150,41.43,High Risk,最近AQI測站(高雄) AQI為150 > 100,2026-03-03 19:07:25
士文聚會所,64-2號,22.3685,120.6639,True,50,高雄,150,47.06,High Risk,最近AQI測站(高雄) AQI為150 > 100,2026-03-03 19:07:25
古華國民小學-士文分校,65號,22.3689,120.6635,True,60,高雄,150,47.0,High Risk,最近AQI測站(高雄) AQI為150 > 100,2026-03-03 19:07:25
春日社區活動中心,春日路13號,22.3703,120.6243,True,50,高雄,150,43.78,High Risk,最近AQI測站(高雄) AQI為150 > 100,2026-03-03 19:07:25
春日國民小學,春日路314號,22.3703,120.627,True,200,高雄,150,43.99,High Risk,最近AQI測站(高雄) AQI為150 > 100,2026-03-03 19:07:25
枋寮高中,義民路3號,22.3711,120.5908,True,1136,高雄,150,41.18,High Risk,最近AQI測站(高雄) AQI為150 > 100,2026-03-03 19:07:25
臺東縣立安朔國小新化分校,57號,22.381551,120.856773,True,200,台東,25,51.76,Safe,AQI良好或為室內設施,2026-03-03 19:07:25
建興國小,建興路39號,22.387,120.6019,True,162,高雄,150,40.83,High Risk,最近AQI測站(高雄) AQI為150 > 100,2026-03-03 19:07:25
屏東市復興公園,建興南路35號,22.3931,120.2857,False,1067,高雄,150,26.09,High Risk,最近AQI測站(高雄) AQI為150 > 100,2026-03-03 19:07:25
國立屏東高級工業職業學校,建國路25號,22.3948,120.2912,True,2523,高雄,150,25.87,High Risk,最近AQI測站(高雄) AQI為150 > 100,2026-03-03 19:07:25
東海國小,東海路486號,22.4013,120.5773,True,524,高雄,150,37.88,High Risk,最近AQI測站(高雄) AQI為150 > 100,2026-03-03 19:07:25
屏東市千禧公園,自由、大連、廣東、勝利東路廓內,22.4044,120.2952,False,1734,高雄,150,24.79,High Risk,最近AQI測站(高雄) AQI為150 > 100,2026-03-03 19:07:25
東海國小太源分校,太源路2-10號,22.4082,120.593,True,90,高雄,150,38.61,High Risk,最近AQI測站(高雄) AQI為150 > 100,2026-03-03 19:07:25
國立佳冬高農,佳農街17號,22.409,120.5584,True,239,高雄,150,35.86,High Risk,最近AQI測站(高雄) AQI為150 > 100,2026-03-03 19:07:25
屏東市廣興公園,監理站對面,22.413,120.2915,False,755,高雄,150,23.85,High Risk,最近AQI測站(高雄) AQI為150 > 100,2026-03-03 19:07:25
加津林活動中心,加津林50號,22.4162,120.9223,True,200,台東,25,44.8,Safe,AQI良好或為室內設施,2026-03-03 19:07:25
佳冬鄉立幼兒園,文化一路240號,22.423,120.5669,True,200,高雄,150,35.49,High Risk,最近AQI測站(高雄) AQI為150 > 100,2026-03-03 19:07:25
力里國民小學,自強1路92號,22.4277,120.629,True,200,高雄,150,40.31,High Risk,最近AQI測站(高雄) AQI為150 > 100,2026-03-03 19:07:25
春日鄉立老人文康中心,9鄰自強1路18號,22.428,120.6279,True,120,高雄,150,40.2,High Risk,最近AQI測站(高雄) AQI為150 > 100,2026-03-03 19:07:25
佳冬國中,大同路1號,22.4285,120.5668,True,300,高雄,150,35.1,High Risk,最近AQI測站(高雄) AQI為150 > 100,2026-03-03 19:07:25
屏東縣林邊鄉崎峰活動中心,成功路600號,22.4298,120.4902,True,200,高雄,150,29.3,High Risk,最近AQI測站(高雄) AQI為150 > 100,2026-03-03 19:07:25
來義鄉文物館,19鄰289號,22.435,120.6379,True,100,高雄,150,40.64,High Risk,最近AQI測站(高雄) AQI為150 > 100,2026-03-03 19:07:25
南和國小,51號,22.4364,120.6426,True,200,高雄,150,40.97,High Risk,最近AQI測站(高雄) AQI為150 > 100,2026-03-03 19:07:25
屏東縣林邊鄉仁和國民小學,中山路417號,22.4374,120.5114,True,200,高雄,150,30.18,High Risk,最近AQI測站(高雄) AQI為150 > 100,2026-03-03 19:07:25
土?天主堂,1鄰22號,22.453848,120.886914,True,50,台東,25,43.49,Safe,AQI良好或為室內設施,2026-03-03 19:07:25
臺東縣立土?國小,2鄰10 號,22.453853,120.887664,True,200,台東,25,43.44,Safe,AQI良好或為室內設施,2026-03-03 19:07:25
達仁鄉立土?托兒所,1鄰106號,22.454897,120.885982,True,160,台東,25,43.46,Safe,AQI良好或為室內設施,2026-03-03 19:07:25
大潭國小,大潭路93號,22.456799,120.495771,True,150,高雄,150,27.53,High Risk,最近AQI測站(高雄) AQI為150 > 100,2026-03-03 19:07:25
愛國蒲分校,愛國蒲6鄰92號,22.4575,120.9227,True,100,台東,25,40.95,Safe,AQI良好或為室內設施,2026-03-03 19:07:25
以栗國小,船頭路25號,22.4624,120.4629,True,300,高雄,150,24.72,High Risk,最近AQI測站(高雄) AQI為150 > 100,2026-03-03 19:07:25
東隆宮香客大樓,東隆街21-1號,22.4631,120.4488,True,300,高雄,150,23.72,High Risk,最近AQI測站(高雄) AQI為150 > 100,2026-03-03 19:07:25
太麻里鄉多良村辦公處,18鄰大溪251號,22.4631,120.9414,True,80,台東,25,39.35,Safe,AQI良好或為室內設施,2026-03-03 19:07:25
東隆國小,共和街45號,22.463386,120.449937,True,500,高雄,150,23.77,High Risk,最近AQI測站(高雄) AQI為150 > 100,2026-03-03 19:07:25
望嘉警察派出所,114-1號,22.4636,120.6218,True,100,高雄,150,37.6,High Risk,最近AQI測站(高雄) AQI為150 > 100,2026-03-03 19:07:25
屏東縣林邊鄉竹林國民小學,中興122號,22.4642,120.5331,True,100,高雄,150,29.92,High Risk,最近AQI測站(高雄) AQI為150 > 100,2026-03-03 19:07:25
東港高中,船頭路1號,22.4652,120.4555,True,450,高雄,150,23.99,High Risk,最近AQI測站(高雄) AQI為150 > 100,2026-03-03 19:07:25
東光國小,長春二路15號,22.4694,120.4596,True,150,高雄,150,23.92,High Risk,最近AQI測站(高雄) AQI為150 > 100,2026-03-03 19:07:25
東港國小,中正路一段10號,22.4707,120.4547,True,300,高雄,150,23.47,High Risk,最近AQI測站(高雄) AQI為150 > 100,2026-03-03 19:07:25
新埤鄉立幼兒園,民眾路103號,22.4754,120.611,True,250,高雄,150,36.0,High Risk,最近AQI測站(高雄) AQI為150 > 100,2026-03-03 19:07:25
臺東縣台?國民小學,10鄰59-1號,22.47755,120.9077,True,200,台東,25,40.09,Safe,AQI良好或為室內設施,2026-03-03 19:07:25
台?活動中心,10鄰56號,22.47805,120.9081,True,100,台東,25,40.02,Safe,AQI良好或為室內設施,2026-03-03 19:07:25
東興國小,興東路43-1號,22.4784,120.4657,True,461,高雄,150,23.64,High Risk,最近AQI測站(高雄) AQI為150 > 100,2026-03-03 19:07:25
北市大附小,公園路29號,22.4797,120.913,True,157,台東,25,39.57,Safe,AQI良好或為室內設施,2026-03-03 19:07:25
台?基督教會,8鄰24號,22.479837,120.913513,True,50,台東,25,39.52,Safe,AQI良好或為室內設施,2026-03-03 19:07:25
啦里吧活動中心,9鄰啦里吧49號,22.48099,120.9136,True,100,台東,25,39.42,Safe,AQI良好或為室內設施,2026-03-03 19:07:25
新埤國小,新華路165號,22.4844,120.5653,True,450,高雄,150,31.41,High Risk,最近AQI測站(高雄) AQI為150 > 100,2026-03-03 19:07:25
高雄市立中芸國民中學,中芸路3-100號,22.485875,120.395311,True,700,高雄,150,18.45,High Risk,最近AQI測站(高雄) AQI為150 > 100,2026-03-03 19:07:25
中芸國小,中芸路1號,22.4871,120.3967,True,500,高雄,150,18.41,High Risk,最近AQI測站(高雄) AQI為150 > 100,2026-03-03 19:07:25
烏龍國小,南興路217號,22.4877,120.4581,True,100,高雄,150,22.36,High Risk,最近AQI測站(高雄) AQI為150 > 100,2026-03-03 19:07:25
鹽洲國小,鹽洲路379號,22.4883,120.4408,True,50,高雄,150,21.07,High Risk,最近AQI測站(高雄) AQI為150 > 100,2026-03-03 19:07:25
溪北社區活動中心,仁里路93號,22.4945,120.5111,True,50,高雄,150,26.11,High Risk,最近AQI測站(高雄) AQI為150 > 100,2026-03-03 19:07:25
溪北國小,仁里路102號,22.4957,120.5111,True,95,高雄,150,26.03,High Risk,最近AQI測站(高雄) AQI為150 > 100,2026-03-03 19:07:25
文樂活動中心,新樂路1號,22.4999,120.6243,True,50,高雄,150,36.06,High Risk,最近AQI測站(高雄) AQI為150 > 100,2026-03-03 19:07:25
高雄市林園區港埔國民小學,校前路1號,22.504297,120.378585,True,690,高雄,150,15.81,High Risk,最近AQI測站(高雄) AQI為150 > 100,2026-03-03 19:07:25
高雄市林園區王公國民小學,王公二路100號,22.504698,120.388254,True,1100,高雄,150,16.29,High Risk,最近AQI測站(高雄) AQI為150 > 100,2026-03-03 19:07:25
高雄市林園區林園國民小學,忠孝西路20號,22.506778,120.394303,True,2000,高雄,150,16.45,High Risk,最近AQI測站(高雄) AQI為150 > 100,2026-03-03 19:07:25
林園區長青文康活動中心,林園北路191號,22.5087,120.3945,True,260,高雄,150,16.29,High Risk,最近AQI測站(高雄) AQI為150 > 100,2026-03-03 19:07:25
港西國小,中和路101號,22.5087,120.4556,True,30,高雄,150,20.61,High Risk,最近AQI測站(高雄) AQI為150 > 100,2026-03-03 19:07:25
來義鄉新來義部落多功能活動中心,來新路21號,22.5087,120.5825,True,500,高雄,150,31.73,High Risk,最近AQI測站(高雄) AQI為150 > 100,2026-03-03 19:07:25
潮南國小,興美路24號,22.512958,120.534672,True,1126,高雄,150,27.12,High Risk,最近AQI測站(高雄) AQI為150 > 100,2026-03-03 19:07:25
南榮國中,田寮路1-15號,22.5134,120.5184,True,200,高雄,150,25.63,High Risk,最近AQI測站(高雄) AQI為150 > 100,2026-03-03 19:07:25
崁頂國小,中正路119號,22.5141,120.5118,True,200,高雄,150,25.0,High Risk,最近AQI測站(高雄) AQI為150 > 100,2026-03-03 19:07:25
高雄市小港區鳳鳴國民小學,鳳鳴路191號,22.515082,120.357564,True,200,高雄,150,13.75,High Risk,最近AQI測站(高雄) AQI為150 > 100,2026-03-03 19:07:25
崁頂老人文康中心,興農路29-12號,22.5152,120.5069,True,150,高雄,150,24.51,High Risk,最近AQI測站(高雄) AQI為150 > 100,2026-03-03 19:07:25
高雄市立林園高級中學,林園北路481號,22.516726,120.395661,True,2600,高雄,150,15.65,High Risk,最近AQI測站(高雄) AQI為150 > 100,2026-03-03 19:07:25
丹林活動中心,丹林路25-1號,22.5174,120.6348,True,50,高雄,150,36.35,High Risk,最近AQI測站(高雄) AQI為150 > 100,2026-03-03 19:07:25
高雄市小港區鳳林國民中學,龍鳳路559號,22.52185,120.348385,True,50,高雄,150,12.68,High Risk,最近AQI測站(高雄) AQI為150 > 100,2026-03-03 19:07:25
潮東國小,復興路66號,22.52309297,120.5609105,True,85,高雄,150,29.06,High Risk,最近AQI測站(高雄) AQI為150 > 100,2026-03-03 19:07:25
新園國小,媽祖路49號,22.5241,120.4519,True,100,高雄,150,19.25,High Risk,最近AQI測站(高雄) AQI為150 > 100,2026-03-03 19:07:25
歷坵活動中心 Liqiu Activity Center,"1鄰12號No.12,Liqiu,Jinfeng Township,Taitung County 964,TaiwanR.O.C.",22.526384,120.926439,True,100,台東,25,34.71,Safe,AQI良好或為室內設施,2026-03-03 19:07:25
古樓國小,育英路2號,22.5275,120.6258,True,200,高雄,150,35.11,High Risk,最近AQI測站(高雄) AQI為150 > 100,2026-03-03 19:07:25
高雄市林園區金潭國民小學,金潭路40號,22.528055,120.396078,True,260,高雄,150,14.71,High Risk,最近AQI測站(高雄) AQI為150 > 100,2026-03-03 19:07:25
金崙溫泉長老教會,16鄰40號,22.530918,120.937667,True,20,台東,25,33.57,Safe,AQI良好或為室內設施,2026-03-03 19:07:25
賓茂國小 Binmao Elementary School,"68號No.68,Binmao,Jinfeng Township,Taitung County 964,TaiwanR.O.C.",22.532403,120.95583,True,100,台東,25,32.24,Safe,AQI良好或為室內設施,2026-03-03 19:07:25
賓茂活動中心 Binmao Activity Center,"1鄰3-2號No.3-2,Binmao,Jinfeng Township,Taitung County 964,TaiwanR.O.C.",22.532592,120.961712,True,100,台東,25,31.85,Safe,AQI良好或為室內設施,2026-03-03 19:07:25
金崙活動中心,太麻里鄉6鄰金崙283號,22.533379,120.964363,True,80,台東,25,31.61,Safe,AQI良好或為室內設施,2026-03-03 19:07:25
光春國中,光春路290號,22.534662,120.539763,True,600,高雄,150,26.55,High Risk,最近AQI測站(高雄) AQI為150 > 100,2026-03-03 19:07:25
力社國小,力社路36號,22.5388,120.5092,True,200,高雄,150,23.49,High Risk,最近AQI測站(高雄) AQI為150 > 100,2026-03-03 19:07:25
義仁里社區活動中心,鳳林一路48號,22.539227,120.403252,True,100,高雄,150,14.33,High Risk,最近AQI測站(高雄) AQI為150 > 100,2026-03-03 19:07:25
光春國小,志成路201號,22.540379,120.536872,True,550,高雄,150,26.04,High Risk,最近AQI測站(高雄) AQI為150 > 100,2026-03-03 19:07:25
高雄市大寮區昭明國小,鳳林一路300巷80號,22.54239,120.408514,True,350,高雄,150,14.49,High Risk,最近AQI測站(高雄) AQI為150 > 100,2026-03-03 19:07:25
新園鄉公所,仙吉路148號,22.5438,120.4615,True,30,高雄,150,18.88,High Risk,最近AQI測站(高雄) AQI為150 > 100,2026-03-03 19:07:25
仙吉國小,仙吉路91號,22.5443,120.4611,True,100,高雄,150,18.81,High Risk,最近AQI測站(高雄) AQI為150 > 100,2026-03-03 19:07:25
四林國小,開元路2巷1號,22.544592,120.569267,True,50,高雄,150,29.0,High Risk,最近AQI測站(高雄) AQI為150 > 100,2026-03-03 19:07:25
新園國中,仙吉路111號,22.5452,120.461,True,300,高雄,150,18.76,High Risk,最近AQI測站(高雄) AQI為150 > 100,2026-03-03 19:07:25
光華國小,南進路2號,22.547268,120.543657,True,240,高雄,150,26.42,High Risk,最近AQI測站(高雄) AQI為150 > 100,2026-03-03 19:07:25
鎮立幼兒園,三星路39-2號,22.547719,120.550815,True,300,高雄,150,27.09,High Risk,最近AQI測站(高雄) AQI為150 > 100,2026-03-03 19:07:25
潮州國小,育英路31號,22.548406,120.541139,False,285,高雄,150,26.13,High Risk,最近AQI測站(高雄) AQI為150 > 100,2026-03-03 19:07:25
佳佐國小中興分校,中興路27號,22.5491,120.6123,True,60,高雄,150,33.08,High Risk,最近AQI測站(高雄) AQI為150 > 100,2026-03-03 19:07:25
瓦?國小,四環路3號,22.5523,120.4747,True,50,高雄,150,19.65,High Risk,最近AQI測站(高雄) AQI為150 > 100,2026-03-03 19:07:25
平和活動中心,1鄰1號,22.5527,120.6293,True,200,高雄,150,34.67,High Risk,最近AQI測站(高雄) AQI為150 > 100,2026-03-03 19:07:25
潮州國中,文化路66號,22.554008,120.542947,True,250,高雄,150,26.1,High Risk,最近AQI測站(高雄) AQI為150 > 100,2026-03-03 19:07:25
會結里社區活動中心,會結路14-3號,22.554827,120.424982,True,100,高雄,150,15.03,High Risk,最近AQI測站(高雄) AQI為150 > 100,2026-03-03 19:07:25
潮和國小,華嚴街1號,22.556803,120.538038,True,630,高雄,150,25.53,High Risk,最近AQI測站(高雄) AQI為150 > 100,2026-03-03 19:07:25
潮昇國小,北門路25號,22.557031,120.547724,True,875,高雄,150,26.47,High Risk,最近AQI測站(高雄) AQI為150 > 100,2026-03-03 19:07:25
新厝里社區活動中心,新三街50號,22.560361,120.40918,True,20,高雄,150,13.34,High Risk,最近AQI測站(高雄) AQI為150 > 100,2026-03-03 19:07:25
高雄市小港區小港國民小學,平和路1號,22.56103,120.336089,True,300,高雄,150,8.18,High Risk,最近AQI測站(高雄) AQI為150 > 100,2026-03-03 19:07:25
志成佛寺,永康路31號,22.5614,120.5629,True,200,高雄,150,27.83,High Risk,最近AQI測站(高雄) AQI為150 > 100,2026-03-03 19:07:25
高雄市小港區鳳陽國民小學,鳳陽街2號,22.561551,120.370393,True,600,高雄,150,10.18,High Risk,最近AQI測站(高雄) AQI為150 > 100,2026-03-03 19:07:25
潮寮老人活動中心,潮龍路151號,22.562091,120.430298,True,35,高雄,150,15.09,High Risk,最近AQI測站(高雄) AQI為150 > 100,2026-03-03 19:07:25
新庄國小,屏東縣萬丹鄉新庄村新鐘路410號,22.5622,120.4803,True,60,高雄,150,19.74,High Risk,最近AQI測站(高雄) AQI為150 > 100,2026-03-03 19:07:25
高雄市立潮寮國民中學,潮寮路51-9號,22.563415,120.425175,True,60,高雄,150,14.56,High Risk,最近AQI測站(高雄) AQI為150 > 100,2026-03-03 19:07:25
高雄市小港區二苓國民小學,立群路6號,22.5638,120.3533,True,1000,高雄,150,8.85,High Risk,最近AQI測站(高雄) AQI為150 > 100,2026-03-03 19:07:25
高雄市立小港高級中學,學府路117號,22.565249,120.357413,True,100,高雄,150,8.98,High Risk,最近AQI測站(高雄) AQI為150 > 100,2026-03-03 19:07:25
高雄市大寮區潮寮國小,潮寮路61號,22.565716,120.425144,True,240,高雄,150,14.43,High Risk,最近AQI測站(高雄) AQI為150 > 100,2026-03-03 19:07:25
國立高雄餐旅大學附屬餐旅高級中等學校,松和路40號,22.566216,120.371763,True,200,高雄,150,9.92,High Risk,最近AQI測站(高雄) AQI為150 > 100,2026-03-03 19:07:25
高雄市小港區漢民國民小學,漢民路500號,22.566473,120.35926,True,200,高雄,150,9.0,High Risk,最近AQI測站(高雄) AQI為150 > 100,2026-03-03 19:07:25
高雄市立中山國民中學,漢民路352號,22.56665,120.356421,True,700,高雄,150,8.8,High Risk,最近AQI測站(高雄) AQI為150 > 100,2026-03-03 19:07:25
高雄市立小港國民中學,平和南路185號,22.566732,120.338056,True,720,高雄,150,7.71,High Risk,最近AQI測站(高雄) AQI為150 > 100,2026-03-03 19:07:25
高雄市小港區華山國民小學,華仁街1號,22.5677,120.3657,True,901,高雄,150,9.35,High Risk,最近AQI測站(高雄) AQI為150 > 100,2026-03-03 19:07:25
高雄市小港區港和國民小學,平和南路300號,22.5681,120.3379,True,250,高雄,150,7.57,High Risk,最近AQI測站(高雄) AQI為150 > 100,2026-03-03 19:07:25
佳興活動中心,1鄰1號,22.5703,120.6631,True,100,高雄,150,37.67,High Risk,最近AQI測站(高雄) AQI為150 > 100,2026-03-03 19:07:25
佳佐國小,佳興路59號,22.5712,120.5956,True,100,高雄,150,30.84,High Risk,最近AQI測站(高雄) AQI為150 > 100,2026-03-03 19:07:25
萬巒鄉公所展覽廳,中正路36號,22.5725,120.5678,True,100,高雄,150,28.02,High Risk,最近AQI測站(高雄) AQI為150 > 100,2026-03-03 19:07:25
高雄市前鎮區佛公國民小學,后平路135號,22.572651,120.320909,True,655,高雄,150,6.4,High Risk,最近AQI測站(高雄) AQI為150 > 100,2026-03-03 19:07:25
萬巒國小,褒忠路28號,22.5727,120.5723,True,100,高雄,150,28.46,High Risk,最近AQI測站(高雄) AQI為150 > 100,2026-03-03 19:07:25
大明國小,洲中路40號,22.5756,120.5251,True,200,高雄,150,23.67,High Risk,最近AQI測站(高雄) AQI為150 > 100,2026-03-03 19:07:25
過溪里社區活動中心,過溪路130號,22.576183,120.418885,True,150,高雄,150,13.33,High Risk,最近AQI測站(高雄) AQI為150 > 100,2026-03-03 19:07:25
武潭活動中心,潭北巷51號,22.578,120.6361,True,200,高雄,150,34.79,High Risk,最近AQI測站(高雄) AQI為150 > 100,2026-03-03 19:07:25
西方道堂,富山路1號,22.5802,120.6297,True,300,高雄,150,34.11,High Risk,最近AQI測站(高雄) AQI為150 > 100,2026-03-03 19:07:25
高雄市前鎮區明正國民小學,明道路2號,22.580243,120.326581,True,345,高雄,150,5.84,High Risk,最近AQI測站(高雄) AQI為150 > 100,2026-03-03 19:07:25
高雄市立明義國民中學,明義街2號,22.582027,120.368282,True,1000,高雄,150,8.51,High Risk,最近AQI測站(高雄) AQI為150 > 100,2026-03-03 19:07:25
清山寺,拷潭路126-1號,22.582377,120.385461,True,80,高雄,150,9.97,High Risk,最近AQI測站(高雄) AQI為150 > 100,2026-03-03 19:07:25
萬丹國小,屏東縣萬丹鄉寶厝村萬新路1497號,22.5826,120.4887,True,150,高雄,150,19.86,High Risk,最近AQI測站(高雄) AQI為150 > 100,2026-03-03 19:07:25
竹田國小,公正路35號,22.5828,120.544,True,200,高雄,150,25.39,High Risk,最近AQI測站(高雄) AQI為150 > 100,2026-03-03 19:07:25
高雄市小港區桂林國民小學,桂陽路390號,22.583128,120.350425,True,1255,高雄,150,7.03,High Risk,最近AQI測站(高雄) AQI為150 > 100,2026-03-03 19:07:25
高雄市立前鎮國民中學,新衙路17號,22.583367,120.321031,True,1200,高雄,150,5.28,High Risk,最近AQI測站(高雄) AQI為150 > 100,2026-03-03 19:07:25
高雄市小港區明義國民小學,明義街77號,22.5834,120.3678,True,200,高雄,150,8.38,High Risk,最近AQI測站(高雄) AQI為150 > 100,2026-03-03 19:07:25
竹田鄉公所,中正路123號,22.5847,120.544,True,60,高雄,150,25.35,High Risk,最近AQI測站(高雄) AQI為150 > 100,2026-03-03 19:07:25
富翔天廈,拷潭路163-1號,22.584752,120.380306,True,70,高雄,150,9.38,High Risk,最近AQI測站(高雄) AQI為150 > 100,2026-03-03 19:07:25
高雄市前鎮區前鎮國民小學,新生路200號,22.585437,120.308702,True,473,高雄,150,4.71,High Risk,最近AQI測站(高雄) AQI為150 > 100,2026-03-03 19:07:25
高雄市立興仁國民中學,德昌路345號,22.5863,120.3139,True,945,高雄,150,4.74,High Risk,最近AQI測站(高雄) AQI為150 > 100,2026-03-03 19:07:25
高雄市立前鎮高級中學,鎮中路132號,22.586862,120.32001,True,2236,高雄,150,4.89,High Risk,最近AQI測站(高雄) AQI為150 > 100,2026-03-03 19:07:25
香蘭國小,舊香蘭四鄰28號,22.587759,120.993452,True,80,台東,25,25.04,Safe,AQI良好或為室內設施,2026-03-03 19:07:25
高雄市旗津區大汕國民小學,中洲二路203號,22.5879,120.2877,True,250,高雄,150,4.6,High Risk,最近AQI測站(高雄) AQI為150 > 100,2026-03-03 19:07:25
高雄市立旗津國民中學,中洲二路207號,22.5885,120.286,True,600,高雄,150,4.59,High Risk,最近AQI測站(高雄) AQI為150 > 100,2026-03-03 19:07:25
萬巒鄉立幼兒園泗溝分班,永平路53-1號,22.5885,120.58,True,60,高雄,150,28.92,High Risk,最近AQI測站(高雄) AQI為150 > 100,2026-03-03 19:07:25
圖書館,屏東縣萬丹鄉和平西路157號,22.589,120.4849,True,40,高雄,150,19.31,High Risk,最近AQI測站(高雄) AQI為150 > 100,2026-03-03 19:07:25
萬丹鄉行政中心,屏東縣萬丹鄉和平西路155號,22.5894,120.485,True,100,高雄,150,19.31,High Risk,最近AQI測站(高雄) AQI為150 > 100,2026-03-03 19:07:25
高雄市旗津區公所5樓大禮堂,旗津三路2號5樓,22.589974,120.284774,True,250,高雄,150,4.49,High Risk,最近AQI測站(高雄) AQI為150 > 100,2026-03-03 19:07:25
佛聖宮,內坑路148號,22.590008,120.381144,True,200,高雄,150,9.18,High Risk,最近AQI測站(高雄) AQI為150 > 100,2026-03-03 19:07:25
高雄市鳳山區過埤國民小學,過埤路176號,22.590382,120.362405,True,393,高雄,150,7.49,High Risk,最近AQI測站(高雄) AQI為150 > 100,2026-03-03 19:07:25
高雄市立福誠高級中學,五甲三路176號,22.590487,120.323885,True,1139,高雄,150,4.7,High Risk,最近AQI測站(高雄) AQI為150 > 100,2026-03-03 19:07:25
高雄市前鎮區鎮昌國民小學,樹人路261號,22.590548,120.317983,True,1200,高雄,150,4.43,High Risk,最近AQI測站(高雄) AQI為150 > 100,2026-03-03 19:07:25
五溝國小,西盛路89號,22.5908,120.594,True,30,高雄,150,30.31,High Risk,最近AQI測站(高雄) AQI為150 > 100,2026-03-03 19:07:25
高雄市大寮區大寮國民小學,大寮路740號,22.590861,120.416445,True,420,高雄,150,12.49,High Risk,最近AQI測站(高雄) AQI為150 > 100,2026-03-03 19:07:25
佳平活動中心,佳平巷12號,22.591406,120.628948,True,100,高雄,150,33.86,High Risk,最近AQI測站(高雄) AQI為150 > 100,2026-03-03 19:07:25
大寮里社區活動中心,大寮路781號,22.591471,120.416643,True,150,高雄,150,12.48,High Risk,最近AQI測站(高雄) AQI為150 > 100,2026-03-03 19:07:25
泰武國中,5鄰120號,22.5915,120.6333,True,300,高雄,150,34.3,High Risk,最近AQI測站(高雄) AQI為150 > 100,2026-03-03 19:07:25
澳洲特區,仁德路16巷31弄12號,22.591949,120.396834,True,100,高雄,150,10.56,High Risk,最近AQI測站(高雄) AQI為150 > 100,2026-03-03 19:07:25
荷蘭町,仁德路10號之1,22.591993,120.399701,True,200,高雄,150,10.83,High Risk,最近AQI測站(高雄) AQI為150 > 100,2026-03-03 19:07:25
興華國小,屏東縣萬丹鄉崙頂村崙頂路860號,22.5929,120.4615,True,400,高雄,150,16.87,High Risk,最近AQI測站(高雄) AQI為150 > 100,2026-03-03 19:07:25
高雄市政府社會局無障礙之家,翠亨北路392號,22.5941,120.3153,True,3,高雄,150,3.96,High Risk,最近AQI測站(高雄) AQI為150 > 100,2026-03-03 19:07:25
高雄市鳳山區南成國民小學,南和街101號,22.594316,120.335487,True,1484,高雄,150,5.07,High Risk,最近AQI測站(高雄) AQI為150 > 100,2026-03-03 19:07:25
龍成宮,五甲二路730巷6號,22.5945,120.3283,True,100,高雄,150,4.57,High Risk,最近AQI測站(高雄) AQI為150 > 100,2026-03-03 19:07:25
米蘭特區,內坑路108-67號,22.594653,120.388157,True,80,高雄,150,9.62,High Risk,最近AQI測站(高雄) AQI為150 > 100,2026-03-03 19:07:25
四維國小,屏東縣萬丹鄉四維村四維東路567號,22.595,120.49,True,50,高雄,150,19.69,High Risk,最近AQI測站(高雄) AQI為150 > 100,2026-03-03 19:07:25
僑智國小,學人路55號,22.595,120.5566,True,120,高雄,150,26.44,High Risk,最近AQI測站(高雄) AQI為150 > 100,2026-03-03 19:07:25
萬金天主教堂,萬興路24號,22.5951,120.6112,True,250,高雄,150,32.0,High Risk,最近AQI測站(高雄) AQI為150 > 100,2026-03-03 19:07:25
嘉蘭國小 Jialan Elementary School,"3鄰132號No.132,Jialan,Jinfeng Township,Taitung County 964,TaiwanR.O.C.",22.595308,120.961523,True,100,台東,25,26.71,Safe,AQI良好或為室內設施,2026-03-03 19:07:25
高雄市鳳山區鳳翔國民小學,鳳育路63號,22.595332,120.340798,True,3106,高雄,150,5.38,High Risk,最近AQI測站(高雄) AQI為150 > 100,2026-03-03 19:07:25
高雄市立鳳翔國民中學,保義街100號,22.59641,120.348197,True,385,高雄,150,5.91,High Risk,最近AQI測站(高雄) AQI為150 > 100,2026-03-03 19:07:25
萬丹國中,屏東縣萬丹鄉萬丹路2段5號,22.5966,120.4881,True,500,高雄,150,19.47,High Risk,最近AQI測站(高雄) AQI為150 > 100,2026-03-03 19:07:25
嘉蘭村活動中心 Jialan Activity Center,"4鄰嘉蘭219號No.9,Jialan,Jinfeng Township,Taitung County 964,TaiwanR.O.C.",22.596696,120.959985,True,100,台東,25,26.73,Safe,AQI良好或為室內設施,2026-03-03 19:07:25
高雄市鳳山區福誠國民小學,忠誠路145號,22.596813,120.325055,True,1267,高雄,150,4.17,High Risk,最近AQI測站(高雄) AQI為150 > 100,2026-03-03 19:07:25
高雄市立五甲國民中學,龍成路111號,22.598112,120.328691,True,1178,高雄,150,4.29,High Risk,最近AQI測站(高雄) AQI為150 > 100,2026-03-03 19:07:25
高雄市鳳山區中崙國民小學,中崙四路25號,22.599431,120.350798,True,3054,高雄,150,5.94,High Risk,最近AQI測站(高雄) AQI為150 > 100,2026-03-03 19:07:25
大發公有市場3樓,鳳林三路315之22號,22.600592,120.397972,True,120,高雄,150,10.35,High Risk,最近AQI測站(高雄) AQI為150 > 100,2026-03-03 19:07:25
高雄市前鎮區瑞祥國民小學,班超路20號,22.600692,120.326798,True,1636,高雄,150,3.94,High Risk,最近AQI測站(高雄) AQI為150 > 100,2026-03-03 19:07:25
高雄市旗津區中洲國民小學,旗津三路275號,22.6008,120.2764,True,600,高雄,150,3.91,High Risk,最近AQI測站(高雄) AQI為150 > 100,2026-03-03 19:07:25
高雄市立瑞祥高級中學,班超路63號,22.602208,120.324758,True,1000,高雄,150,3.68,High Risk,最近AQI測站(高雄) AQI為150 > 100,2026-03-03 19:07:25
高雄市立大寮幼兒園,上寮路208之25號,22.602808,120.422136,True,150,高雄,150,12.69,High Risk,最近AQI測站(高雄) AQI為150 > 100,2026-03-03 19:07:25
高雄市立大寮國民中學,進學路150號,22.602926,120.39266,True,150,高雄,150,9.75,High Risk,最近AQI測站(高雄) AQI為150 > 100,2026-03-03 19:07:25
高雄市立中崙國民中學,中崙二路487號,22.603304,120.353555,True,469,高雄,150,5.98,High Risk,最近AQI測站(高雄) AQI為150 > 100,2026-03-03 19:07:25
三隆里社區活動中心,正隆街45號,22.60349,120.406342,True,40,高雄,150,11.09,High Risk,最近AQI測站(高雄) AQI為150 > 100,2026-03-03 19:07:25
高雄市鳳山區正義國民小學,南昌街55號,22.603997,120.340127,True,1025,高雄,150,4.75,High Risk,最近AQI測站(高雄) AQI為150 > 100,2026-03-03 19:07:25
正興村活動中心Zhengxing Activity Center,"2鄰28號No.28,Zhengxing,Jinfeng Township,Taitung County 964,TaiwanR.O.C.",22.604086,120.996484,True,100,台東,25,23.48,Safe,AQI良好或為室內設施,2026-03-03 19:07:25
泰武活動中心,大武山一街30號,22.6046,120.6117,True,300,高雄,150,31.95,High Risk,最近AQI測站(高雄) AQI為150 > 100,2026-03-03 19:07:25
高雄市立獅甲國民中學,中山三路43號,22.6051,120.3083,True,1200,高雄,150,2.57,High Risk,最近AQI測站(高雄) AQI為150 > 100,2026-03-03 19:07:25
竹田鄉立幼兒園,龍崗路130號,22.60513,120.5476216,True,200,高雄,150,25.39,High Risk,最近AQI測站(高雄) AQI為150 > 100,2026-03-03 19:07:25
高雄市大寮區永芳國民小學,鳳林三路499號,22.605277,120.395195,True,600,高雄,150,9.93,High Risk,最近AQI測站(高雄) AQI為150 > 100,2026-03-03 19:07:25
高雄市前鎮區瑞豐國民小學,瑞隆路100號,22.6061,120.337,True,1781,高雄,150,4.35,High Risk,最近AQI測站(高雄) AQI為150 > 100,2026-03-03 19:07:25
金湯營區,凱旋路1號,22.6077,120.3623,True,400,高雄,150,6.62,High Risk,最近AQI測站(高雄) AQI為150 > 100,2026-03-03 19:07:25
中正營區,凱旋路1號,22.6077,120.3623,True,500,高雄,150,6.62,High Risk,最近AQI測站(高雄) AQI為150 > 100,2026-03-03 19:07:25
高雄市大寮區山頂國民小學,山頂路211號,22.607807,120.388806,True,200,高雄,150,9.23,High Risk,最近AQI測站(高雄) AQI為150 > 100,2026-03-03 19:07:25
高雄市前鎮區復興國民小學,民權二路331號,22.608203,120.311425,True,800,高雄,150,2.36,High Risk,最近AQI測站(高雄) AQI為150 > 100,2026-03-03 19:07:25
高雄市前鎮區樂群國民小學,育樂路61號,22.608234,120.322489,True,300,高雄,150,3.03,High Risk,最近AQI測站(高雄) AQI為150 > 100,2026-03-03 19:07:25
山頂里社區活動中心,山頂路178號,22.608247,120.388518,True,250,高雄,150,9.19,High Risk,最近AQI測站(高雄) AQI為150 > 100,2026-03-03 19:07:25
高雄市前鎮區民權國民小學,沱江街200號,22.608482,120.314444,True,1568,高雄,150,2.48,High Risk,最近AQI測站(高雄) AQI為150 > 100,2026-03-03 19:07:25
高雄市旗津區旗津國民小學,中洲三路623號,22.609,120.2715,True,120,高雄,150,3.68,High Risk,最近AQI測站(高雄) AQI為150 > 100,2026-03-03 19:07:25
高雄市竹西里活動中心,廣東三街73號3樓,22.60930404,120.3198654,True,100,高雄,150,2.76,High Risk,最近AQI測站(高雄) AQI為150 > 100,2026-03-03 19:07:25
內埔國小,廣濟路2號,22.61,120.5659,True,120,高雄,150,27.22,High Risk,最近AQI測站(高雄) AQI為150 > 100,2026-03-03 19:07:25
高雄市立中正高級工業職業學校,光華二路80號,22.610595,120.317629,True,1000,高雄,150,2.5,High Risk,最近AQI測站(高雄) AQI為150 > 100,2026-03-03 19:07:25
高雄市立光華國民中學,和平二路170號,22.61083,120.322944,True,600,高雄,150,2.87,High Risk,最近AQI測站(高雄) AQI為150 > 100,2026-03-03 19:07:25
內埔鄉文康中心,文化路183號,22.611,120.5695,True,120,高雄,150,27.58,High Risk,最近AQI測站(高雄) AQI為150 > 100,2026-03-03 19:07:25
高雄市立瑞豐國民中學,瑞興街99號,22.611085,120.331091,True,200,高雄,150,3.54,High Risk,最近AQI測站(高雄) AQI為150 > 100,2026-03-03 19:07:25
內埔國中,文化路262號,22.6113,120.5705,True,120,高雄,150,27.68,High Risk,最近AQI測站(高雄) AQI為150 > 100,2026-03-03 19:07:25
大王國小,文化路60號,22.613304,121.003685,True,100,台東,25,22.23,Safe,AQI良好或為室內設施,2026-03-03 19:07:25
高雄市鳳山區新甲國民小學,新富路255號,22.613771,120.339923,True,2199,高雄,150,4.23,High Risk,最近AQI測站(高雄) AQI為150 > 100,2026-03-03 19:07:25
高雄市苓雅區成功國民小學,華新街59號,22.613929,120.297064,True,920,高雄,150,1.55,High Risk,最近AQI測站(高雄) AQI為150 > 100,2026-03-03 19:07:25
高雄市前鎮區愛群國民小學,二聖二路194號,22.61396,120.312716,True,1000,高雄,150,1.88,High Risk,最近AQI測站(高雄) AQI為150 > 100,2026-03-03 19:07:25
武侯宮,琉球路64號,22.613987,120.411173,True,200,高雄,150,11.36,High Risk,最近AQI測站(高雄) AQI為150 > 100,2026-03-03 19:07:25
光武里社區活動中心,民生路317-1號,22.614458,120.384658,True,20,高雄,150,8.66,High Risk,最近AQI測站(高雄) AQI為150 > 100,2026-03-03 19:07:25
高雄市苓洲國民小學,四維四路61號,22.6145,120.3005,True,855,高雄,150,1.43,High Risk,最近AQI測站(高雄) AQI為150 > 100,2026-03-03 19:07:25
順安府,11鄰順安路39號,22.614936,120.993368,True,50,台東,25,22.84,Safe,AQI良好或為室內設施,2026-03-03 19:07:25
太麻里鄉老人會館,11鄰順安路33號,22.614936,120.993368,True,100,台東,25,22.84,Safe,AQI良好或為室內設施,2026-03-03 19:07:25
社皮國小,屏東縣萬丹鄉社皮路二段550號,22.615,120.4681,True,100,高雄,150,17.16,High Risk,最近AQI測站(高雄) AQI為150 > 100,2026-03-03 19:07:25
高雄市立英明國民中學,英明路147號,22.615251,120.324395,True,1382,高雄,150,2.71,High Risk,最近AQI測站(高雄) AQI為150 > 100,2026-03-03 19:07:25
東寧國小,自強路85號,22.6155,120.5629,True,120,高雄,150,26.87,High Risk,最近AQI測站(高雄) AQI為150 > 100,2026-03-03 19:07:25
老人文康活動中心,屏東縣萬丹鄉大昌路495號,22.6157,120.4691,True,150,高雄,150,17.26,High Risk,最近AQI測站(高雄) AQI為150 > 100,2026-03-03 19:07:25
老人文康活動中心,屏東縣萬丹鄉大昌路495號,22.6157,120.4691,True,150,高雄,150,17.26,High Risk,最近AQI測站(高雄) AQI為150 > 100,2026-03-03 19:07:25
廣安國小,屏東縣萬丹鄉廣安村廣志街8巷15號,22.6157,120.4905,True,30,高雄,150,19.45,High Risk,最近AQI測站(高雄) AQI為150 > 100,2026-03-03 19:07:25
竹田國中,龍南路26號,22.615722,120.524088,True,600,高雄,150,22.89,High Risk,最近AQI測站(高雄) AQI為150 > 100,2026-03-03 19:07:25
黃厝北極上帝殿,黃厝路35之10號,22.616179,120.410497,True,200,高雄,150,11.27,High Risk,最近AQI測站(高雄) AQI為150 > 100,2026-03-03 19:07:25
富田國小,里仁路202號,22.6163,120.5401,True,120,高雄,150,24.53,High Risk,最近AQI測站(高雄) AQI為150 > 100,2026-03-03 19:07:25
高雄市大寮區忠義國民小學,忠義路1號,22.616353,120.384143,True,200,高雄,150,8.58,High Risk,最近AQI測站(高雄) AQI為150 > 100,2026-03-03 19:07:25
高雄市立鳳甲國民中學,輜汽路300號,22.616576,120.342588,True,1917,高雄,150,4.39,High Risk,最近AQI測站(高雄) AQI為150 > 100,2026-03-03 19:07:25
高雄市鳳山區誠正國民小學,黃埔新村國校巷78號,22.616848,120.363867,True,641,高雄,150,6.52,High Risk,最近AQI測站(高雄) AQI為150 > 100,2026-03-03 19:07:25
高雄市鳳山區鳳西國民小學,光華東路100號,22.61715,120.358728,True,1711,高雄,150,5.99,High Risk,最近AQI測站(高雄) AQI為150 > 100,2026-03-03 19:07:25
高雄市鳳山區忠孝國民小學,新富路630號,22.617854,120.349428,True,1898,高雄,150,5.04,High Risk,最近AQI測站(高雄) AQI為150 > 100,2026-03-03 19:07:25
高雄市立苓雅國民中學,四維三路176號,22.618047,120.30541,True,945,高雄,150,1.11,High Risk,最近AQI測站(高雄) AQI為150 > 100,2026-03-03 19:07:25
忠義里里辦公處2樓,商協福利路59-1號,22.618515,120.382478,True,20,高雄,150,8.38,High Risk,最近AQI測站(高雄) AQI為150 > 100,2026-03-03 19:07:25
中興里社區活動中心,文化路2巷2號,22.618811,120.387461,True,25,高雄,150,8.88,High Risk,最近AQI測站(高雄) AQI為150 > 100,2026-03-03 19:07:25
高雄市苓雅區福康國民小學,漢陽街17號,22.618957,120.32935,True,1764,高雄,150,3.02,High Risk,最近AQI測站(高雄) AQI為150 > 100,2026-03-03 19:07:25
黃埔營區,維武路1號,22.6192,120.3656,True,600,高雄,150,6.65,High Risk,最近AQI測站(高雄) AQI為150 > 100,2026-03-03 19:07:25
高雄市立忠孝國民中學,國泰路2段81號,22.619923,120.346448,True,1800,高雄,150,4.7,High Risk,最近AQI測站(高雄) AQI為150 > 100,2026-03-03 19:07:25
新濱營區,鼓山一路1號,22.6202,120.2745,True,230,高雄,150,2.87,High Risk,最近AQI測站(高雄) AQI為150 > 100,2026-03-03 19:07:25
高雄市政府社會局安琪兒家園,四維三路2號9樓,22.6205,120.312,True,3,高雄,150,1.32,High Risk,最近AQI測站(高雄) AQI為150 > 100,2026-03-03 19:07:25
高雄市政府社會局陽光家園,四維三路2號9樓,22.6205,120.312,True,3,高雄,150,1.32,High Risk,最近AQI測站(高雄) AQI為150 > 100,2026-03-03 19:07:25
高雄市苓雅區五權國民小學,三多二路100號,22.62062,120.324166,True,582,高雄,150,2.45,High Risk,最近AQI測站(高雄) AQI為150 > 100,2026-03-03 19:07:25
育英國小,育文路73號,22.6207,120.5815,True,120,高雄,150,28.76,High Risk,最近AQI測站(高雄) AQI為150 > 100,2026-03-03 19:07:25
高雄市立高雄高級女子中學,五福三路122號,22.6209,120.2927,True,1145,高雄,150,1.14,High Risk,最近AQI測站(高雄) AQI為150 > 100,2026-03-03 19:07:25
高雄市鹽埕區光榮國民小學,大智路150號,22.621,120.288,True,200,高雄,150,1.54,High Risk,最近AQI測站(高雄) AQI為150 > 100,2026-03-03 19:07:25
謝府元帥廟,前庄路49號,22.621389,120.393778,True,50,高雄,150,9.5,High Risk,最近AQI測站(高雄) AQI為150 > 100,2026-03-03 19:07:25
高雄市鹽埕區忠孝國民小學,大智路71號,22.6216,120.2852,True,563,高雄,150,1.78,High Risk,最近AQI測站(高雄) AQI為150 > 100,2026-03-03 19:07:25
沙鹿幼兒園埔子分班,正義路218號,22.6219,120.3381,True,116,高雄,150,3.81,High Risk,最近AQI測站(高雄) AQI為150 > 100,2026-03-03 19:07:25
高雄市苓雅區四維國民小學,青年一路103號,22.623092,120.312653,True,2236,高雄,150,1.25,High Risk,最近AQI測站(高雄) AQI為150 > 100,2026-03-03 19:07:25
翁園里社區活動中心,翁園路79之1號,22.623246,120.408663,True,60,高雄,150,11.02,High Risk,最近AQI測站(高雄) AQI為150 > 100,2026-03-03 19:07:25
高雄市大寮區翁園國民小學,翁園路79號,22.623246,120.408663,True,400,高雄,150,11.02,High Risk,最近AQI測站(高雄) AQI為150 > 100,2026-03-03 19:07:25
高雄市鼓山區鼓山國民小學,臨海二路50號,22.6236,120.2713,True,745,高雄,150,3.12,High Risk,最近AQI測站(高雄) AQI為150 > 100,2026-03-03 19:07:25
高雄市立鹽埕國民中學,新樂街46號,22.6236,120.2879,True,300,高雄,150,1.45,High Risk,最近AQI測站(高雄) AQI為150 > 100,2026-03-03 19:07:25
高雄市鹽埕區鹽埕國民小學,五福四路183號,22.6237,120.2829,True,100,高雄,150,1.94,High Risk,最近AQI測站(高雄) AQI為150 > 100,2026-03-03 19:07:25
高雄市鳳山區大東國民小學,大東一路1號,22.623852,120.362625,True,367,高雄,150,6.3,High Risk,最近AQI測站(高雄) AQI為150 > 100,2026-03-03 19:07:25
高雄市苓雅區福東國民小學,福德三路96號,22.6241,120.3269,True,1087,高雄,150,2.64,High Risk,最近AQI測站(高雄) AQI為150 > 100,2026-03-03 19:07:25
高雄市立新興高級中學,五福二路218號,22.6244,120.304,True,1091,高雄,150,0.42,High Risk,最近AQI測站(高雄) AQI為150 > 100,2026-03-03 19:07:25
鹽埕區公所11樓大禮堂,大仁路6號8樓,22.6248,120.2868,True,50,高雄,150,1.52,High Risk,最近AQI測站(高雄) AQI為150 > 100,2026-03-03 19:07:25
高雄市鳳山區鳳山國民小學,中山路231號,22.624823,120.356507,True,873,高雄,150,5.66,High Risk,最近AQI測站(高雄) AQI為150 > 100,2026-03-03 19:07:25
鳳山區公所大禮堂,經武路30號,22.6252,120.3592,True,200,高雄,150,5.94,High Risk,最近AQI測站(高雄) AQI為150 > 100,2026-03-03 19:07:25
高雄市立鳳山國民中學,中山東路227號,22.625285,120.372009,True,2327,高雄,150,7.25,High Risk,最近AQI測站(高雄) AQI為150 > 100,2026-03-03 19:07:25
高雄市立高雄高級高商職業學校,五福二路3號,22.6257,120.3095,True,1036,高雄,150,0.85,High Risk,最近AQI測站(高雄) AQI為150 > 100,2026-03-03 19:07:25
高雄市前金區前金國民小學,大同二路61號,22.626351,120.293922,True,1564,高雄,150,0.77,High Risk,最近AQI測站(高雄) AQI為150 > 100,2026-03-03 19:07:25
高雄市立中正高級中學,中正一路8號,22.626491,120.338791,True,3294,高雄,150,3.84,High Risk,最近AQI測站(高雄) AQI為150 > 100,2026-03-03 19:07:25
高雄市新興區新興國民小學,民生一路321號,22.627003,120.305317,True,1182,高雄,150,0.4,High Risk,最近AQI測站(高雄) AQI為150 > 100,2026-03-03 19:07:25
萬安活動中心,1鄰3號,22.6274,120.6384,True,100,高雄,150,34.59,High Risk,最近AQI測站(高雄) AQI為150 > 100,2026-03-03 19:07:25
前金區公所5樓大禮堂,自強二路169號三、四樓,22.6276,120.2943,True,25,高雄,150,0.73,High Risk,最近AQI測站(高雄) AQI為150 > 100,2026-03-03 19:07:25
高雄市新興區大同國民小學,大同一路231號,22.628,120.2985,True,964,高雄,150,0.31,High Risk,最近AQI測站(高雄) AQI為150 > 100,2026-03-03 19:07:25
高雄市鳳山區中正國民小學,勝利路2號,22.628249,120.37408,True,0,高雄,150,7.46,High Risk,最近AQI測站(高雄) AQI為150 > 100,2026-03-03 19:07:25
溪寮里社區活動中心,溪寮路54之1號,22.628398,120.420494,True,60,高雄,150,12.22,High Risk,最近AQI測站(高雄) AQI為150 > 100,2026-03-03 19:07:25
基督教鳳山長老教會,中正路172號,22.6284,120.361,True,150,高雄,150,6.12,High Risk,最近AQI測站(高雄) AQI為150 > 100,2026-03-03 19:07:25
高雄市立前金國民中學,六合二路278號,22.6294,120.2905,True,1218,高雄,150,1.14,High Risk,最近AQI測站(高雄) AQI為150 > 100,2026-03-03 19:07:25
國立鳳山高級中學,光復路二段130號,22.629893,120.345723,True,200,高雄,150,4.56,High Risk,最近AQI測站(高雄) AQI為150 > 100,2026-03-03 19:07:25
排灣社區活動中心,5鄰58號,22.63,120.6264,True,148,高雄,150,33.36,High Risk,最近AQI測站(高雄) AQI為150 > 100,2026-03-03 19:07:25
高雄市苓雅區中正國民小學,輔仁路100號,22.630177,120.333309,True,1855,高雄,150,3.29,High Risk,最近AQI測站(高雄) AQI為150 > 100,2026-03-03 19:07:25
高雄市鳳山區瑞興國民小學,博愛路271號,22.63018,120.368353,True,1309,高雄,150,6.88,High Risk,最近AQI測站(高雄) AQI為150 > 100,2026-03-03 19:07:25
鳳山街友服務中心,博愛路477巷18號,22.6303,120.3648,True,32,高雄,150,6.52,High Risk,最近AQI測站(高雄) AQI為150 > 100,2026-03-03 19:07:25
高雄市大寮區溪寮國民小學,溪寮路69號,22.630524,120.420439,True,100,高雄,150,12.22,High Risk,最近AQI測站(高雄) AQI為150 > 100,2026-03-03 19:07:25
高雄市鳳山區中山國民小學,光復路一段120巷8號,22.630617,120.349906,True,1759,高雄,150,4.99,High Risk,最近AQI測站(高雄) AQI為150 > 100,2026-03-03 19:07:25
高雄市立青年國民中學,青年路二段89號,22.630785,120.349,True,376,高雄,150,4.9,High Risk,最近AQI測站(高雄) AQI為150 > 100,2026-03-03 19:07:25
泰安國小,壽比路116號,22.6308,120.5943,True,120,高雄,150,30.06,High Risk,最近AQI測站(高雄) AQI為150 > 100,2026-03-03 19:07:25
北里活動中心,三鄰北太麻里二0-四號,22.6313,120.9994,True,30,台東,25,21.14,Safe,AQI良好或為室內設施,2026-03-03 19:07:25
高雄市新興區信義國民小學,中正三路32號,22.6316,120.311,True,1091,高雄,150,1.1,High Risk,最近AQI測站(高雄) AQI為150 > 100,2026-03-03 19:07:25
高雄市鼓山區壽山國民小學,鼓山二路37巷24號,22.631757,120.280013,True,345,高雄,150,2.25,High Risk,最近AQI測站(高雄) AQI為150 > 100,2026-03-03 19:07:25
高雄市前金區建國國民小學,自立二路111號,22.6324,120.2979,True,516,高雄,150,0.67,High Risk,最近AQI測站(高雄) AQI為150 > 100,2026-03-03 19:07:25
高雄市立壽山國民中學,鼓山二路37巷108號,22.633012,120.278437,True,745,高雄,150,2.44,High Risk,最近AQI測站(高雄) AQI為150 > 100,2026-03-03 19:07:25
高雄市三民區河濱國民小學,市中一路339號,22.634,120.2878,True,745,高雄,150,1.58,High Risk,最近AQI測站(高雄) AQI為150 > 100,2026-03-03 19:07:25
高雄市新興區七賢國民小學,七賢一路393號,22.634,120.307,True,1091,高雄,150,0.94,High Risk,最近AQI測站(高雄) AQI為150 > 100,2026-03-03 19:07:25
高雄市鳳山區文華國民小學,文化路52號,22.6344,120.352746,True,3170,高雄,150,5.33,High Risk,最近AQI測站(高雄) AQI為150 > 100,2026-03-03 19:07:25
高雄市大寮區中庄國民小學,中庄路59號,22.634717,120.397497,True,100,高雄,150,9.9,High Risk,最近AQI測站(高雄) AQI為150 > 100,2026-03-03 19:07:25
"千歲,千北,立德,鳳南聯合里活動中心",三民街222號,22.6354,120.2906,True,200,高雄,150,1.43,High Risk,最近AQI測站(高雄) AQI為150 > 100,2026-03-03 19:07:25
三塊厝聯合里活動中心,三民街39-1號,22.6361,120.2958,True,500,高雄,150,1.13,High Risk,最近AQI測站(高雄) AQI為150 > 100,2026-03-03 19:07:25
高雄市苓雅區凱旋國民小學,憲政路235號,22.636415,120.319935,True,1273,高雄,150,2.16,High Risk,最近AQI測站(高雄) AQI為150 > 100,2026-03-03 19:07:25
高雄市立中庄國民中學,光明路三段1437號,22.636416,120.401844,True,800,高雄,150,10.36,High Risk,最近AQI測站(高雄) AQI為150 > 100,2026-03-03 19:07:25
高雄市三民區三民國民小學,建國三路216號,22.6367,120.2911,True,818,高雄,150,1.49,High Risk,最近AQI測站(高雄) AQI為150 > 100,2026-03-03 19:07:25
鼓山區行政中心七樓大禮堂,鼓山二路166號,22.6368,120.281,True,20,高雄,150,2.35,High Risk,最近AQI測站(高雄) AQI為150 > 100,2026-03-03 19:07:25
江山里社區活動中心,江山路51號,22.63768,120.411378,True,30,高雄,150,11.35,High Risk,最近AQI測站(高雄) AQI為150 > 100,2026-03-03 19:07:25
高雄市大寮區後庄國民小學,民揚路28號,22.637822,120.389503,True,360,高雄,150,9.12,High Risk,最近AQI測站(高雄) AQI為150 > 100,2026-03-03 19:07:25
屏東市公館國小,公華街182號,22.6379,120.4822,True,630,高雄,150,18.59,High Risk,最近AQI測站(高雄) AQI為150 > 100,2026-03-03 19:07:25
高雄市立高雄高級中學,建國三路50號,22.6382,120.298,True,2794,高雄,150,1.26,High Risk,最近AQI測站(高雄) AQI為150 > 100,2026-03-03 19:07:25
高雄市三民區光武國民小學,光武路35號,22.6388,120.3343,True,1564,高雄,150,3.61,High Risk,最近AQI測站(高雄) AQI為150 > 100,2026-03-03 19:07:25
北辰宮,北辰街1號,22.6393,120.3658,True,100,高雄,150,6.74,High Risk,最近AQI測站(高雄) AQI為150 > 100,2026-03-03 19:07:25
高雄市鼓山區鼓岩國民小學,河邊街155號,22.6401,120.283,True,364,高雄,150,2.36,High Risk,最近AQI測站(高雄) AQI為150 > 100,2026-03-03 19:07:25
高雄市立民族國民中學,覺民路363號,22.640511,120.33318,True,1673,高雄,150,3.58,High Risk,最近AQI測站(高雄) AQI為150 > 100,2026-03-03 19:07:25
"德北,十全,十美聯合里活動中心",德北街170號,22.6406,120.2951,True,200,高雄,150,1.61,High Risk,最近AQI測站(高雄) AQI為150 > 100,2026-03-03 19:07:25
高雄市鳳山區文德國民小學,文衡路356號,22.640693,120.353925,True,250,高雄,150,5.59,High Risk,最近AQI測站(高雄) AQI為150 > 100,2026-03-03 19:07:25
寶安里活動中心,覺明路585號,22.6407,120.3289,True,50,高雄,150,3.19,High Risk,最近AQI測站(高雄) AQI為150 > 100,2026-03-03 19:07:25
後庄老人活動中心,成功路188號,22.640743,120.390201,True,150,高雄,150,9.24,High Risk,最近AQI測站(高雄) AQI為150 > 100,2026-03-03 19:07:25
麟洛鄉公所,中山路158號,22.641,120.536,True,50,高雄,150,24.13,High Risk,最近AQI測站(高雄) AQI為150 > 100,2026-03-03 19:07:25
國立屏東科技大學孟祥體育館,學府路1號,22.64119569,120.5960839,True,500,高雄,150,30.28,High Risk,最近AQI測站(高雄) AQI為150 > 100,2026-03-03 19:07:25
屏東縣立公正國中,公興路11號,22.6412,120.4842,True,2413,高雄,150,18.82,High Risk,最近AQI測站(高雄) AQI為150 > 100,2026-03-03 19:07:25
義和代天府,義和路166號,22.641423,120.420934,True,30,高雄,150,12.37,High Risk,最近AQI測站(高雄) AQI為150 > 100,2026-03-03 19:07:25
高雄市鳳山區鎮北國民小學,鳳北路170號,22.642652,120.368052,True,1767,高雄,150,7.05,High Risk,最近AQI測站(高雄) AQI為150 > 100,2026-03-03 19:07:25
新興國小 Xingxing Elementary School,"1鄰1號No.1,Xingxing,Jinfeng Township,Taitung County 964,TaiwanR.O.C.",22.64298,121.002857,True,100,台東,25,20.03,Safe,AQI良好或為室內設施,2026-03-03 19:07:25
"德智,德仁里活動中心",自由一路52號,22.643,120.3088,True,200,高雄,150,1.9,High Risk,最近AQI測站(高雄) AQI為150 > 100,2026-03-03 19:07:25
寶珠溝里活動中心,壽昌路2號,22.6431,120.3339,True,500,高雄,150,3.77,High Risk,最近AQI測站(高雄) AQI為150 > 100,2026-03-03 19:07:25
高雄市立陽明國民中學,義華路166號,22.643129,120.340424,True,2130,高雄,150,4.37,High Risk,最近AQI測站(高雄) AQI為150 > 100,2026-03-03 19:07:25
高雄市三民區民族國民小學,平等路197號,22.6435,120.3202,True,1582,高雄,150,2.64,High Risk,最近AQI測站(高雄) AQI為150 > 100,2026-03-03 19:07:25
高雄市避難收容暨備災訓練中心,鳳松路442號,22.6436,120.3648,True,400,高雄,150,6.75,High Risk,最近AQI測站(高雄) AQI為150 > 100,2026-03-03 19:07:25
中都地區聯合里活動中心,同盟三路442號,22.6442,120.283,True,500,高雄,150,2.66,High Risk,最近AQI測站(高雄) AQI為150 > 100,2026-03-03 19:07:25
高雄市立正興國民中學,覺民路850號,22.644461,120.319684,True,1455,高雄,150,2.68,High Risk,最近AQI測站(高雄) AQI為150 > 100,2026-03-03 19:07:25
高雄市三民區愛國國民小學,十全一路1號,22.6445,120.3137,True,709,高雄,150,2.29,High Risk,最近AQI測站(高雄) AQI為150 > 100,2026-03-03 19:07:25
高雄市三民區博愛國民小學,十全一路202號,22.6453,120.3067,True,982,高雄,150,2.07,High Risk,最近AQI測站(高雄) AQI為150 > 100,2026-03-03 19:07:25
高雄市三民區陽明國民小學,義德路52號,22.6457,120.3356,True,1527,高雄,150,4.06,High Risk,最近AQI測站(高雄) AQI為150 > 100,2026-03-03 19:07:25
高雄市三民區正興國民小學,大豐二路20號,22.6463,120.3261,True,1818,高雄,150,3.3,High Risk,最近AQI測站(高雄) AQI為150 > 100,2026-03-03 19:07:25
高雄市立三民國民中學,十全一路200號,22.64653,120.306679,True,964,高雄,150,2.21,High Risk,最近AQI測站(高雄) AQI為150 > 100,2026-03-03 19:07:25
高雄市三民區十全國民小學,十全二路162號,22.6467,120.2987,True,1509,高雄,150,2.17,High Risk,最近AQI測站(高雄) AQI為150 > 100,2026-03-03 19:07:25
"安東,安和,達明聯合里活動中心",松江街250號（三民公園內）,22.6467,120.304,True,100,高雄,150,2.17,High Risk,最近AQI測站(高雄) AQI為150 > 100,2026-03-03 19:07:25
高雄市三民區公所,哈爾濱街215號9樓,22.6476,120.2998,True,100,高雄,150,2.26,High Risk,最近AQI測站(高雄) AQI為150 > 100,2026-03-03 19:07:25
麟洛國中,中山路2號,22.648,120.5227,True,150,高雄,150,22.83,High Risk,最近AQI測站(高雄) AQI為150 > 100,2026-03-03 19:07:25
高雄市立文山高級中學,大埤路31號,22.64819,120.352786,True,1020,高雄,150,5.76,High Risk,最近AQI測站(高雄) AQI為150 > 100,2026-03-03 19:07:25
寶盛里活動中心,大順陸橋下,22.6483,120.3263,True,100,高雄,150,3.46,High Risk,最近AQI測站(高雄) AQI為150 > 100,2026-03-03 19:07:25
高雄市三民區東光國民小學,黃興路206號,22.649,120.3397,True,2036,高雄,150,4.61,High Risk,最近AQI測站(高雄) AQI為150 > 100,2026-03-03 19:07:25
安宜里活動中心,自立一路535號,22.6498,120.2967,True,300,高雄,150,2.55,High Risk,最近AQI測站(高雄) AQI為150 > 100,2026-03-03 19:07:25
屏東市前進國小,建國路405巷100弄39號,22.6502,120.4583,True,439,高雄,150,16.3,High Risk,最近AQI測站(高雄) AQI為150 > 100,2026-03-03 19:07:25
高雄市立高雄高級工業職業學校,建工路419號,22.65063,120.326452,True,1309,高雄,150,3.65,High Risk,最近AQI測站(高雄) AQI為150 > 100,2026-03-03 19:07:25
麟洛鄉圖書館,中山路158號,22.6507,120.5272,True,30,高雄,150,23.32,High Risk,最近AQI測站(高雄) AQI為150 > 100,2026-03-03 19:07:25
麟洛國小,中華路86號,22.6507,120.5272,True,150,高雄,150,23.32,High Risk,最近AQI測站(高雄) AQI為150 > 100,2026-03-03 19:07:25
老人文康活動中心,仁德路１１號,22.6511,120.3953,True,150,高雄,150,9.99,High Risk,最近AQI測站(高雄) AQI為150 > 100,2026-03-03 19:07:25
高雄市立鼓山高級中學,明德路2號,22.651425,120.27469,True,1222,高雄,150,3.84,High Risk,最近AQI測站(高雄) AQI為150 > 100,2026-03-03 19:07:25
高雄市鼓山區九如國民小學,九如四路763號,22.652148,120.278711,True,836,高雄,150,3.61,High Risk,最近AQI測站(高雄) AQI為150 > 100,2026-03-03 19:07:25
佳義基督長老教會教育館,泰平巷76號,22.6536,120.6311,True,100,高雄,150,33.96,High Risk,最近AQI測站(高雄) AQI為150 > 100,2026-03-03 19:07:25
高雄市鳥松區大華國民小學,大華路200號,22.653733,120.340501,True,160,高雄,150,4.97,High Risk,最近AQI測站(高雄) AQI為150 > 100,2026-03-03 19:07:25
高雄市鼓山區龍華國民小學,大順一路858號,22.655,120.2977,True,1400,高雄,150,3.1,High Risk,最近AQI測站(高雄) AQI為150 > 100,2026-03-03 19:07:25
本和里活動中心,大和街190號,22.6555,120.3261,True,300,高雄,150,4.03,High Risk,最近AQI測站(高雄) AQI為150 > 100,2026-03-03 19:07:25
高雄市立鼎金國民中學,鼎山街445號,22.655593,120.320505,True,1273,高雄,150,3.71,High Risk,最近AQI測站(高雄) AQI為150 > 100,2026-03-03 19:07:25
本館里集會所,昌裕街55號,22.6557,120.3315,True,50,高雄,150,4.42,High Risk,最近AQI測站(高雄) AQI為150 > 100,2026-03-03 19:07:25
高雄市大樹區九曲國民小學,九曲路498號,22.655886,120.423343,True,2075,高雄,150,12.91,High Risk,最近AQI測站(高雄) AQI為150 > 100,2026-03-03 19:07:25
高雄市立鼎金國民中學,鼎山街375號,22.6561,120.322,True,1345,高雄,150,3.84,High Risk,最近AQI測站(高雄) AQI為150 > 100,2026-03-03 19:07:25
台灣基督教長老教會仁美教會短期收,介壽路14號,22.6562,120.3933,True,96,高雄,150,9.96,High Risk,最近AQI測站(高雄) AQI為150 > 100,2026-03-03 19:07:25
高雄市三民區莊敬國民小學,大昌一路200號,22.6563,120.3241,True,2036,高雄,150,3.98,High Risk,最近AQI測站(高雄) AQI為150 > 100,2026-03-03 19:07:25
高雄市鼓山區內惟國民小學,內惟路73號,22.6565,120.2762,True,1091,高雄,150,4.15,High Risk,最近AQI測站(高雄) AQI為150 > 100,2026-03-03 19:07:25
大樹區綜合體育館,九大路639號,22.6569,120.4245,True,200,高雄,150,13.05,High Risk,最近AQI測站(高雄) AQI為150 > 100,2026-03-03 19:07:25
高雄市立大樹國民中學,九曲路500號,22.657006,120.422752,True,1200,高雄,150,12.88,High Risk,最近AQI測站(高雄) AQI為150 > 100,2026-03-03 19:07:25
高雄市立七賢國民中學,美術東三路110號,22.657594,120.28928,True,1036,高雄,150,3.59,High Risk,最近AQI測站(高雄) AQI為150 > 100,2026-03-03 19:07:25
灣愛里活動中心,大昌一路270巷2號,22.6579,120.3213,True,200,高雄,150,3.97,High Risk,最近AQI測站(高雄) AQI為150 > 100,2026-03-03 19:07:25
仁美營區,久堂路195-20號,22.6579,120.4137,True,200,高雄,150,12.02,High Risk,最近AQI測站(高雄) AQI為150 > 100,2026-03-03 19:07:25
高雄市立龍華國民中學,自由二路2號,22.658147,120.309546,True,1600,高雄,150,3.53,High Risk,最近AQI測站(高雄) AQI為150 > 100,2026-03-03 19:07:25
高雄市鳥松區仁美國民小學,學堂路2號,22.658433,120.394141,True,520,高雄,150,10.13,High Risk,最近AQI測站(高雄) AQI為150 > 100,2026-03-03 19:07:25
屏東大學屏商校區活動中心,民生東路51號,22.65860765,120.5122037,True,89,高雄,150,21.91,High Risk,最近AQI測站(高雄) AQI為150 > 100,2026-03-03 19:07:25
屏東縣立鶴聲國中,大武路225號,22.6595,120.4725,True,1098,高雄,150,17.92,High Risk,最近AQI測站(高雄) AQI為150 > 100,2026-03-03 19:07:25
屏東市復興國小,復興路376號,22.6599,120.4862,True,535,高雄,150,19.31,High Risk,最近AQI測站(高雄) AQI為150 > 100,2026-03-03 19:07:25
鳥松區公所三樓,中正路98號,22.66,120.3643,True,50,高雄,150,7.41,High Risk,最近AQI測站(高雄) AQI為150 > 100,2026-03-03 19:07:25
屏東市民生國小,安心四橫巷139-1號,22.6609,120.509,True,265,高雄,150,21.63,High Risk,最近AQI測站(高雄) AQI為150 > 100,2026-03-03 19:07:25
高雄市立明華國民中學,明誠三路582號,22.661903,120.301532,True,927,高雄,150,3.85,High Risk,最近AQI測站(高雄) AQI為150 > 100,2026-03-03 19:07:25
華源活動中心,一鄰大坑一五號,22.66241819,121.027792,True,70,台東,25,16.68,Safe,AQI良好或為室內設施,2026-03-03 19:07:25
屏東市公所,台糖街61號,22.6626,120.4915,True,734,高雄,150,19.9,High Risk,最近AQI測站(高雄) AQI為150 > 100,2026-03-03 19:07:25
高雄市鳥松區鳥松國民小學（備用）,文前路32號,22.663078,120.361721,True,50,高雄,150,7.36,High Risk,最近AQI測站(高雄) AQI為150 > 100,2026-03-03 19:07:25
高雄市立三民高級中學,金鼎路81號,22.663103,120.32672,True,886,高雄,150,4.75,High Risk,最近AQI測站(高雄) AQI為150 > 100,2026-03-03 19:07:25
空軍綠島探空分隊,火燒山41號,22.6644,121.4718,False,300,台東,25,34.35,Safe,AQI良好或為室內設施,2026-03-03 19:07:25
屏東大學民生校區體育館,民生路4-18號,22.66539013,120.5044684,True,178,高雄,150,21.27,High Risk,最近AQI測站(高雄) AQI為150 > 100,2026-03-03 19:07:25
屏東市建國國小,建興路36號,22.6654,120.4866,True,593,高雄,150,19.47,High Risk,最近AQI測站(高雄) AQI為150 > 100,2026-03-03 19:07:25
屏東市鶴聲國小,建國路121號,22.6656,120.4797,True,1459,高雄,150,18.79,High Risk,最近AQI測站(高雄) AQI為150 > 100,2026-03-03 19:07:25
高雄市立三民高級家事商業職業學校,高雄市左營區裕誠路1102號,22.666009,120.300608,True,1018,高雄,150,4.31,High Risk,最近AQI測站(高雄) AQI為150 > 100,2026-03-03 19:07:25
高雄市立鳥松國民中學,松埔北巷5之1號,22.666471,120.371072,True,844,高雄,150,8.37,High Risk,最近AQI測站(高雄) AQI為150 > 100,2026-03-03 19:07:25
"鼎中,鼎力,鼎膝,鼎金,鼎強,鼎盛聯合里",鼎力路125-1號地下1樓,22.6667,120.3217,True,400,高雄,150,4.85,High Risk,最近AQI測站(高雄) AQI為150 > 100,2026-03-03 19:07:25
屏東市大同國小,建國路二0二號,22.6668,120.476,True,846,高雄,150,18.45,High Risk,最近AQI測站(高雄) AQI為150 > 100,2026-03-03 19:07:25
崇文國小,原勝路6號,22.6669,120.6002,True,120,高雄,150,30.98,High Risk,最近AQI測站(高雄) AQI為150 > 100,2026-03-03 19:07:25
新生國小,大新路109號,22.6673,120.5909,True,120,高雄,150,30.04,High Risk,最近AQI測站(高雄) AQI為150 > 100,2026-03-03 19:07:25
高雄市大樹區水寮國民小學,中華路國小巷1號,22.667994,120.407847,True,1079,高雄,150,11.82,High Risk,最近AQI測站(高雄) AQI為150 > 100,2026-03-03 19:07:25
三民街友服務中心,天祥二路31號,22.6684,120.3157,True,80,高雄,150,4.8,High Risk,最近AQI測站(高雄) AQI為150 > 100,2026-03-03 19:07:25
南寮社區活動中心,南寮190號,22.6686,121.4687,True,50,台東,25,33.9,Safe,AQI良好或為室內設施,2026-03-03 19:07:25
財團法人玄光聖堂短期收容,松埔北巷29號之10,22.668784,120.389996,True,100,高雄,150,10.2,High Risk,最近AQI測站(高雄) AQI為150 > 100,2026-03-03 19:07:25
高雄市鼓山區中山國民小學,美術東二路252號,22.6691,120.2848,True,1364,高雄,150,4.95,High Risk,最近AQI測站(高雄) AQI為150 > 100,2026-03-03 19:07:25
高雄市左營區新莊國民小學,自由三路1號,22.669267,120.309875,True,1582,高雄,150,4.75,High Risk,最近AQI測站(高雄) AQI為150 > 100,2026-03-03 19:07:25
太麻里鄉三和村辦公處,2鄰漁場131號,22.6695,121.0354,True,70,台東,25,15.57,Safe,AQI良好或為室內設施,2026-03-03 19:07:25
屏東市民和國小,自立路213號,22.6706,120.4958,True,418,高雄,150,20.52,High Risk,最近AQI測站(高雄) AQI為150 > 100,2026-03-03 19:07:25
高雄新莊天后宮備用,重清路278巷51號,22.6716,120.3117,True,120,高雄,150,5.04,High Risk,最近AQI測站(高雄) AQI為150 > 100,2026-03-03 19:07:25
屏東市唐榮國小,中山路41號,22.6716,120.4852,True,490,高雄,150,19.49,High Risk,最近AQI測站(高雄) AQI為150 > 100,2026-03-03 19:07:25
仁慈活動中心,仁慈路75號,22.6717,120.3587,True,150,高雄,150,7.68,High Risk,最近AQI測站(高雄) AQI為150 > 100,2026-03-03 19:07:25
和平營區,武功巷52號,22.6718,120.3314,True,200,高雄,150,5.83,High Risk,最近AQI測站(高雄) AQI為150 > 100,2026-03-03 19:07:25
高雄市左營區勝利國民小學,南屏路1號,22.672458,120.295103,True,500,高雄,150,5.06,High Risk,最近AQI測站(高雄) AQI為150 > 100,2026-03-03 19:07:25
高雄市三民區獅湖國民小學,鼎金後路495號,22.6726,120.3224,True,1582,高雄,150,5.48,High Risk,最近AQI測站(高雄) AQI為150 > 100,2026-03-03 19:07:25
屏東縣立中正國中,民學路2路,22.6726,120.5088,True,2138,高雄,150,21.87,High Risk,最近AQI測站(高雄) AQI為150 > 100,2026-03-03 19:07:25
綠島國中,臺東縣綠島鄉9鄰中寮4號,22.6731,121.4701,True,200,台東,25,33.9,Safe,AQI良好或為室內設施,2026-03-03 19:07:25
綠島國民小學,中寮1鄰3號,22.6737,121.4699,True,200,台東,25,33.86,Safe,AQI良好或為室內設施,2026-03-03 19:07:25
高雄市立大義國民中學,翠華路687號,22.6742,120.2928,True,50,高雄,150,5.29,High Risk,最近AQI測站(高雄) AQI為150 > 100,2026-03-03 19:07:25
中寮社區活動中心,中寮1鄰31號,22.6747,121.4702,True,30,台東,25,33.86,Safe,AQI良好或為室內設施,2026-03-03 19:07:25
高雄市立海青高級工商職業學校,左營大路1號,22.6752,120.2856,True,100,高雄,150,5.57,High Risk,最近AQI測站(高雄) AQI為150 > 100,2026-03-03 19:07:25
國立屏東女中,仁愛路94號,22.6753,120.4942,True,2332,高雄,150,20.49,High Risk,最近AQI測站(高雄) AQI為150 > 100,2026-03-03 19:07:25
瑪家社區活動中心,馬卡札亞札亞街 1號,22.6756,120.6869,True,150,高雄,150,39.92,High Risk,最近AQI測站(高雄) AQI為150 > 100,2026-03-03 19:07:25
崇聖殿備用,井腳路118號,22.6757,120.4074,True,200,高雄,150,12.14,High Risk,最近AQI測站(高雄) AQI為150 > 100,2026-03-03 19:07:25
高雄市立大灣國民中學,仁雄路99號,22.676023,120.341612,True,500,高雄,150,6.81,High Risk,最近AQI測站(高雄) AQI為150 > 100,2026-03-03 19:07:25
公館國民小學,公館98號,22.6764,121.4848,True,200,台東,25,35.25,Safe,AQI良好或為室內設施,2026-03-03 19:07:25
高雄市左營區新民國民小學,自由三路478號,22.676691,120.313158,True,921,高雄,150,5.62,High Risk,最近AQI測站(高雄) AQI為150 > 100,2026-03-03 19:07:25
屏東市仁愛國小,仁愛路98號,22.6767,120.4948,True,1204,高雄,150,20.59,High Risk,最近AQI測站(高雄) AQI為150 > 100,2026-03-03 19:07:25
屏東市忠孝國小,建豐路204號,22.6769,120.5039,True,650,高雄,150,21.5,High Risk,最近AQI測站(高雄) AQI為150 > 100,2026-03-03 19:07:25
綠島鄉社會福利活動中心,柴口1鄰62號,22.6769,121.4847,True,60,台東,25,35.23,Safe,AQI良好或為室內設施,2026-03-03 19:07:25
長興國小,潭頭路50號,22.6772,120.5261,True,200,高雄,150,23.72,High Risk,最近AQI測站(高雄) AQI為150 > 100,2026-03-03 19:07:25
菜公豐谷宮備用,菜公一路91號,22.6774,120.3155,True,50,高雄,150,5.76,High Risk,最近AQI測站(高雄) AQI為150 > 100,2026-03-03 19:07:25
公館社區活動中心,公?5鄰1號,22.6777,121.4807,True,30,台東,25,34.81,Safe,AQI良好或為室內設施,2026-03-03 19:07:25
屏東縣立大同高中,和平路429號,22.678,120.4777,True,1380,高雄,150,18.95,High Risk,最近AQI測站(高雄) AQI為150 > 100,2026-03-03 19:07:25
崇文國中,昭勝路438號,22.6786,120.6021,True,120,高雄,150,31.38,High Risk,最近AQI測站(高雄) AQI為150 > 100,2026-03-03 19:07:25
高雄市立左營國民中學,高雄市左營區曾子路281號,22.679456,120.306724,True,836,高雄,150,5.83,High Risk,最近AQI測站(高雄) AQI為150 > 100,2026-03-03 19:07:25
高雄市仁武區登發國民小學,仁忠路191號,22.679647,120.354051,True,1815,高雄,150,7.94,High Risk,最近AQI測站(高雄) AQI為150 > 100,2026-03-03 19:07:25
高雄市左營區新光國民小學,華夏路800號,22.67983,120.304805,True,200,高雄,150,5.85,High Risk,最近AQI測站(高雄) AQI為150 > 100,2026-03-03 19:07:25
屏東縣立明正國中,大連路70號,22.6799,120.4976,True,4113,高雄,150,20.97,High Risk,最近AQI測站(高雄) AQI為150 > 100,2026-03-03 19:07:25
埤子頭鎮福廟,左營大路6巷81號3樓,22.680335,120.289652,True,30,高雄,150,6.02,High Risk,最近AQI測站(高雄) AQI為150 > 100,2026-03-03 19:07:25
屏東市勝利國小,蘭州街2號,22.6807,120.4857,True,1579,高雄,150,19.82,High Risk,最近AQI測站(高雄) AQI為150 > 100,2026-03-03 19:07:25
屏東市瑞光國小,興豐路86號,22.6808,120.5091,True,1415,高雄,150,22.13,High Risk,最近AQI測站(高雄) AQI為150 > 100,2026-03-03 19:07:25
高雄市立新莊高級中學,文慈路99號,22.6812,120.3176,True,3305,高雄,150,6.22,High Risk,最近AQI測站(高雄) AQI為150 > 100,2026-03-03 19:07:25
啟明堂備用,蓮潭路36號,22.682,120.2923,True,100,高雄,150,6.15,High Risk,最近AQI測站(高雄) AQI為150 > 100,2026-03-03 19:07:25
舊城城隍廟,店仔頂路1號,22.682196,120.290474,True,30,高雄,150,6.21,High Risk,最近AQI測站(高雄) AQI為150 > 100,2026-03-03 19:07:25
左營元帝廟,左營大路87號,22.682521,120.288158,True,40,高雄,150,6.29,High Risk,最近AQI測站(高雄) AQI為150 > 100,2026-03-03 19:07:25
高雄市仁武區灣內國民小學,仁心路31號,22.683088,120.357281,True,330,高雄,150,8.45,High Risk,最近AQI測站(高雄) AQI為150 > 100,2026-03-03 19:07:25
高雄市左營區舊城國民小學,蓮潭路47號,22.683177,120.293004,True,582,高雄,150,6.27,High Risk,最近AQI測站(高雄) AQI為150 > 100,2026-03-03 19:07:25
高雄市左營區福山國民小學,高雄市左營區重愛路99號,22.683573,120.317215,True,1273,高雄,150,6.46,High Risk,最近AQI測站(高雄) AQI為150 > 100,2026-03-03 19:07:25
屏東市崇蘭國小,廣東路1259號,22.6842,120.477,True,614,高雄,150,19.1,High Risk,最近AQI測站(高雄) AQI為150 > 100,2026-03-03 19:07:25
護安寺,蓮潭路116號,22.6853,120.2951,True,100,高雄,150,6.48,High Risk,最近AQI測站(高雄) AQI為150 > 100,2026-03-03 19:07:25
左營揚善堂,?後街42巷2號,22.685509,120.288708,True,100,高雄,150,6.6,High Risk,最近AQI測站(高雄) AQI為150 > 100,2026-03-03 19:07:25
國立屏東高中,忠孝路231號,22.6861,120.4888,True,2470,高雄,150,20.31,High Risk,最近AQI測站(高雄) AQI為150 > 100,2026-03-03 19:07:25
屏東市和平國小,華正路80號,22.687,120.5017,True,511,高雄,150,21.6,High Risk,最近AQI測站(高雄) AQI為150 > 100,2026-03-03 19:07:25
天府宮,蓮潭路158號,22.687113,120.296399,True,30,高雄,150,6.67,High Risk,最近AQI測站(高雄) AQI為150 > 100,2026-03-03 19:07:25
黎明國小,西淇路177號,22.6874,120.5969,True,80,高雄,150,31.05,High Risk,最近AQI測站(高雄) AQI為150 > 100,2026-03-03 19:07:25
太麻里鄉美和國民小學,美和 90 號,22.687685,121.044275,True,100,台東,25,13.62,Safe,AQI良好或為室內設施,2026-03-03 19:07:25
高雄市大樹區大樹國民小學,中正一路249號,22.687763,120.43459,True,1091,高雄,150,15.23,High Risk,最近AQI測站(高雄) AQI為150 > 100,2026-03-03 19:07:25
高雄市左營區明德國民小學,海富路2號,22.688006,120.289355,True,491,高雄,150,6.86,High Risk,最近AQI測站(高雄) AQI為150 > 100,2026-03-03 19:07:25
?後北極殿,海平路2號,22.688899,120.291964,True,30,高雄,150,6.92,High Risk,最近AQI測站(高雄) AQI為150 > 100,2026-03-03 19:07:25
高雄市仁武區八卦國民小學,永仁街555號,22.689043,120.333146,True,1254,高雄,150,7.6,High Risk,最近AQI測站(高雄) AQI為150 > 100,2026-03-03 19:07:25
左營區公所8樓大禮堂,左營大路479號8樓,22.689882,120.29511,True,20,高雄,150,6.99,High Risk,最近AQI測站(高雄) AQI為150 > 100,2026-03-03 19:07:25
涼山社區活動中心,涼山巷20號,22.6901,120.6369,True,158,高雄,150,35.13,High Risk,最近AQI測站(高雄) AQI為150 > 100,2026-03-03 19:07:25
高雄市左營區左營國民小學,高雄市左營區實踐路42號,22.690488,120.293299,True,745,高雄,150,7.08,High Risk,最近AQI測站(高雄) AQI為150 > 100,2026-03-03 19:07:25
高楠活動中心,高楠四街58號,22.6917,120.3242,True,200,高雄,150,7.53,High Risk,最近AQI測站(高雄) AQI為150 > 100,2026-03-03 19:07:25
屏東縣立至正國中,公裕街300號,22.6917,120.4936,True,1338,高雄,150,20.98,High Risk,最近AQI測站(高雄) AQI為150 > 100,2026-03-03 19:07:25
知本金聯世紀酒店,龍泉路30號,22.692402,121.019876,True,30,台東,25,15.48,Safe,AQI良好或為室內設施,2026-03-03 19:07:25
大樹區公所二樓會議室,中興北路120號,22.6933,120.4331,True,30,高雄,150,15.38,High Risk,最近AQI測站(高雄) AQI為150 > 100,2026-03-03 19:07:25
長治國中,中興路578號,22.6934,120.5437,True,200,高雄,150,25.93,High Risk,最近AQI測站(高雄) AQI為150 > 100,2026-03-03 19:07:25
高雄市立左營高級中學,海功路55號,22.693416,120.296158,True,200,高雄,150,7.37,High Risk,最近AQI測站(高雄) AQI為150 > 100,2026-03-03 19:07:25
德協國小,中興路551號,22.6941,120.5415,True,200,高雄,150,25.73,High Risk,最近AQI測站(高雄) AQI為150 > 100,2026-03-03 19:07:25
大社村辦公處含活動中心,和平路2段35號,22.694157,120.637733,True,200,高雄,150,35.3,High Risk,最近AQI測站(高雄) AQI為150 > 100,2026-03-03 19:07:25
高雄東照山關帝廟備用,忠義路1號,22.6942,120.3941,True,300,高雄,150,12.08,High Risk,最近AQI測站(高雄) AQI為150 > 100,2026-03-03 19:07:25
循理會南三和教會,美園巷90-4號,22.6949,120.5989,True,150,高雄,150,31.44,High Risk,最近AQI測站(高雄) AQI為150 > 100,2026-03-03 19:07:25
復興永清里活動中心,復興新村335號,22.69567,120.299673,True,150,高雄,150,7.6,High Risk,最近AQI測站(高雄) AQI為150 > 100,2026-03-03 19:07:25
祥和山莊活動中心,左營大路928巷101號,22.69635,120.301803,True,100,高雄,150,7.68,High Risk,最近AQI測站(高雄) AQI為150 > 100,2026-03-03 19:07:25
原大樹鄉民代表會,中興北路227號,22.6964,120.4321,True,42,高雄,150,15.46,High Risk,最近AQI測站(高雄) AQI為150 > 100,2026-03-03 19:07:25
臺東縣農會東遊季溫泉渡假村,溫泉路376巷18號,22.696483,121.019705,True,30,台東,25,15.28,Safe,AQI良好或為室內設施,2026-03-03 19:07:25
溫泉國民小學,溫泉村11鄰溫泉路291號,22.697667,121.02593,True,50,台東,25,14.65,Safe,AQI良好或為室內設施,2026-03-03 19:07:25
溫泉村活動中心,溫泉村11鄰溫泉路293號,22.697823,121.025091,True,30,台東,25,14.72,Safe,AQI良好或為室內設施,2026-03-03 19:07:25
高雄市仁武區.烏林國民小學,林森巷23號,22.697888,120.372598,True,429,高雄,150,10.72,High Risk,最近AQI測站(高雄) AQI為150 > 100,2026-03-03 19:07:25
元新溫泉飯店,溫泉路314號,22.698053,121.024826,True,20,台東,25,14.74,Safe,AQI良好或為室內設施,2026-03-03 19:07:25
屏東市海豐國小,海豐街3號,22.6989,120.508,True,655,高雄,150,22.64,High Risk,最近AQI測站(高雄) AQI為150 > 100,2026-03-03 19:07:25
高雄市仁武區仁武國民小學,中正路94號,22.701263,120.348359,True,1782,高雄,150,9.53,High Risk,最近AQI測站(高雄) AQI為150 > 100,2026-03-03 19:07:25
仁武區綜合活動中心,中正路94號,22.7013,120.3484,True,500,高雄,150,9.54,High Risk,最近AQI測站(高雄) AQI為150 > 100,2026-03-03 19:07:25
隘寮國小,清涼路二段238號,22.7024,120.6357,True,120,高雄,150,35.3,High Risk,最近AQI測站(高雄) AQI為150 > 100,2026-03-03 19:07:25
繁華國小,水源路96號,22.7026,120.5722,True,200,高雄,150,29.02,High Risk,最近AQI測站(高雄) AQI為150 > 100,2026-03-03 19:07:25
瑪家國中,三和巷16號,22.7026,120.6095,True,100,高雄,150,32.7,High Risk,最近AQI測站(高雄) AQI為150 > 100,2026-03-03 19:07:25
亞莊酒店,溫泉路68號,22.703397,121.032022,True,30,台東,25,13.81,Safe,AQI良好或為室內設施,2026-03-03 19:07:25
中村基督長老教會,三和巷32號,22.7034,120.6078,True,200,高雄,150,32.56,High Risk,最近AQI測站(高雄) AQI為150 > 100,2026-03-03 19:07:25
玉泉社區活動中心,1鄰6-3號,22.7036,120.6089,True,200,高雄,150,32.67,High Risk,最近AQI測站(高雄) AQI為150 > 100,2026-03-03 19:07:25
仁武里活動中心,仁祥街199號,22.70434779,120.3447169,True,500,高雄,150,9.65,High Risk,最近AQI測站(高雄) AQI為150 > 100,2026-03-03 19:07:25
知本社區活動中心,知本路三段13巷40號,22.705462,121.055645,True,34,台東,25,11.57,Safe,AQI良好或為室內設施,2026-03-03 19:07:25
北葉國小體育館,北葉村風景巷1鄰1號,22.7074,120.646,True,320,高雄,150,36.46,High Risk,最近AQI測站(高雄) AQI為150 > 100,2026-03-03 19:07:25
F Hotel,台東市大順路33號,22.707519,121.042182,True,30,台東,25,12.67,Safe,AQI良好或為室內設施,2026-03-03 19:07:25
高雄市楠梓區廣、大、久、盛昌里活動中心,廣昌街175巷37號,22.707528,120.285079,True,157,高雄,150,9.08,High Risk,最近AQI測站(高雄) AQI為150 > 100,2026-03-03 19:07:25
建業社區活動中心,西昌街214號,22.707748,121.050993,True,35,台東,25,11.86,Safe,AQI良好或為室內設施,2026-03-03 19:07:25
中華里活動中心,華園街25號,22.7085,120.3272,True,100,高雄,150,9.41,High Risk,最近AQI測站(高雄) AQI為150 > 100,2026-03-03 19:07:25
高雄市楠梓區油廠國民小學,左楠路4號,22.708958,120.302919,True,636,高雄,150,9.08,High Risk,最近AQI測站(高雄) AQI為150 > 100,2026-03-03 19:07:25
北葉社區活動中心,風景巷1-8號,22.7096,120.6479,True,443,高雄,150,36.71,High Risk,最近AQI測站(高雄) AQI為150 > 100,2026-03-03 19:07:25
高雄市仁武區竹後國民小學,竹楠路250號,22.710042,120.334866,True,429,高雄,150,9.82,High Risk,最近AQI測站(高雄) AQI為150 > 100,2026-03-03 19:07:25
高雄市左營區莒光國民小學,後昌路842號,22.711558,120.295275,True,20,高雄,150,9.39,High Risk,最近AQI測站(高雄) AQI為150 > 100,2026-03-03 19:07:25
高雄市楠梓區莒光國民小學,後昌路842號,22.711558,120.295275,True,1273,高雄,150,9.39,High Risk,最近AQI測站(高雄) AQI為150 > 100,2026-03-03 19:07:25
高雄市立右昌國民中學,盛昌街161號,22.713585,120.286911,True,927,高雄,150,9.71,High Risk,最近AQI測站(高雄) AQI為150 > 100,2026-03-03 19:07:25
高雄市楠梓區右昌國民小學,加昌路910號,22.713629,120.292106,True,1291,高雄,150,9.65,High Risk,最近AQI測站(高雄) AQI為150 > 100,2026-03-03 19:07:25
三地門鄉立體育館,行政街11號,22.7141,120.6539,True,200,高雄,150,37.43,High Risk,最近AQI測站(高雄) AQI為150 > 100,2026-03-03 19:07:25
地磨兒國小,行政街9號,22.714903,120.654518,True,60,高雄,150,37.52,High Risk,最近AQI測站(高雄) AQI為150 > 100,2026-03-03 19:07:25
國軍退役官兵輔導委員會高雄榮譽國民之家,加昌路631號,22.7151,120.3018,True,17,高雄,150,9.76,High Risk,最近AQI測站(高雄) AQI為150 > 100,2026-03-03 19:07:25
高雄市楠梓區宏昌等六里聯合活動中心,後昌路960巷19號,22.7154,120.2941,True,60,高雄,150,9.82,High Risk,最近AQI測站(高雄) AQI為150 > 100,2026-03-03 19:07:25
臺東縣臺東市建和國小,青海路3段640號,22.716736,121.049167,True,125,台東,25,11.59,Safe,AQI良好或為室內設施,2026-03-03 19:07:25
高雄市立國昌國民中學,德民路1010號,22.7194,120.2861,True,800,高雄,150,10.36,High Risk,最近AQI測站(高雄) AQI為150 > 100,2026-03-03 19:07:25
高雄市楠梓區加昌國民小學,樂群路220號,22.720392,120.296547,True,1267,高雄,150,10.36,High Risk,最近AQI測站(高雄) AQI為150 > 100,2026-03-03 19:07:25
建農里民眾活動中心,知本路一段560號,22.720423,121.084143,True,29,台東,25,8.2,Safe,AQI良好或為室內設施,2026-03-03 19:07:25
高雄市楠梓區後勁國民小學,加昌路216號,22.721706,120.314216,True,873,高雄,150,10.58,High Risk,最近AQI測站(高雄) AQI為150 > 100,2026-03-03 19:07:25
中里社區活動中心,文明路10巷3號,22.7226,120.3513,True,70,高雄,150,11.77,High Risk,最近AQI測站(高雄) AQI為150 > 100,2026-03-03 19:07:25
高雄市立後勁國民中學,加昌路180號,22.722854,120.316198,True,673,高雄,150,10.73,High Risk,最近AQI測站(高雄) AQI為150 > 100,2026-03-03 19:07:25
九如鄉九如國民小學,九如路二段3-1號,22.7233,120.4918,True,129,高雄,150,22.26,High Risk,最近AQI測站(高雄) AQI為150 > 100,2026-03-03 19:07:25
高雄市楠梓區仁昌里活動中心,壽豐路461號,22.724246,120.294854,True,155,高雄,150,10.8,High Risk,最近AQI測站(高雄) AQI為150 > 100,2026-03-03 19:07:25
高雄市楠梓區楠陽國民小學,楠陽路100號,22.724927,120.331144,True,1164,高雄,150,11.28,High Risk,最近AQI測站(高雄) AQI為150 > 100,2026-03-03 19:07:25
高雄市楠梓區翠屏里活動中心,德惠路55號,22.726779,120.302159,True,280,高雄,150,11.06,High Risk,最近AQI測站(高雄) AQI為150 > 100,2026-03-03 19:07:25
高雄市楠梓區惠豐里活動中心,青田街87號,22.727244,120.318969,True,115,高雄,150,11.26,High Risk,最近AQI測站(高雄) AQI為150 > 100,2026-03-03 19:07:25
高雄市楠梓區援中國民小學,大學二十六街1150號,22.728206,120.27799,True,345,高雄,150,11.47,High Risk,最近AQI測站(高雄) AQI為150 > 100,2026-03-03 19:07:25
高雄市楠梓區行政中心7樓大禮堂,楠梓新路264號7樓,22.7283,120.3263,True,100,高雄,150,11.52,High Risk,最近AQI測站(高雄) AQI為150 > 100,2026-03-03 19:07:25
高雄市立蚵寮國民中學（備用）,中正二街60號,22.728551,120.25873,True,400,高雄,150,12.08,High Risk,最近AQI測站(高雄) AQI為150 > 100,2026-03-03 19:07:25
高雄市立大社國民中學,翠屏路100號,22.729029,120.357267,True,500,高雄,150,12.68,High Risk,最近AQI測站(高雄) AQI為150 > 100,2026-03-03 19:07:25
大社老人文康中心,金龍路65號,22.7293,120.3546,True,200,高雄,150,12.59,High Risk,最近AQI測站(高雄) AQI為150 > 100,2026-03-03 19:07:25
高雄市立翠屏國民中小學,翠屏路135號,22.729477,120.299446,True,1545,高雄,150,11.36,High Risk,最近AQI測站(高雄) AQI為150 > 100,2026-03-03 19:07:25
高雄市立中山高級中學,藍昌路416號,22.7295,120.2922,True,1528,高雄,150,11.4,High Risk,最近AQI測站(高雄) AQI為150 > 100,2026-03-03 19:07:25
智信蚵社區聯合活動中心（備用）,廣澤路3號,22.729634,120.254588,True,150,高雄,150,12.35,High Risk,最近AQI測站(高雄) AQI為150 > 100,2026-03-03 19:07:25
大社中山堂,大社區自強街1號,22.73,120.3466,True,150,高雄,150,12.33,High Risk,最近AQI測站(高雄) AQI為150 > 100,2026-03-03 19:07:25
高雄市楠梓區惠民里集會所,高楠公路1868巷100號,22.732098,120.323083,True,125,高雄,150,11.86,High Risk,最近AQI測站(高雄) AQI為150 > 100,2026-03-03 19:07:25
豐里社區活動中心,豐里街756巷20號,22.732187,121.116004,True,27,台東,25,4.76,Safe,AQI良好或為室內設施,2026-03-03 19:07:25
高雄市楠梓區楠梓國民小學,楠梓路262號,22.7322,120.3284,True,1164,高雄,150,11.99,High Risk,最近AQI測站(高雄) AQI為150 > 100,2026-03-03 19:07:25
高雄市梓官區蚵寮國民小學（備用）,光明路177號,22.733411,120.248239,True,300,高雄,150,13.0,High Risk,最近AQI測站(高雄) AQI為150 > 100,2026-03-03 19:07:25
高雄市立楠梓國民中學,楠梓路336號,22.733936,120.327507,True,1091,高雄,150,12.16,High Risk,最近AQI測站(高雄) AQI為150 > 100,2026-03-03 19:07:25
保安里活動中心,大社路87-3號,22.7341,120.3527,True,80,高雄,150,12.99,High Risk,最近AQI測站(高雄) AQI為150 > 100,2026-03-03 19:07:25
九如鄉圖書館,九如路二段264號,22.7344,120.4896,True,100,高雄,150,22.69,High Risk,最近AQI測站(高雄) AQI為150 > 100,2026-03-03 19:07:25
赤崁老人活動中心（備用）,中正路519號,22.736052,120.25016,True,160,高雄,150,13.19,High Risk,最近AQI測站(高雄) AQI為150 > 100,2026-03-03 19:07:25
國立臺東大學,台東市大學路2段369號,22.736056,121.070583,True,50,台東,25,8.79,Safe,AQI良好或為室內設施,2026-03-03 19:07:25
高雄市橋頭區甲圍國民小學,甲昌路250號,22.736237,120.293408,True,540,高雄,150,12.14,High Risk,最近AQI測站(高雄) AQI為150 > 100,2026-03-03 19:07:25
新圍國小,維新路67號,22.7383,120.5539,True,400,高雄,150,28.7,High Risk,最近AQI測站(高雄) AQI為150 > 100,2026-03-03 19:07:25
彭厝國小,七份路21號,22.7399,120.5314,True,280,高雄,150,26.71,High Risk,最近AQI測站(高雄) AQI為150 > 100,2026-03-03 19:07:25
九如鄉公所禮堂,九如路二段416號,22.7404,120.4904,True,100,高雄,150,23.11,High Risk,最近AQI測站(高雄) AQI為150 > 100,2026-03-03 19:07:25
高雄市大樹區興田國民小學,興田路59號,22.740507,120.445966,True,666,高雄,150,19.45,High Risk,最近AQI測站(高雄) AQI為150 > 100,2026-03-03 19:07:25
賽嘉國小,賽嘉巷2號,22.74307039,120.6394454,True,20,高雄,150,36.99,High Risk,最近AQI測站(高雄) AQI為150 > 100,2026-03-03 19:07:25
賽嘉村辦公處含活動中心,賽嘉巷1號,22.743817,120.640299,True,150,高雄,150,37.1,High Risk,最近AQI測站(高雄) AQI為150 > 100,2026-03-03 19:07:25
高雄市立楠梓高級中學,清豐路19號,22.744044,120.331155,True,1528,高雄,150,13.34,High Risk,最近AQI測站(高雄) AQI為150 > 100,2026-03-03 19:07:25
霧台長老教會,9鄰76號,22.7445,120.7312,True,40,台東,25,43.26,Safe,AQI良好或為室內設施,2026-03-03 19:07:25
霧台社區活動中心,中山巷46-3號,22.745,120.7321,True,60,台東,25,43.17,Safe,AQI良好或為室內設施,2026-03-03 19:07:25
霧臺國小,中山巷44號,22.7452,120.7312,True,310,台東,25,43.26,Safe,AQI良好或為室內設施,2026-03-03 19:07:25
霧台國小運動場,中山巷44號,22.747111,120.723288,False,250,台東,25,44.06,Safe,AQI良好或為室內設施,2026-03-03 19:07:25
佛光山寺備用,興田路153號,22.7473,120.4463,True,500,高雄,150,19.98,High Risk,最近AQI測站(高雄) AQI為150 > 100,2026-03-03 19:07:25
霧台鄉避難收容所,神山巷71號,22.7498,120.7263,True,40,台東,25,43.74,Safe,AQI良好或為室內設施,2026-03-03 19:07:25
神山社區活動中心運動場,神山社區,22.750455,120.719513,False,200,台東,25,44.44,Safe,AQI良好或為室內設施,2026-03-03 19:07:25
高雄市橋頭區仕隆國民小學,仕隆路進校巷16號,22.750578,120.310636,True,1343,高雄,150,13.74,High Risk,最近AQI測站(高雄) AQI為150 > 100,2026-03-03 19:07:25
高雄市橋頭區興糖國民小學,興糖路19巷1號.,22.750876,120.317,True,676,高雄,150,13.83,High Risk,最近AQI測站(高雄) AQI為150 > 100,2026-03-03 19:07:25
高雄市燕巢區鳳雄國民小學（備用）,鳳加路52號,22.753304,120.358101,True,250,高雄,150,15.17,High Risk,最近AQI測站(高雄) AQI為150 > 100,2026-03-03 19:07:25
鹽埔國中,勝利路30號,22.7536,120.5741,True,600,高雄,150,31.3,High Risk,最近AQI測站(高雄) AQI為150 > 100,2026-03-03 19:07:25
臺東市公所,博愛路365號,22.754695,121.146637,True,34,台東,25,0.75,Safe,AQI良好或為室內設施,2026-03-03 19:07:25
鳳雄營區,鳳旗路23號,22.7555,120.3602,True,900,高雄,150,15.48,High Risk,最近AQI測站(高雄) AQI為150 > 100,2026-03-03 19:07:25
梓平社區活動中心（備用）,梓官路城隍巷123-1號,22.756467,120.269167,True,100,高雄,150,14.74,High Risk,最近AQI測站(高雄) AQI為150 > 100,2026-03-03 19:07:25
鄉立幼兒園,勝利路189號,22.756522,120.575722,True,250,高雄,150,31.6,High Risk,最近AQI測站(高雄) AQI為150 > 100,2026-03-03 19:07:25
橋頭區公所,隆豐路1號,22.7576,120.3058,True,150,高雄,150,14.5,High Risk,最近AQI測站(高雄) AQI為150 > 100,2026-03-03 19:07:25
高雄市立橋頭國民中學,新興路70號,22.759012,120.30751,True,1484,高雄,150,14.66,High Risk,最近AQI測站(高雄) AQI為150 > 100,2026-03-03 19:07:25
梓和社區活動中心（備用）,大宅街38號,22.759573,120.266109,True,80,高雄,150,15.15,High Risk,最近AQI測站(高雄) AQI為150 > 100,2026-03-03 19:07:25
高雄市橋頭區五林國民小學,五林路160號,22.75995,120.293721,True,1343,高雄,150,14.77,High Risk,最近AQI測站(高雄) AQI為150 > 100,2026-03-03 19:07:25
梓官國小（備用）,進學路614號,22.760292,120.264756,True,400,高雄,150,15.26,High Risk,最近AQI測站(高雄) AQI為150 > 100,2026-03-03 19:07:25
高雄市立彌陀國民中學（備用）,進學路136號,22.760359,120.262962,True,250,高雄,150,15.31,High Risk,最近AQI測站(高雄) AQI為150 > 100,2026-03-03 19:07:25
梓官區公所,梓官路258號,22.7607,120.2673,True,60,高雄,150,15.24,High Risk,最近AQI測站(高雄) AQI為150 > 100,2026-03-03 19:07:25
中華社區活動中心,華泰街231號,22.761527,121.158116,True,34,台東,25,0.65,Safe,AQI良好或為室內設施,2026-03-03 19:07:25
高雄市橋頭區橋頭國民小學,樹德路200號,22.761764,120.305864,True,1105,高雄,150,14.96,High Risk,最近AQI測站(高雄) AQI為150 > 100,2026-03-03 19:07:25
高雄市立梓官國民中學,中學路71號,22.762428,120.263476,True,400,高雄,150,15.52,High Risk,最近AQI測站(高雄) AQI為150 > 100,2026-03-03 19:07:25
新園社區活動中心,中興路6段708號,22.763938,121.052313,True,40,台東,25,10.32,Safe,AQI良好或為室內設施,2026-03-03 19:07:25
四維寶桑多功能活動中心,博愛路16號,22.764164,121.154697,True,17,台東,25,0.68,Safe,AQI良好或為室內設施,2026-03-03 19:07:25
東興村活動中心,東興村東園一街120號,22.765011,121.041149,True,70,台東,25,11.47,Safe,AQI良好或為室內設施,2026-03-03 19:07:25
臺東縣臺東市新園國小,新園路88號,22.765066,121.062352,True,75,台東,25,9.3,Safe,AQI良好或為室內設施,2026-03-03 19:07:25
塔樓國小,塔樓路21-3號,22.7655,120.4838,True,320,高雄,150,24.21,High Risk,最近AQI測站(高雄) AQI為150 > 100,2026-03-03 19:07:25
口社國小,信義巷65號,22.7666,120.6445,True,30,高雄,150,38.45,High Risk,最近AQI測站(高雄) AQI為150 > 100,2026-03-03 19:07:25
高雄市燕巢區橫山國民小學（備用）,橫山路24號,22.768542,120.379471,True,60,高雄,150,17.63,High Risk,最近AQI測站(高雄) AQI為150 > 100,2026-03-03 19:07:25
口社村辦公處含活動中心,信義巷1號,22.76925,120.647735,True,100,高雄,150,38.88,High Risk,最近AQI測站(高雄) AQI為150 > 100,2026-03-03 19:07:25
地磨兒國小德文分校,3鄰4號,22.770929,120.701867,True,30,高雄,150,44.08,High Risk,最近AQI測站(高雄) AQI為150 > 100,2026-03-03 19:07:25
財團法人臺東縣私立仁愛之家,臺東市豐年里17鄰中興路三段549號,22.771069,121.106473,True,20,台東,25,4.96,Safe,AQI良好或為室內設施,2026-03-03 19:07:25
德文村辦公處含活動中心,德文巷9號,22.771351,120.701874,True,40,高雄,150,44.09,High Risk,最近AQI測站(高雄) AQI為150 > 100,2026-03-03 19:07:25
行政院國軍退除役官兵輔導委員會馬蘭榮譽國民之家,更生路 1010 號,22.772402,121.132093,True,10,台東,25,2.64,Safe,AQI良好或為室內設施,2026-03-03 19:07:25
嶺口營區,旗南三路234號,22.7737,120.4417,True,700,高雄,150,21.73,High Risk,最近AQI測站(高雄) AQI為150 > 100,2026-03-03 19:07:25
玉田國小,八德路91號,22.7743,120.4912,True,1800,高雄,150,25.42,High Risk,最近AQI測站(高雄) AQI為150 > 100,2026-03-03 19:07:25
豐田里民眾活動中心,中興路4段735號,22.774331,121.086381,True,18,台東,25,7.04,Safe,AQI良好或為室內設施,2026-03-03 19:07:25
利嘉村活動中心,利嘉村17鄰利嘉路669號,22.77663,121.061011,True,30,台東,25,9.63,Safe,AQI良好或為室內設施,2026-03-03 19:07:25
南勝社區活動中心備用,龍文巷30號之3,22.7768,120.4488,True,30,高雄,150,22.47,High Risk,最近AQI測站(高雄) AQI為150 > 100,2026-03-03 19:07:25
高雄市燕巢區深水國民小學（備用）,深中路2號,22.777039,120.405278,True,60,高雄,150,19.77,High Risk,最近AQI測站(高雄) AQI為150 > 100,2026-03-03 19:07:25
里港鄉立圖書館,過江路43-1號,22.7802,120.494,True,200,高雄,150,26.06,High Risk,最近AQI測站(高雄) AQI為150 > 100,2026-03-03 19:07:25
載興國小,載興路1-3號,22.7806,120.5242,True,1000,高雄,150,28.51,High Risk,最近AQI測站(高雄) AQI為150 > 100,2026-03-03 19:07:25
里港國小,過江路41號,22.7807,120.4945,True,1500,高雄,150,26.14,High Risk,最近AQI測站(高雄) AQI為150 > 100,2026-03-03 19:07:25
高雄市政府社會局仁愛之家,深水路1號,22.781,120.4189,True,25,高雄,150,20.91,High Risk,最近AQI測站(高雄) AQI為150 > 100,2026-03-03 19:07:25
彌陀區公所,中華路4號,22.7817,120.2506,True,100,高雄,150,17.94,High Risk,最近AQI測站(高雄) AQI為150 > 100,2026-03-03 19:07:25
太平村活動中心,太平村和平路128巷8號,22.781975,121.088375,True,80,台東,25,7.11,Safe,AQI良好或為室內設施,2026-03-03 19:07:25
卑南里民眾活動中心,南清街23號,22.782039,121.122367,True,40,台東,25,4.09,Safe,AQI良好或為室內設施,2026-03-03 19:07:25
高雄市岡山區和平國民小學,和平路1號,22.782054,120.303827,True,567,高雄,150,17.21,High Risk,最近AQI測站(高雄) AQI為150 > 100,2026-03-03 19:07:25
彌仁社區活動中心（備用）,中華路1巷1弄12號,22.78219078,120.2499242,True,100,高雄,150,18.01,High Risk,最近AQI測站(高雄) AQI為150 > 100,2026-03-03 19:07:25
燕巢區民眾活動中心,中興路427號,22.782475,120.362246,True,120,高雄,150,18.35,High Risk,最近AQI測站(高雄) AQI為150 > 100,2026-03-03 19:07:25
富豐社區活動中心,吉林路一段279巷58號,22.782915,121.161997,True,34,台東,25,2.89,Safe,AQI良好或為室內設施,2026-03-03 19:07:25
高雄市彌陀區彌陀國民小學,中正路213號,22.783678,120.247781,True,300,高雄,150,18.24,High Risk,最近AQI測站(高雄) AQI為150 > 100,2026-03-03 19:07:25
高雄市岡山區兆湘國民小學,介壽60號,22.785034,120.28671,True,611,高雄,150,17.6,High Risk,最近AQI測站(高雄) AQI為150 > 100,2026-03-03 19:07:25
高雄市立燕巢國民中學（備用）,中興路267號,22.785833,120.362845,True,400,高雄,150,18.72,High Risk,最近AQI測站(高雄) AQI為150 > 100,2026-03-03 19:07:25
鹽埕過港社區康樂室（備用）,鹽港二路53之6號,22.78790506,120.2425845,True,50,高雄,150,18.85,High Risk,最近AQI測站(高雄) AQI為150 > 100,2026-03-03 19:07:25
屏東縣立泰山國民小學,產業路84號,22.788,120.6142,True,0,高雄,150,36.73,High Risk,最近AQI測站(高雄) AQI為150 > 100,2026-03-03 19:07:25
燕巢區公所禮堂,中安路1號,22.78808,120.362079,True,100,高雄,150,18.93,High Risk,最近AQI測站(高雄) AQI為150 > 100,2026-03-03 19:07:25
馬兒村辦公處含活動中心,馬兒巷2號,22.78859227,120.6334763,True,30,高雄,150,38.5,High Risk,最近AQI測站(高雄) AQI為150 > 100,2026-03-03 19:07:25
臺東棒球村第一棒球場,興安路1段150號,22.788893,121.128397,True,125,台東,25,4.22,Safe,AQI良好或為室內設施,2026-03-03 19:07:25
高雄市立前峰國民中學,樹人路1號,22.789449,120.28842,True,30,高雄,150,18.08,High Risk,最近AQI測站(高雄) AQI為150 > 100,2026-03-03 19:07:25
金陵營區,中西路1號,22.79,120.3598,True,500,高雄,150,19.06,High Risk,最近AQI測站(高雄) AQI為150 > 100,2026-03-03 19:07:25
太平國民小學,泰安村6號,22.790805,121.075772,True,50,台東,25,8.69,Safe,AQI良好或為室內設施,2026-03-03 19:07:25
安招國民小學備用,安招路170號,22.7909,120.3378,True,200,高雄,150,18.57,High Risk,最近AQI測站(高雄) AQI為150 > 100,2026-03-03 19:07:25
竹圍國小,大仁北路1號,22.7914,120.2937,True,200,高雄,150,18.26,High Risk,最近AQI測站(高雄) AQI為150 > 100,2026-03-03 19:07:25
高雄市岡山區岡山國民小學,柳橋東路36號,22.791424,120.293671,True,200,高雄,150,18.27,High Risk,最近AQI測站(高雄) AQI為150 > 100,2026-03-03 19:07:25
臺東市老人文康活動中心,吉林路二段699巷22號,22.792025,121.184558,True,28,台東,25,4.97,Safe,AQI良好或為室內設施,2026-03-03 19:07:25
高雄市岡山區後紅國民小學,岡燕路2巷88號,22.792904,120.30344,True,2172,高雄,150,18.42,High Risk,最近AQI測站(高雄) AQI為150 > 100,2026-03-03 19:07:25
高雄市岡山區前峰國民小學,育英路35號,22.793052,120.283164,True,200,高雄,150,18.53,High Risk,最近AQI測站(高雄) AQI為150 > 100,2026-03-03 19:07:25
泰安活動中心,泰安村5鄰泰安路101號,22.793873,121.067371,True,50,台東,25,9.61,Safe,AQI良好或為室內設施,2026-03-03 19:07:25
高雄市燕巢區燕巢國民小學（備用）,中華路177號,22.795258,120.36587,True,200,高雄,150,19.81,High Risk,最近AQI測站(高雄) AQI為150 > 100,2026-03-03 19:07:25
高雄市彌陀區壽齡國民小學（備用）,國校路1號,22.795345,120.234509,True,100,高雄,150,19.91,High Risk,最近AQI測站(高雄) AQI為150 > 100,2026-03-03 19:07:25
高雄市立岡山國民中學,岡燕路238號,22.796169,120.291956,True,500,高雄,150,18.8,High Risk,最近AQI測站(高雄) AQI為150 > 100,2026-03-03 19:07:25
安坡村辦公處含活動中心,高山巷2號,22.7982,120.6378,True,50,高雄,150,39.39,High Risk,最近AQI測站(高雄) AQI為150 > 100,2026-03-03 19:07:25
高雄市岡山區壽天國民小學,公園東路55號,22.798857,120.292481,True,150,高雄,150,19.1,High Risk,最近AQI測站(高雄) AQI為150 > 100,2026-03-03 19:07:25
岡山區老人活動中心,壽天路66號,22.7989,120.2925,True,150,高雄,150,19.1,High Risk,最近AQI測站(高雄) AQI為150 > 100,2026-03-03 19:07:25
公園西路14號公所廳舍,公園西路14號,22.799129,120.289345,False,150,高雄,150,19.15,High Risk,最近AQI測站(高雄) AQI為150 > 100,2026-03-03 19:07:25
岡山榮譽國民之家,成功路1 號,22.7993,120.3288,True,50,高雄,150,19.33,High Risk,最近AQI測站(高雄) AQI為150 > 100,2026-03-03 19:07:25
高雄市永安區維新國民小學,維新路光明9巷69之10號,22.80403364,120.2479631,True,50,高雄,150,20.4,High Risk,最近AQI測站(高雄) AQI為150 > 100,2026-03-03 19:07:25
高雄市燕巢區金山國民小學（備用）,番田路29號,22.811802,120.398079,True,50,高雄,150,22.79,High Risk,最近AQI測站(高雄) AQI為150 > 100,2026-03-03 19:07:25
富源村活動中心,富源村8鄰118號,22.812554,121.149689,True,30,台東,25,6.04,Safe,AQI良好或為室內設施,2026-03-03 19:07:25
高雄市立嘉興國民中學,信中街486號,22.816175,120.311911,True,619,高雄,150,21.03,High Risk,最近AQI測站(高雄) AQI為150 > 100,2026-03-03 19:07:25
青山國小,民族巷9號,22.817112,120.641368,True,20,高雄,150,40.76,High Risk,最近AQI測站(高雄) AQI為150 > 100,2026-03-03 19:07:25
中正堂,永安路43號,22.8183,120.2253,True,120,台南,41,20.19,Safe,AQI良好或為室內設施,2026-03-03 19:07:25
三和國小,土庫路111-3號,22.82,120.5064,True,300,高雄,150,30.02,High Risk,最近AQI測站(高雄) AQI為150 > 100,2026-03-03 19:07:25
三地門鄉青山村辦公處,民族巷5鄰21號,22.82065061,120.6406033,True,20,高雄,150,40.9,High Risk,最近AQI測站(高雄) AQI為150 > 100,2026-03-03 19:07:25
土庫社區活動中心,土庫路97-12號,22.8209,120.5068,True,300,高雄,150,30.12,High Risk,最近AQI測站(高雄) AQI為150 > 100,2026-03-03 19:07:25
高雄市永安區新港國民小學,新興路25號,22.82114749,120.2092311,True,50,台南,41,19.96,Safe,AQI良好或為室內設施,2026-03-03 19:07:25
富山村活動中心,富山村3鄰漁場路64號,22.821416,121.190095,True,30,台東,25,7.99,Safe,AQI良好或為室內設施,2026-03-03 19:07:25
富山國民小學,富山村3鄰漁場路66號,22.821416,121.190095,True,50,台東,25,7.99,Safe,AQI良好或為室內設施,2026-03-03 19:07:25
高雄市岡山區嘉興國民小學,嘉興路322號,22.821597,120.305292,True,1796,台南,41,21.39,Safe,AQI良好或為室內設施,2026-03-03 19:07:25
高雄市立永安國民中學,保興一路3號,22.823171,120.240646,True,120,台南,41,19.7,Safe,AQI良好或為室內設施,2026-03-03 19:07:25
高雄市路竹區北嶺國民小學,民治路85號,22.823505,120.269765,True,418,台南,41,20.1,Safe,AQI良好或為室內設施,2026-03-03 19:07:25
賓朗老人暨多功能活動中心,賓朗村18鄰賓朗路474巷3-1號,22.8239,121.090749,True,150,台東,25,9.68,Safe,AQI良好或為室內設施,2026-03-03 19:07:25
利吉村活動中心,利吉村3鄰52號,22.824082,121.134111,True,30,台東,25,7.56,Safe,AQI良好或為室內設施,2026-03-03 19:07:25
高雄市岡山區華崗社區活動中心,大埔二街170號,22.824142,120.322418,True,100,台南,41,21.86,Safe,AQI良好或為室內設施,2026-03-03 19:07:25
屏東縣立高樹國民小學,華光路32號,22.8262,120.5992,True,0,高雄,150,37.71,High Risk,最近AQI測站(高雄) AQI為150 > 100,2026-03-03 19:07:25
美農村活動中心,美農村8鄰東成36號,22.830504,121.093361,True,30,台東,25,10.08,Safe,AQI良好或為室內設施,2026-03-03 19:07:25
高雄市永安區鹽田社區活動中心,新興路99號,22.833587,120.208428,True,40,台南,41,18.59,Safe,AQI良好或為室內設施,2026-03-03 19:07:25
高雄市田寮區新興國民小學,大新路2號,22.835015,120.369769,True,50,台南,41,23.46,Safe,AQI良好或為室內設施,2026-03-03 19:07:25
大洲國中備用,新南巷5號,22.8354,120.4605,True,60,高雄,150,28.31,High Risk,最近AQI測站(高雄) AQI為150 > 100,2026-03-03 19:07:25
東成國民小學,美農村斑鳩92號,22.835594,121.082405,True,50,台東,25,11.22,Safe,AQI良好或為室內設施,2026-03-03 19:07:25
高雄市立路竹區三埤國民小學,民權路7號,22.8368,120.2801,True,360,台南,41,18.94,Safe,AQI良好或為室內設施,2026-03-03 19:07:25
青葉國小,光復巷1-2號,22.83769182,120.6391229,True,60,高雄,150,41.8,High Risk,最近AQI測站(高雄) AQI為150 > 100,2026-03-03 19:07:25
青葉村辦公處含活動中心,光復巷73-3號,22.838158,120.638444,True,60,高雄,150,41.77,High Risk,最近AQI測站(高雄) AQI為150 > 100,2026-03-03 19:07:25
高雄市旗山區溪洲國民小學（備用）,南二路126號,22.847646,120.465528,True,30,高雄,150,29.73,High Risk,最近AQI測站(高雄) AQI為150 > 100,2026-03-03 19:07:25
屏東縣立舊寮國民小學,長美路42號,22.8486,120.6101,True,150,高雄,150,40.1,High Risk,最近AQI測站(高雄) AQI為150 > 100,2026-03-03 19:07:25
合天大道院,?和巷10號,22.8489,120.4734,True,100,高雄,150,30.3,High Risk,最近AQI測站(高雄) AQI為150 > 100,2026-03-03 19:07:25
高雄市阿蓮區復安國民小學（備用）,復安167號,22.849101,120.324142,True,20,台南,41,19.5,Safe,AQI良好或為室內設施,2026-03-03 19:07:25
鯤洲社區多功能活動中心,鯤洲街35-1號,22.84953,120.476208,True,80,台南,41,30.52,Safe,AQI良好或為室內設施,2026-03-03 19:07:25
高雄市美濃區吉東國民小學,吉頂街19號,22.851314,120.540959,True,569,高雄,150,34.99,High Risk,最近AQI測站(高雄) AQI為150 > 100,2026-03-03 19:07:25
路竹老人活動中心,國昌路117號,22.8543,120.2546,True,200,台南,41,16.44,Safe,AQI良好或為室內設施,2026-03-03 19:07:25
高雄市立路竹高級中學,中華路292號,22.855385,120.25221,True,2144,台南,41,16.28,Safe,AQI良好或為室內設施,2026-03-03 19:07:25
上洲社區活動中心,後角街2之4號,22.8565,120.4735,True,50,台南,41,29.87,Safe,AQI良好或為室內設施,2026-03-03 19:07:25
廣福社區活動中心,旗屏二路16號,22.8575,120.5049,True,30,台南,41,32.58,Safe,AQI良好或為室內設施,2026-03-03 19:07:25
初鹿國民小學,初鹿村梅園路97號,22.860167,121.092081,True,50,台東,25,12.92,Safe,AQI良好或為室內設施,2026-03-03 19:07:25
初鹿村多功能暨老人活動中心,初鹿村忠孝路165號,22.860646,121.092522,True,110,台東,25,12.95,Safe,AQI良好或為室內設施,2026-03-03 19:07:25
高雄市路竹區蔡文國民小學,國昌路548號,22.861515,120.256002,True,1611,台南,41,15.67,Safe,AQI良好或為室內設施,2026-03-03 19:07:25
高雄市立路竹區竹滬國民小學,成功路2號,22.8625,120.2304,True,495,台南,41,15.28,Safe,AQI良好或為室內設施,2026-03-03 19:07:25
高雄市路竹區路竹國民小學,中山路712巷16號,22.862524,120.230427,True,1806,台南,41,15.28,Safe,AQI良好或為室內設施,2026-03-03 19:07:25
屏東縣立新豐國民小學,泰和路26號,22.8634,120.6343,True,0,高雄,150,43.07,High Risk,最近AQI測站(高雄) AQI為150 > 100,2026-03-03 19:07:25
龍山國小,龍山街62號,22.864611,120.555856,True,3091,台南,41,36.89,Safe,AQI良好或為室內設施,2026-03-03 19:07:25
高雄市路竹區大社國民小學,大社路243號,22.867067,120.265351,True,1134,台南,41,15.29,Safe,AQI良好或為室內設施,2026-03-03 19:07:25
高雄市立一甲國民中學學生,一甲路111號,22.868822,120.271882,True,300,台南,41,15.29,Safe,AQI良好或為室內設施,2026-03-03 19:07:25
高雄市立路竹區下坑國民小學備用,太平路384號,22.8691,120.2908,True,436,台南,41,15.95,Safe,AQI良好或為室內設施,2026-03-03 19:07:25
田寮區公所3樓大禮堂,崗安路71號,22.8699,120.3594,True,100,台南,41,19.83,Safe,AQI良好或為室內設施,2026-03-03 19:07:25
竹子門水利工作站,竹門25號,22.870284,120.588802,True,200,台南,41,39.76,Safe,AQI良好或為室內設施,2026-03-03 19:07:25
都蘭活動中心,39鄰372號,22.876498,121.227556,True,50,台東,25,15.21,Safe,AQI良好或為室內設施,2026-03-03 19:07:25
高雄市美濃區吉洋國民小學,忠孝路二段59號,22.876682,120.535858,True,533,台南,41,34.48,Safe,AQI良好或為室內設施,2026-03-03 19:07:25
高雄市田寮區崇德國民小學,崇德路101號,22.877635,120.379682,True,50,台南,41,20.73,Safe,AQI良好或為室內設施,2026-03-03 19:07:25
高雄市立龍肚國民中學,中華路68號,22.877733,120.571037,True,288,台南,41,37.77,Safe,AQI良好或為室內設施,2026-03-03 19:07:25
都蘭國小,431號,22.877955,121.226932,True,215,台東,25,15.32,Safe,AQI良好或為室內設施,2026-03-03 19:07:25
湖東社區活動中心,民生街252號,22.878344,120.246231,True,50,台南,41,13.66,Safe,AQI良好或為室內設施,2026-03-03 19:07:25
新寮社區活動中心,三民路14號,22.8806,120.6145,True,100,台南,41,41.85,Safe,AQI良好或為室內設施,2026-03-03 19:07:25
樹人醫護管理專科學校,環球路452號,22.8827,120.2611,True,120,台南,41,13.49,Safe,AQI良好或為室內設施,2026-03-03 19:07:25
高雄市美濃區福安國民小學,中正路二段358號,22.882868,120.533938,True,740,台南,41,34.03,Safe,AQI良好或為室內設施,2026-03-03 19:07:25
阿蓮區公所3樓會議室,民生路94號,22.8832,120.3275,True,80,台南,41,16.57,Safe,AQI良好或為室內設施,2026-03-03 19:07:25
高雄市阿蓮區阿蓮國民小學（備 用）,民族路163號,22.88323,120.329869,True,500,台南,41,16.72,Safe,AQI良好或為室內設施,2026-03-03 19:07:25
高雄市美濃區中壇國民小學,忠孝路一段19號,22.884022,120.53057,True,1247,台南,41,33.66,Safe,AQI良好或為室內設施,2026-03-03 19:07:25
靈山寺,德義街17-1號,22.8847,120.4784,True,100,台南,41,28.76,Safe,AQI良好或為室內設施,2026-03-03 19:07:25
高雄市立阿蓮國民中學（備用）,民生路178號,22.88532,120.326138,True,100,台南,41,16.3,Safe,AQI良好或為室內設施,2026-03-03 19:07:25
高雄市美濃區龍肚國民小學,龍東街43號,22.885381,120.579605,True,344,台南,41,38.3,Safe,AQI良好或為室內設施,2026-03-03 19:07:25
高雄市茂林區茂林國民小學,茂林巷8-3號,22.8865,120.6643,True,180,台南,41,46.53,Safe,AQI良好或為室內設施,2026-03-03 19:07:25
鳳山區農會茂林辦事處,茂林巷16號,22.8869,120.6633,True,220,台南,41,46.42,Safe,AQI良好或為室內設施,2026-03-03 19:07:25
茂林基督長老教會,茂林巷90-1號,22.8871,120.6661,True,50,台南,41,46.69,Safe,AQI良好或為室內設施,2026-03-03 19:07:25
高雄市湖內區大湖國民小學,民權路2號,22.887757,120.244517,True,180,台南,41,12.6,Safe,AQI良好或為室內設施,2026-03-03 19:07:25
高雄市其山區旗山國小（備用）,華中街44號,22.888297,120.480651,True,80,台南,41,28.79,Safe,AQI良好或為室內設施,2026-03-03 19:07:25
旗山區公所,延平一路499號,22.8886,120.4836,True,120,台南,41,29.05,Safe,AQI良好或為室內設施,2026-03-03 19:07:25
高雄市茄萣區成功國民小學,成功路1號,22.888687,120.186031,True,737,台南,41,13.06,Safe,AQI良好或為室內設施,2026-03-03 19:07:25
新威天台聖宮,三民路81號,22.8889,120.6166,True,1000,台南,41,41.77,Safe,AQI良好或為室內設施,2026-03-03 19:07:25
大津登山訓練中心,大津34號,22.889,120.6471,True,100,台南,41,44.76,Safe,AQI良好或為室內設施,2026-03-03 19:07:25
湄州里活動中心,文中路4號,22.8898,120.4811,True,50,台南,41,28.76,Safe,AQI良好或為室內設施,2026-03-03 19:07:25
茄萣老人活動中心,忠孝街29號,22.8911,120.186,True,120,台南,41,12.8,Safe,AQI良好或為室內設施,2026-03-03 19:07:25
竹峰里辦公處,義德街31巷1之1號,22.8912,120.4786,True,30,台南,41,28.47,Safe,AQI良好或為室內設施,2026-03-03 19:07:25
大津社區活動中心,大津49號,22.891873,120.647154,True,100,台南,41,44.68,Safe,AQI良好或為室內設施,2026-03-03 19:07:25
紅葉村活動中心,臺東縣延平鄉紅葉村1鄰16號,22.893619,121.063062,True,30,台東,25,17.63,Safe,AQI良好或為室內設施,2026-03-03 19:07:25
古亭社區活動中心,古亭路廟後巷2號,22.89410114,120.4023526,True,70,台南,41,21.47,Safe,AQI良好或為室內設施,2026-03-03 19:07:25
台灣基督長老教會海埔教會,和平路115號,22.8944,120.2234,True,100,台南,41,11.74,Safe,AQI良好或為室內設施,2026-03-03 19:07:25
美濃區老人文康活動中心,中正路2段351號,22.8946,120.5427,True,60,台南,41,34.39,Safe,AQI良好或為室內設施,2026-03-03 19:07:25
高雄市立美濃國民中學,中正路一段191號,22.894745,120.5435,True,9363,台南,41,34.46,Safe,AQI良好或為室內設施,2026-03-03 19:07:25
美濃區公所,美中路260號,22.8948,120.5418,True,20,台南,41,34.3,Safe,AQI良好或為室內設施,2026-03-03 19:07:25
高雄市阿蓮區中路國民小學（備用）,中路272號,22.89493,120.298575,True,300,台南,41,13.79,Safe,AQI良好或為室內設施,2026-03-03 19:07:25
興隆國小,155號,22.895301,121.24875,True,120,台東,25,18.13,Safe,AQI良好或為室內設施,2026-03-03 19:07:25
鸞山村活動中心,臺東縣延平鄉鸞山村1鄰16號,22.899002,121.151603,True,30,台東,25,15.65,Safe,AQI良好或為室內設施,2026-03-03 19:07:25
高雄市美濃區美濃國民小學,永安路190號,22.899581,120.543255,True,1448,台南,41,34.26,Safe,AQI良好或為室內設施,2026-03-03 19:07:25
高雄市六龜區新威國民小學,新威路212號,22.900102,120.627629,True,254,台南,41,42.51,Safe,AQI良好或為室內設施,2026-03-03 19:07:25
高雄市美濃區東門國民小學,民族路36巷2號,22.900489,120.553201,True,272,台南,41,35.19,Safe,AQI良好或為室內設施,2026-03-03 19:07:25
永和社區活動中心備用,旗文路125之5號,22.9006,120.4782,True,50,台南,41,28.0,Safe,AQI良好或為室內設施,2026-03-03 19:07:25
新威社區活動中心,新威128號,22.9025,120.6284,True,50,台南,41,42.51,Safe,AQI良好或為室內設施,2026-03-03 19:07:25
桃源村活動中心,臺東縣延平鄉桃源村4鄰78號,22.902922,121.084336,True,50,台東,25,17.55,Safe,AQI良好或為室內設施,2026-03-03 19:07:25
高雄市茄萣區茄萣國民小學,茄萣路二段307號,22.903281,120.181985,True,1144,台南,41,11.69,Safe,AQI良好或為室內設施,2026-03-03 19:07:25
臺南市關廟區崇和國小,南雄南路568號,22.904,120.3547,True,290,台南,41,16.88,Safe,AQI良好或為室內設施,2026-03-03 19:07:25
龍田社區活動中心,7鄰光榮路308號,22.9042,121.1206,True,20,台東,25,16.56,Safe,AQI良好或為室內設施,2026-03-03 19:07:25
龍田國小,光榮路236號,22.9042,121.1243,True,30,台東,25,16.48,Safe,AQI良好或為室內設施,2026-03-03 19:07:25
和平社區活動中心,3鄰和平路29-1號,22.9051,121.1192,True,40,台東,25,16.68,Safe,AQI良好或為室內設施,2026-03-03 19:07:25
茄萣區公所大禮堂,濱海路四段27號,22.9065,120.1825,True,120,台南,41,11.34,Safe,AQI良好或為室內設施,2026-03-03 19:07:25
高雄市立茄萣國民中學,濱海路4段29號,22.906889,120.181014,True,965,台南,41,11.36,Safe,AQI良好或為室內設施,2026-03-03 19:07:25
鹿野國中,1鄰光榮路38號,22.907,121.1352,True,100,台東,25,16.63,Safe,AQI良好或為室內設施,2026-03-03 19:07:25
財團法人一貫道興毅純陽聖道院,保生路392號,22.907202,120.21789,True,300,台南,41,10.35,Safe,AQI良好或為室內設施,2026-03-03 19:07:25
新興社區活動中心,新威299號,22.9076,120.6335,True,100,台南,41,42.88,Safe,AQI良好或為室內設施,2026-03-03 19:07:25
高雄市立湖內國民中學,中山路二段63號,22.907722,120.227397,True,100,台南,41,10.25,Safe,AQI良好或為室內設施,2026-03-03 19:07:25
中圳社區活動中心,福美路73巷8號,22.908018,120.547647,True,80,台南,41,34.39,Safe,AQI良好或為室內設施,2026-03-03 19:07:25
中正堂二樓,中正路二段79號,22.9091,120.2129,True,100,台南,41,10.2,Safe,AQI良好或為室內設施,2026-03-03 19:07:25
鹿野國小,中華路一段402號,22.9094,121.137,False,100,台東,25,16.88,Safe,AQI良好或為室內設施,2026-03-03 19:07:25
白雲社區活動中心,公園路81號,22.9096,120.1851,True,120,台南,41,10.91,Safe,AQI良好或為室內設施,2026-03-03 19:07:25
高雄市茂林區多納國民小學,多納巷1號,22.9101,120.7159,True,200,台東,25,47.85,Safe,AQI良好或為室內設施,2026-03-03 19:07:25
多納里社區活動中心,多納巷2號,22.9105,120.7167,True,150,台東,25,47.79,Safe,AQI良好或為室內設施,2026-03-03 19:07:25
萬山里避難屋,萬山段316地號萬山里預建地,22.911115,120.682514,True,120,台南,41,47.68,Safe,AQI良好或為室內設施,2026-03-03 19:07:25
高雄市茄萣區砂崙國民小學,文化路81號,22.91319,120.182354,True,589,台南,41,10.67,Safe,AQI良好或為室內設施,2026-03-03 19:07:25
臺南市歸仁區大潭國小,中正南路三段97號,22.9138,120.2718,True,700,台南,41,10.62,Safe,AQI良好或為室內設施,2026-03-03 19:07:25
鹿野鄉公所,中華路二段139號,22.9143,121.1362,True,50,台東,25,17.43,Safe,AQI良好或為室內設施,2026-03-03 19:07:25
廣林里社區活動中心,廣福街153號,22.916916,120.579295,True,150,台南,41,37.24,Safe,AQI良好或為室內設施,2026-03-03 19:07:25
臺南市關廟區文和國小,長文街37號,22.917,120.3428,True,400,台南,41,15.03,Safe,AQI良好或為室內設施,2026-03-03 19:07:25
內門紫竹寺香客大樓,中正路115巷18號,22.9172,120.4554,True,200,台南,41,25.14,Safe,AQI良好或為室內設施,2026-03-03 19:07:25
高雄市美濃區廣興國民小學,廣興街124號,22.917251,120.567922,True,1227,台南,41,36.11,Safe,AQI良好或為室內設施,2026-03-03 19:07:25
高雄市內門區觀亭國民小學,中正路203號,22.918343,120.453734,True,60,台南,41,24.93,Safe,AQI良好或為室內設施,2026-03-03 19:07:25
高雄市內門區西門國民小學,柿子園24號,22.918619,120.426716,True,70,台南,41,22.37,Safe,AQI良好或為室內設施,2026-03-03 19:07:25
高雄市立內門國民中學,中正路160巷30號,22.921882,120.453517,True,80,台南,41,24.77,Safe,AQI良好或為室內設施,2026-03-03 19:07:25
華山營區,華山路11號,22.9266,120.5039,True,100,台南,41,29.51,Safe,AQI良好或為室內設施,2026-03-03 19:07:25
臺南市龍崎區大坪里民活動中心,9鄰大坪37之2號,22.9268,120.3921,True,30,台南,41,18.77,Safe,AQI良好或為室內設施,2026-03-03 19:07:25
永康村鄉立幼兒園,臺東縣延平鄉永康村2鄰43號,22.927897,121.115208,True,50,台東,25,19.25,Safe,AQI良好或為室內設施,2026-03-03 19:07:25
隆昌村辦公處活動中心,18鄰230號,22.928015,121.269255,True,50,台東,25,22.33,Safe,AQI良好或為室內設施,2026-03-03 19:07:25
臺南市歸仁區沙崙國中,歸仁六路2號,22.9287,120.2816,True,1035,台南,41,9.7,Safe,AQI良好或為室內設施,2026-03-03 19:07:25
臺南市龍崎區牛埔里里民活動中心,2鄰牛埔21號,22.9313,120.4096,True,40,台南,41,20.2,Safe,AQI良好或為室內設施,2026-03-03 19:07:25
永安社區活動中心,3鄰永安路257巷5號,22.9316,121.1296,True,20,台東,25,19.42,Safe,AQI良好或為室內設施,2026-03-03 19:07:25
臺南市南區南寧中學,萬年路167號,22.9318,120.1834,True,1678,台南,41,8.78,Safe,AQI良好或為室內設施,2026-03-03 19:07:25
臺南市南區灣裡聯合里活動中心,灣裡路67號,22.9323,120.1808,True,1529,台南,41,8.88,Safe,AQI良好或為室內設施,2026-03-03 19:07:25
臺南市南區省躬國小,灣裡路70號,22.9325,120.1804,True,6528,台南,41,8.88,Safe,AQI良好或為室內設施,2026-03-03 19:07:25
永昌社區活動中心,3鄰永安路98號,22.9328,121.1308,True,30,台東,25,19.53,Safe,AQI良好或為室內設施,2026-03-03 19:07:25
中正社區活動中心,旗甲路三段177巷1號,22.9329,120.5022,True,30,台南,41,29.15,Safe,AQI良好或為室內設施,2026-03-03 19:07:25
永安國小,鹿寮路31號,22.9336,121.1283,True,20,台東,25,19.65,Safe,AQI良好或為室內設施,2026-03-03 19:07:25
臺南市關廟區深坑國小,南雄路一段487號,22.9371,120.3353,True,140,台南,41,13.11,Safe,AQI良好或為室內設施,2026-03-03 19:07:25
鹿野鄉立托兒所,瑞景路一段23巷9號,22.9403,121.1515,True,50,台東,25,20.24,Safe,AQI良好或為室內設施,2026-03-03 19:07:25
南海紫竹寺香客大樓,內埔82號,22.9417,120.4613,True,200,台南,41,24.85,Safe,AQI良好或為室內設施,2026-03-03 19:07:25
臺南市仁德區臺南都會公園管理中心,文華路二段62號,22.9437,120.2211,True,2060,台南,41,6.28,Safe,AQI良好或為室內設施,2026-03-03 19:07:25
臺南市仁德區後壁里老人文康活動中心,德南路68號,22.9475,120.2532,True,1460,台南,41,6.42,Safe,AQI良好或為室內設施,2026-03-03 19:07:25
月美社區活動中心,桐竹路241號,22.948034,120.528674,True,20,台南,41,31.43,Safe,AQI良好或為室內設施,2026-03-03 19:07:25
臺南市龍崎區龍船里里民活動中心,2鄰苦苓湖10號,22.952,120.4213,True,50,台南,41,20.6,Safe,AQI良好或為室內設施,2026-03-03 19:07:25
瑞源社區活動中心,10鄰佑民路7號,22.955,121.1562,True,30,台東,25,21.87,Safe,AQI良好或為室內設施,2026-03-03 19:07:25
瑞隆社區活動中心,10鄰佑民路7號,22.955,121.1562,True,30,台東,25,21.87,Safe,AQI良好或為室內設施,2026-03-03 19:07:25
永富社區活動中心景義國小,萊坑8號,22.956,120.4942,True,120,台南,41,27.8,Safe,AQI良好或為室內設施,2026-03-03 19:07:25
高雄市內門區內門國民小學,內埔24號,22.956009,120.470326,True,100,台南,41,25.39,Safe,AQI良好或為室內設施,2026-03-03 19:07:25
瑞源國小,文化路67號,22.9578,121.1554,True,10,台東,25,22.18,Safe,AQI良好或為室內設施,2026-03-03 19:07:25
高雄市杉林區月美國民小學,清水路象寮巷39號,22.958186,120.535203,True,595,台南,41,31.9,Safe,AQI良好或為室內設施,2026-03-03 19:07:25
臺南市關廟區五甲國小,和平路246號,22.9583,120.3343,True,800,台南,41,11.93,Safe,AQI良好或為室內設施,2026-03-03 19:07:25
臺南市關廟社區活動中心,文化街85號,22.9589,120.3242,True,180,台南,41,10.95,Safe,AQI良好或為室內設施,2026-03-03 19:07:25
大林社區活動中心備用,自強巷17號,22.9591,120.5147,True,30,台南,41,29.81,Safe,AQI良好或為室內設施,2026-03-03 19:07:25
臺南市關廟區關廟國中,中山路二段172號,22.9608,120.3247,True,0,台南,41,10.92,Safe,AQI良好或為室內設施,2026-03-03 19:07:25
臺南市南區區公所,明興路2號,22.9609,120.1884,True,983,台南,41,5.86,Safe,AQI良好或為室內設施,2026-03-03 19:07:25
臺南市南區龍崗國小,鯤鯓路147號,22.9614,120.1696,False,667,台南,41,7.26,Safe,AQI良好或為室內設施,2026-03-03 19:07:25
臺南市東區大智里活動中心,德東街90號,22.9615,120.2303,True,650,台南,41,4.28,Safe,AQI良好或為室內設施,2026-03-03 19:07:25
臺南市歸仁區紅瓦厝國小,信義南路100號,22.9617,120.2987,True,800,台南,41,8.49,Safe,AQI良好或為室內設施,2026-03-03 19:07:25
尚德國小村辦公室,前寮43號,22.9627,121.2407,True,260,台東,25,24.45,Safe,AQI良好或為室內設施,2026-03-03 19:07:25
臺南市南區永華國小,中華西路一段2巷17號,22.9631,120.1886,True,4154,台南,41,5.67,Safe,AQI良好或為室內設施,2026-03-03 19:07:25
臺南市關廟區關廟國小,文衡路121號,22.9637,120.3261,True,1150,台南,41,10.92,Safe,AQI良好或為室內設施,2026-03-03 19:07:25
高雄市杉林區大愛民族國民小學,和氣街15號,22.963823,120.538829,True,200,台南,41,32.18,Safe,AQI良好或為室內設施,2026-03-03 19:07:25
臺南市歸仁區歸南國小,民權南路171號,22.9642,120.2883,True,710,台南,41,7.43,Safe,AQI良好或為室內設施,2026-03-03 19:07:25
臺南市龍崎區民活動中心,新市子38號,22.9642,120.3595,True,140,台南,41,14.14,Safe,AQI良好或為室內設施,2026-03-03 19:07:25
臺南市立龍崎國民小學,新市子41號,22.964425,120.35906,False,200,台南,41,14.09,Safe,AQI良好或為室內設施,2026-03-03 19:07:25
臺南市南區明興社區活動中心,德興路88號,22.9651,120.1923,True,556,台南,41,5.25,Safe,AQI良好或為室內設施,2026-03-03 19:07:25
臺南市龍崎區老人文康活中心,新市子201號,22.9651,120.3603,True,65,台南,41,14.19,Safe,AQI良好或為室內設施,2026-03-03 19:07:25
大愛活動中心,大愛路47號,22.966082,120.545574,True,100,台南,41,32.84,Safe,AQI良好或為室內設施,2026-03-03 19:07:25
月眉社區活動中心,清水路朝雲巷10號,22.96649744,120.5354386,True,20,台南,41,31.8,Safe,AQI良好或為室內設施,2026-03-03 19:07:25
臺南市歸仁區公所,中山路二段2號,22.9669,120.294,True,200,台南,41,7.79,Safe,AQI良好或為室內設施,2026-03-03 19:07:25
臺南市南區開南里活動中心,新建路48號,22.967,120.1856,True,428,台南,41,5.59,Safe,AQI良好或為室內設施,2026-03-03 19:07:25
臺南市仁德區仁義里運動公園育樂中心,仁義路130號,22.9675,120.2585,True,3260,台南,41,4.84,Safe,AQI良好或為室內設施,2026-03-03 19:07:25
上平社區活動中心,山仙路152巷14號,22.96796903,120.557561,True,20,台南,41,34.03,Safe,AQI良好或為室內設施,2026-03-03 19:07:25
臺南市龍崎區龍崎國民中學,新市子258號,22.9683,120.3608,True,80,台南,41,14.15,Safe,AQI良好或為室內設施,2026-03-03 19:07:25
高雄市立杉林國民中學,清水路中學巷6號,22.968577,120.540834,True,375,台南,41,32.32,Safe,AQI良好或為室內設施,2026-03-03 19:07:25
東河鄉公所2樓大會議室,11鄰南東河311號,22.969096,121.302729,True,50,台東,25,28.02,Safe,AQI良好或為室內設施,2026-03-03 19:07:25
臺南市歸仁區歸仁國中,文化街二段2號,22.9696,120.2939,True,1130,台南,41,7.64,Safe,AQI良好或為室內設施,2026-03-03 19:07:25
臺南市南區白雪社區活動中心,鹽埕路157號,22.9697,120.1888,True,406,台南,41,5.15,Safe,AQI良好或為室內設施,2026-03-03 19:07:25
臺南市歸仁區歸仁國小,文化街一段100號,22.9698,120.2966,True,865,台南,41,7.88,Safe,AQI良好或為室內設施,2026-03-03 19:07:25
武陵村活動中心,臺東縣延平鄉武陵村1鄰15號,22.969833,121.117842,True,30,台東,25,23.79,Safe,AQI良好或為室內設施,2026-03-03 19:07:25
臺南市歸仁區文化國小,文化街二段136號,22.9708,120.2891,True,860,台南,41,7.14,Safe,AQI良好或為室內設施,2026-03-03 19:07:25
臺南市歸仁區歸仁里活動中心,忠孝北路221號,22.9708,120.2984,True,200,台南,41,8.0,Safe,AQI良好或為室內設施,2026-03-03 19:07:25
臺南市南區大忠大林社區活動中心,大同路二段482巷133弄15號,22.9726,120.2125,True,316,台南,41,3.37,Safe,AQI良好或為室內設施,2026-03-03 19:07:25
臺南市仁德區公所,中正路三段5號,22.973,120.2517,True,570,台南,41,3.92,Safe,AQI良好或為室內設施,2026-03-03 19:07:25
瑞源國中,瑞景路三段1號,22.9742,121.1567,True,40,台東,25,24.01,Safe,AQI良好或為室內設施,2026-03-03 19:07:25
臺南市南區府南里活動中心,永成路三段529號,22.9744,120.1953,True,531,台南,41,4.3,Safe,AQI良好或為室內設施,2026-03-03 19:07:25
高雄市內門區木柵國民小學,木柵3號,22.975346,120.467861,True,300,台南,41,24.82,Safe,AQI良好或為室內設施,2026-03-03 19:07:25
臺南市東區崇德里活動中心,崇德七街30巷2號,22.9757,120.2281,True,800,台南,41,2.69,Safe,AQI良好或為室內設施,2026-03-03 19:07:25
臺南市南區田寮社區活動中心,夏林路379號,22.9765,120.1955,True,592,台南,41,4.14,Safe,AQI良好或為室內設施,2026-03-03 19:07:25
高雄市杉林區上平國民小學,山仙路212號,22.976853,120.544072,True,327,台南,41,32.57,Safe,AQI良好或為室內設施,2026-03-03 19:07:25
臺南市東區和平里活動中心,文化路100號,22.977,120.2326,True,1450,台南,41,2.61,Safe,AQI良好或為室內設施,2026-03-03 19:07:25
臺南市南區國宅社區活動中心,金華路二段33巷81號,22.9771,120.1879,True,602,台南,41,4.73,Safe,AQI良好或為室內設施,2026-03-03 19:07:25
臺南市關廟區新光國小,新光街76號,22.9772,120.3595,True,145,台南,41,13.81,Safe,AQI良好或為室內設施,2026-03-03 19:07:25
臺南市安平區漁光里活動中心,漁光路89巷39號之2,22.977225,120.159968,True,217,台南,41,7.3,Safe,AQI良好或為室內設施,2026-03-03 19:07:25
日光小林社區活動中心,日光三街25號,22.977268,120.556689,True,200,台南,41,33.85,Safe,AQI良好或為室內設施,2026-03-03 19:07:25
永吉社區活動中心,新生5號,22.9774,120.498,True,50,台南,41,27.86,Safe,AQI良好或為室內設施,2026-03-03 19:07:25
臺南市南區新興國中,新孝路87號,22.9778,120.1876,True,5448,台南,41,4.71,Safe,AQI良好或為室內設施,2026-03-03 19:07:25
木柵社區活動中心,木柵30-1號,22.978,120.4677,True,50,台南,41,24.77,Safe,AQI良好或為室內設施,2026-03-03 19:07:25
臺南市南區體育公園,體育路10號,22.9785,120.2068,False,11891,台南,41,3.15,Safe,AQI良好或為室內設施,2026-03-03 19:07:25
新豐社區活動中心,4鄰新和路五段281巷1號,22.9789,121.1315,True,30,台東,25,24.63,Safe,AQI良好或為室內設施,2026-03-03 19:07:25
瑞豐國小,中山路67號,22.9791,121.1369,True,60,台東,25,24.61,Safe,AQI良好或為室內設施,2026-03-03 19:07:25
臺南市南區大成國中,西門路一段306號,22.9796,120.198,True,4741,台南,41,3.72,Safe,AQI良好或為室內設施,2026-03-03 19:07:25
臺南市東區崇學國民小學操場,崇學路98號,22.9796,120.2234,False,1000,台南,41,2.29,Safe,AQI良好或為室內設施,2026-03-03 19:07:25
臺南市東區復興里活動中心,裕忠路456號,22.9803,120.2416,True,230,台南,41,2.65,Safe,AQI良好或為室內設施,2026-03-03 19:07:25
臺南市東區區公所,臺南市崇學路100號,22.980519,120.224015,True,70,台南,41,2.18,Safe,AQI良好或為室內設施,2026-03-03 19:07:25
臺南市東區德光里活動中心,崇德路111號,22.9806,120.2188,True,1400,台南,41,2.3,Safe,AQI良好或為室內設施,2026-03-03 19:07:25
臺南市南區台南高商,健康路一段327號,22.9811,120.202,True,5532,台南,41,3.3,Safe,AQI良好或為室內設施,2026-03-03 19:07:25
臺南市東區虎尾里活動中心,富農街一段188巷10弄7號,22.9815,120.2353,True,400,台南,41,2.22,Safe,AQI良好或為室內設施,2026-03-03 19:07:25
臺南市東區裕聖里活動中心,裕文路286號,22.9817,120.2464,True,250,台南,41,2.84,Safe,AQI良好或為室內設施,2026-03-03 19:07:25
臺南市仁德區太子里活動中心,土庫路2號,22.9823,120.255,True,480,台南,41,3.48,Safe,AQI良好或為室內設施,2026-03-03 19:07:25
臺南市東區裕文國民小學,裕文路301號,22.982499,120.245741,True,1700,台南,41,2.73,Safe,AQI良好或為室內設施,2026-03-03 19:07:25
臺南市東區復興國民小學風雨球場,裕文路60號,22.9826,120.2387,True,1000,台南,41,2.27,Safe,AQI良好或為室內設施,2026-03-03 19:07:25
臺南市中西區五妃社區活動中心,南門路237巷10號,22.983,120.2049,True,100,台南,41,2.93,Safe,AQI良好或為室內設施,2026-03-03 19:07:25
臺南市東區龍山社區活動中心,林森路一段311號,22.9836,120.2193,True,750,台南,41,1.97,Safe,AQI良好或為室內設施,2026-03-03 19:07:25
臺南市東區自強里活動中心,富農街一段225號,22.984,120.2352,True,200,台南,41,1.96,Safe,AQI良好或為室內設施,2026-03-03 19:07:25
臺南市中西區仙草里活動中心,府緯街4巷6號,22.9844,120.1995,True,200,台南,41,3.29,Safe,AQI良好或為室內設施,2026-03-03 19:07:25
臺南市東區富裕里活動中心,東門路二段365巷35號,22.9847,120.2276,True,400,台南,41,1.69,Safe,AQI良好或為室內設施,2026-03-03 19:07:25
臺南市中西區中山國中,南寧街45號,22.9848,120.2033,True,1300,台南,41,2.94,Safe,AQI良好或為室內設施,2026-03-03 19:07:25
臺南市東區富強里活動中心,裕農路446巷88號,22.986,120.2317,True,450,台南,41,1.62,Safe,AQI良好或為室內設施,2026-03-03 19:07:25
臺南市安平區億載里活動中心,光州一街29號,22.986221,120.161834,True,262,台南,41,6.83,Safe,AQI良好或為室內設施,2026-03-03 19:07:25
臺南市東區關聖社區活動中心,裕孝路118號,22.9865,120.2434,True,1000,台南,41,2.25,Safe,AQI良好或為室內設施,2026-03-03 19:07:25
臺南市安平區文平里活動中心,中華西路二段1巷1號,22.986772,120.185499,True,151,台南,41,4.48,Safe,AQI良好或為室內設施,2026-03-03 19:07:25
臺南市安平區育平里活動中心,府平路376號,22.987404,120.167087,True,273,台南,41,6.28,Safe,AQI良好或為室內設施,2026-03-03 19:07:25
臺南市東區衛國里活動中心,衛國街114巷28號,22.9879,120.2254,True,400,台南,41,1.34,Safe,AQI良好或為室內設施,2026-03-03 19:07:25
新和社區舊圖書室,司馬路52號,22.98792,120.563198,True,30,台南,41,34.45,Safe,AQI良好或為室內設施,2026-03-03 19:07:25
瑞豐社區活動中心,10鄰景新路60巷2號,22.988,121.1398,True,30,台東,25,25.58,Safe,AQI良好或為室內設施,2026-03-03 19:07:25
高雄市杉林區新庄國民小學,司馬路45巷5號,22.989102,120.559681,True,260,台南,41,34.08,Safe,AQI良好或為室內設施,2026-03-03 19:07:25
臺南市中西區郡西里活動中心,郡西路35號2樓,22.989445,120.194075,True,320,台南,41,3.56,Safe,AQI良好或為室內設施,2026-03-03 19:07:25
臺南市安平區國平里活動中心,建平七街409號,22.98948,120.176458,True,102,台南,41,5.29,Safe,AQI良好或為室內設施,2026-03-03 19:07:25
臺南市東區後甲南聖里聯合社區活動中心,裕農路878號,22.9895,120.2427,True,650,台南,41,1.99,Safe,AQI良好或為室內設施,2026-03-03 19:07:25
臺南市中西區忠義國小,忠義路二段2號,22.989572,120.20315,True,1300,台南,41,2.69,Safe,AQI良好或為室內設施,2026-03-03 19:07:25
臺南市東區崇誨里活動中心,林森路二段192巷15號,22.9898,120.2247,True,200,台南,41,1.15,Safe,AQI良好或為室內設施,2026-03-03 19:07:25
臺南市安平區億載國小-操場,郡平路310號,22.990008,120.163155,False,1458,台南,41,6.62,Safe,AQI良好或為室內設施,2026-03-03 19:07:25
臺南市中西區永福小西三民里活動中心,府前路一段258號,22.9901,120.2008,True,240,台南,41,2.89,Safe,AQI良好或為室內設施,2026-03-03 19:07:25
臺南市中西區萬昌公正里活動中心,青年路226巷20號,22.991183,120.21101,True,200,台南,41,1.89,Safe,AQI良好或為室內設施,2026-03-03 19:07:25
臺南市中西區中頭社區活動中心,保安路201之1號1樓,22.9912,120.1913,True,100,台南,41,3.77,Safe,AQI良好或為室內設施,2026-03-03 19:07:25
臺南市中西區民生社區活動中心,保安路201之1號2樓,22.9912,120.1913,True,150,台南,41,3.77,Safe,AQI良好或為室內設施,2026-03-03 19:07:25
臺南市歸仁區保西國小,中正北路三段60號,22.9919,120.2936,True,730,台南,41,6.89,Safe,AQI良好或為室內設施,2026-03-03 19:07:25
東寧運動公園,東寧路與林森路二段路口,22.992061,120.224271,False,7700,台南,41,0.91,Safe,AQI良好或為室內設施,2026-03-03 19:07:25
臺南市東區大學東寧聯合社區活動中心,林森路二段252號,22.9921,120.2243,True,900,台南,41,0.91,Safe,AQI良好或為室內設施,2026-03-03 19:07:25
臺南市中西區青年銀同里活動中心,開山路1號,22.9922,120.2057,True,100,台南,41,2.33,Safe,AQI良好或為室內設施,2026-03-03 19:07:25
臺南市中西區建國里活動中心,永福路二段81巷1號,22.9928,120.2006,True,500,台南,41,2.81,Safe,AQI良好或為室內設施,2026-03-03 19:07:25
高雄市立六龜高級中學,光復路212號,22.99318,120.635085,True,1625,台南,41,41.79,Safe,AQI良好或為室內設施,2026-03-03 19:07:25
高雄市內門區溝坪國民小學,廣福47號,22.993331,120.501231,True,200,台南,41,28.09,Safe,AQI良好或為室內設施,2026-03-03 19:07:25
臺南市關廟區保東國小,關新路一段776號,22.9934,120.3175,True,30,台南,41,9.3,Safe,AQI良好或為室內設施,2026-03-03 19:07:25
臺南市中西區大涼社區活動中心,府前路二段258巷55號,22.9936,120.1908,True,130,台南,41,3.76,Safe,AQI良好或為室內設施,2026-03-03 19:07:25
高雄市六龜區龍興國民小學,中庄193號,22.993875,120.644983,True,60,台南,41,42.8,Safe,AQI良好或為室內設施,2026-03-03 19:07:25
臺南市安平區安平國小-風雨球場,怡平路392號,22.993942,120.176439,True,510,台南,41,5.21,Safe,AQI良好或為室內設施,2026-03-03 19:07:25
小馬活動中心 Siao-Ma Community Center,"小馬路44號No.44, Siaoma Rd., Chenggong Township, Taitung County 961, Taiwan R.O.C.",22.99397,121.314613,True,20,台東,25,31.01,Safe,AQI良好或為室內設施,2026-03-03 19:07:25
臺南市中西區中正里活動中心,國華街三段5號2樓、3樓,22.9945,120.1972,True,200,台南,41,3.1,Safe,AQI良好或為室內設施,2026-03-03 19:07:25
臺南市安平區公所,育平路316號,22.994806,120.168802,True,198,台南,41,5.97,Safe,AQI良好或為室內設施,2026-03-03 19:07:25
臺南市安平區台南聖教會,府前四街90號,22.995143,120.185097,True,66,台南,41,4.31,Safe,AQI良好或為室內設施,2026-03-03 19:07:25
臺南市安平區建平里活動中心,府前三街27號,22.99525,120.185584,True,152,台南,41,4.26,Safe,AQI良好或為室內設施,2026-03-03 19:07:25
臺南市安平區華平里活動中心,育平九街195號,22.995282,120.171965,True,235,台南,41,5.65,Safe,AQI良好或為室內設施,2026-03-03 19:07:25
六龜綜合社會福利服務中心,光復路102號,22.9955,120.6349,True,120,台南,41,41.76,Safe,AQI良好或為室內設施,2026-03-03 19:07:25
白水泉社區活動中心,茄苳巷26號,22.9967,120.5784,True,50,台南,41,35.98,Safe,AQI良好或為室內設施,2026-03-03 19:07:25
臺南市安平區沙灘忠誠社區聯合活動中心,世平路69號,22.997064,120.148967,True,376,台南,41,7.98,Safe,AQI良好或為室內設施,2026-03-03 19:07:25
臺南市中西區民權里活動中心,民權路三段135號,22.9971,120.1962,True,75,台南,41,3.16,Safe,AQI良好或為室內設施,2026-03-03 19:07:25
臺南市安平區平通里活動中心,平通路580巷102號,22.99731,120.170604,True,92,台南,41,5.77,Safe,AQI良好或為室內設施,2026-03-03 19:07:25
臺南市安平區安平國中-安平館,慶平路687號,22.997889,120.168263,True,308,台南,41,6.01,Safe,AQI良好或為室內設施,2026-03-03 19:07:25
泰源活動中心村辦公處,8鄰225號,22.997948,121.286015,True,80,台東,25,29.94,Safe,AQI良好或為室內設施,2026-03-03 19:07:25
臺南市中西區天后里活動中心,新美街167號,22.998046,120.201382,True,80,台南,41,2.62,Safe,AQI良好或為室內設施,2026-03-03 19:07:25
高雄市杉林區杉林國民小學,合森巷41號,22.998095,120.548069,True,480,台南,41,32.87,Safe,AQI良好或為室內設施,2026-03-03 19:07:25
臺南市中西區龍盛社區活動中心,民權路三段232號,22.9982,120.1938,True,350,台南,41,3.39,Safe,AQI良好或為室內設施,2026-03-03 19:07:25
臺南市安平區天橋教會,怡平路140巷29號,22.99822,120.16822,True,99,台南,41,6.01,Safe,AQI良好或為室內設施,2026-03-03 19:07:25
泰源國小,本部落11鄰297號,22.998414,121.285041,True,310,台東,25,29.94,Safe,AQI良好或為室內設施,2026-03-03 19:07:25
臺南市中西區協進國小,金華路四段17號,22.9987,120.1875,True,900,台南,41,4.04,Safe,AQI良好或為室內設施,2026-03-03 19:07:25
臺南市永康區復興里活動中心,復興路356巷13號,22.9988,120.2415,True,44,台南,41,1.5,Safe,AQI良好或為室內設施,2026-03-03 19:07:25
臺南市中西區成功國小,成功路 235 號,22.998887,120.20317,True,1200,台南,41,2.43,Safe,AQI良好或為室內設施,2026-03-03 19:07:25
六龜社區活動中心,華北街60-1號,22.9991,120.6301,True,100,台南,41,41.27,Safe,AQI良好或為室內設施,2026-03-03 19:07:25
新和社區活動中心,司馬路384巷5號,22.999381,120.574128,True,30,台南,41,35.54,Safe,AQI良好或為室內設施,2026-03-03 19:07:25
臺南市安平區平安里活動中心,民權路四段325號,22.999443,120.17692,True,237,台南,41,5.12,Safe,AQI良好或為室內設施,2026-03-03 19:07:25
原加拿托兒所,1鄰加南1號,22.999481,121.130244,True,50,台東,25,26.92,Safe,AQI良好或為室內設施,2026-03-03 19:07:25
臺南市北區區公所,成功路238巷7號,22.9997,120.2029,True,50,台南,41,2.46,Safe,AQI良好或為室內設施,2026-03-03 19:07:25
臺南市安平區石門國小-操場,安平路700號,22.999878,120.166309,False,1001,台南,41,6.2,Safe,AQI良好或為室內設施,2026-03-03 19:07:25
臺南市北區東興社區活動中心,小東路401巷51號之1,22.99999,120.232393,True,45,台南,41,0.56,Safe,AQI良好或為室內設施,2026-03-03 19:07:25
寶山國小,彰南路二段36號,23.0,120.0,True,100,台南,41,23.22,Safe,AQI良好或為室內設施,2026-03-03 19:07:25
同安國小,大彰路二段100巷36號,23.0,120.0,True,100,台南,41,23.22,Safe,AQI良好或為室內設施,2026-03-03 19:07:25
臺南市北區公園里活動中心,公園南路39號,23.0002,120.2116,True,45,台南,41,1.57,Safe,AQI良好或為室內設施,2026-03-03 19:07:25
臺南市龍崎區石[石曹]里里民活動中心,4鄰刺子崙13之3號,23.0002,120.3974,True,30,台南,41,17.45,Safe,AQI良好或為室內設施,2026-03-03 19:07:25
臺南市北區公園國小,公園路180號,23.0003,120.2091,True,1400,台南,41,1.82,Safe,AQI良好或為室內設施,2026-03-03 19:07:25
臺南市安平區觀音亭,觀音街33號,23.000378,120.162984,True,63,台南,41,6.54,Safe,AQI良好或為室內設施,2026-03-03 19:07:25
杉林社區活動中心,合森巷109號,23.00041918,120.552286,True,30,台南,41,33.31,Safe,AQI良好或為室內設施,2026-03-03 19:07:25
中興社區活動中心,中庄194號,23.0008,120.6448,True,100,台南,41,42.77,Safe,AQI良好或為室內設施,2026-03-03 19:07:25
臺南市安平區開台天后宮,國勝路33號,23.000908,120.160689,True,198,台南,41,6.78,Safe,AQI良好或為室內設施,2026-03-03 19:07:25
臺南市北區立人國小,西門路三段41號,23.0014,120.2021,True,1400,台南,41,2.54,Safe,AQI良好或為室內設施,2026-03-03 19:07:25
臺南市永康區中華里活動中心,忠勇街51號,23.0015,120.2381,True,325,台南,41,1.16,Safe,AQI良好或為室內設施,2026-03-03 19:07:25
臺南市中西區西湖社區活動中心,湖美街60巷31號,23.0016,120.1808,True,260,台南,41,4.72,Safe,AQI良好或為室內設施,2026-03-03 19:07:25
臺南市永康區勝利里活動中心,勝利街37巷39號,23.0021,120.2294,True,172,台南,41,0.35,Safe,AQI良好或為室內設施,2026-03-03 19:07:25
臺南市北區安民社區活動中心,海安路三段59號,23.0022,120.1992,True,80,台南,41,2.85,Safe,AQI良好或為室內設施,2026-03-03 19:07:25
臺南市安平區西門國小-多功能教室及普通教室,安北路180號,23.002924,120.159508,True,694,台南,41,6.91,Safe,AQI良好或為室內設施,2026-03-03 19:07:25
臺南市永康區永康公園,興國街100號,23.003,120.2427,False,15500,台南,41,1.65,Safe,AQI良好或為室內設施,2026-03-03 19:07:25
臺南市中西區光賢里活動中心,和善街98巷7號,23.003161,120.189831,True,120,台南,41,3.81,Safe,AQI良好或為室內設施,2026-03-03 19:07:25
臺南市北區裕民社區活動中心,臨安路二段93號,23.0032,120.1973,True,80,台南,41,3.05,Safe,AQI良好或為室內設施,2026-03-03 19:07:25
金竹社區活動中心,吉民53號,23.0033,120.5074,True,120,台南,41,28.71,Safe,AQI良好或為室內設施,2026-03-03 19:07:25
臺南市北區重興社區活動中心,東豐路451巷169號,23.0036,120.2266,True,74,台南,41,0.41,Safe,AQI良好或為室內設施,2026-03-03 19:07:25
臺南市北區和順里活動中心,公園南路406號,23.0037,120.2012,True,300,台南,41,2.66,Safe,AQI良好或為室內設施,2026-03-03 19:07:25
臺南市安平區海頭社區活動中心,古堡街90巷33號,23.004411,120.160277,True,99,台南,41,6.84,Safe,AQI良好或為室內設施,2026-03-03 19:07:25
臺南市永康區崑山里活動中心,崑山街222巷11號,23.0048,120.2602,True,187,台南,41,3.45,Safe,AQI良好或為室內設施,2026-03-03 19:07:25
臺南市永康區東灣里活動中心,民族路291號,23.0051,120.2694,True,142,台南,41,4.39,Safe,AQI良好或為室內設施,2026-03-03 19:07:25
興龍社區活動中心,土龍74號,23.0051,120.6482,True,50,台南,41,43.13,Safe,AQI良好或為室內設施,2026-03-03 19:07:25
臺南市北區民德國中,西門路三段223號,23.0054,120.2052,True,700,台南,41,2.3,Safe,AQI良好或為室內設施,2026-03-03 19:07:25
臺南市北區文賢國中,文賢一路2號,23.0057,120.1962,True,3100,台南,41,3.21,Safe,AQI良好或為室內設施,2026-03-03 19:07:25
臺南市永康區復國里活動中心,復國二路46號,23.006,120.2474,True,447,台南,41,2.21,Safe,AQI良好或為室內設施,2026-03-03 19:07:25
關山鎮電光國民小學,中興93號,23.0061,121.1737,True,200,台東,25,27.64,Safe,AQI良好或為室內設施,2026-03-03 19:07:25
臺南市永康區中興里活動中心,中興街40號,23.0063,120.2402,True,96,台南,41,1.54,Safe,AQI良好或為室內設施,2026-03-03 19:07:25
臺南市左鎮區岡林國小,31號,23.0074,120.4153,True,150,台南,41,19.3,Safe,AQI良好或為室內設施,2026-03-03 19:07:25
臺南市北區賢北國小,大興街599號,23.0076,120.1792,True,1320,台南,41,4.96,Safe,AQI良好或為室內設施,2026-03-03 19:07:25
臺南市北區國姓社區活動中心,公園路433巷15號1樓,23.0078,120.209,True,30,台南,41,2.03,Safe,AQI良好或為室內設施,2026-03-03 19:07:25
臺南市北區賢北里活動中心,賢北街108號,23.0086,120.1833,True,60,台南,41,4.57,Safe,AQI良好或為室內設施,2026-03-03 19:07:25
臺南市北區大仁社區活動中心,和緯路一段1號,23.009,120.2165,True,60,台南,41,1.47,Safe,AQI良好或為室內設施,2026-03-03 19:07:25
臺南市新化區大坑里活動中心,大坑尾182號,23.009,120.3849,True,80,台南,41,16.2,Safe,AQI良好或為室內設施,2026-03-03 19:07:25
臺南市永康區六合里活動中心,中華二路358巷43號,23.0091,120.2303,True,203,台南,41,1.08,Safe,AQI良好或為室內設施,2026-03-03 19:07:25
高雄市內門區金竹國民小學,吉民28號,23.009137,120.514514,True,20,台南,41,29.46,Safe,AQI良好或為室內設施,2026-03-03 19:07:25
電光活動中心,3鄰中興85號,23.0093,121.1652,True,50,台東,25,27.94,Safe,AQI良好或為室內設施,2026-03-03 19:07:25
臺南市北區延平國中,公園路750號,23.0095,120.2107,True,3376,台南,41,1.97,Safe,AQI良好或為室內設施,2026-03-03 19:07:25
臺南市永康區體一運動公園,中正北路底豐化橋南端,23.0095,120.2405,False,21333,台南,41,1.75,Safe,AQI良好或為室內設施,2026-03-03 19:07:25
臺南市北區文元文成里聯合活動中心,和緯路三段370號,23.0099,120.1942,True,30,台南,41,3.53,Safe,AQI良好或為室內設施,2026-03-03 19:07:25
臺南市永康區西灣里活動中心,永華街201巷12號,23.0102,120.259,True,134,台南,41,3.48,Safe,AQI良好或為室內設施,2026-03-03 19:07:25
臺南市永康區北灣里活動中心,文賢街332號,23.0119,120.2673,True,51,台南,41,4.34,Safe,AQI良好或為室內設施,2026-03-03 19:07:25
關山鎮月眉國民小學,盛豐路1號,23.0126,121.1425,True,40,台東,25,28.3,Safe,AQI良好或為室內設施,2026-03-03 19:07:25
臺南市北區實踐社區活動中心,大武街161號,23.0134,120.2158,True,35,台南,41,1.88,Safe,AQI良好或為室內設施,2026-03-03 19:07:25
臺南市北區開元國小,開元路71巷32號,23.0138,120.2219,True,2851,台南,41,1.63,Safe,AQI良好或為室內設施,2026-03-03 19:07:25
臺南市安南區海南里活動中心,府安路七段1巷2號,23.0142,120.1822,True,45,台南,41,4.84,Safe,AQI良好或為室內設施,2026-03-03 19:07:25
臺南市北區昇平社區活動中心,長榮路五段452巷18號,23.0142,120.2146,True,68,台南,41,2.03,Safe,AQI良好或為室內設施,2026-03-03 19:07:25
臺南市永康區安康里活動中心,中華西街122巷62號,23.0151,120.2281,True,52,台南,41,1.69,Safe,AQI良好或為室內設施,2026-03-03 19:07:25
臺南市北區文元國小,海安路三段815號,23.0154,120.2,True,1852,台南,41,3.25,Safe,AQI良好或為室內設施,2026-03-03 19:07:25
月眉活動中心,中和7之3號,23.0159,121.1516,True,50,台東,25,28.64,Safe,AQI良好或為室內設施,2026-03-03 19:07:25
臺南市永康區復華里活動中心,國華街110號,23.0168,120.2452,True,467,台南,41,2.65,Safe,AQI良好或為室內設施,2026-03-03 19:07:25
臺南市安南區四草里活動中心,大眾路656號,23.017087,120.128311,True,197,台南,41,10.27,Safe,AQI良好或為室內設施,2026-03-03 19:07:25
臺南市永康區社教中心,永大二路88號,23.0187,120.26,True,1500,台南,41,3.98,Safe,AQI良好或為室內設施,2026-03-03 19:07:25
臺南市南化區東和里活動中心,東和19-1號,23.0206,120.4741,True,110,台南,41,25.4,Safe,AQI良好或為室內設施,2026-03-03 19:07:25
臺南市永康區尚頂里活動中心,中華路920號,23.0211,120.2233,True,46,台南,41,2.39,Safe,AQI良好或為室內設施,2026-03-03 19:07:25
臺南市永康區東橋里活動中心,東橋十街158號,23.0212,120.2365,True,278,台南,41,2.56,Safe,AQI良好或為室內設施,2026-03-03 19:07:25
臺南市永康區大橋里活動中心,大橋三街230號,23.0218,120.2296,True,134,台南,41,2.45,Safe,AQI良好或為室內設施,2026-03-03 19:07:25
集來社區活動中心,通仙巷221-1號,23.0222,120.5615,True,30,台南,41,34.33,Safe,AQI良好或為室內設施,2026-03-03 19:07:25
高雄市杉林區集來國民小學,通仙巷333號,23.022241,120.561499,True,480,台南,41,34.34,Safe,AQI良好或為室內設施,2026-03-03 19:07:25
臺南市永康區新樹里活動中心,富強路二段98號,23.0229,120.2751,True,133,台南,41,5.56,Safe,AQI良好或為室內設施,2026-03-03 19:07:25
臺南市永康區甲頂里活動中心,中華路920-1號,23.0237,120.2144,True,46,台南,41,2.94,Safe,AQI良好或為室內設施,2026-03-03 19:07:25
臺南市安南區安富里活動中心,郡安路5段164巷12弄1號,23.02479,120.1966,True,221,台南,41,4.16,Safe,AQI良好或為室內設施,2026-03-03 19:07:25
臺南市永康區公所3樓禮堂,中山南路655號,23.0261,120.257,True,98,台南,41,4.24,Safe,AQI良好或為室內設施,2026-03-03 19:07:25
臺南市左鎮區光榮國小澄山分校,77-3號,23.0262,120.3855,True,80,台南,41,16.49,Safe,AQI良好或為室內設施,2026-03-03 19:07:25
臺南市南化區龍湖寺,東和95號,23.0264,120.4969,True,80,台南,41,27.79,Safe,AQI良好或為室內設施,2026-03-03 19:07:25
臺南市永康區探索教育公園,永大三路30號,23.0266,120.2579,False,20000,台南,41,4.35,Safe,AQI良好或為室內設施,2026-03-03 19:07:25
"成功鎮信義國民小學 Xin-Yi Elementary School,Chenggon Township","都歷路58號No.58, Duli Rd., Chenggong Township, Taitung County 961, Taiwan R.O.C.",23.02686,121.330869,True,100,台東,25,34.99,Safe,AQI良好或為室內設施,2026-03-03 19:07:25
臺南市安南區海佃國民中學,安富街166號,23.026965,120.197792,True,367,台南,41,4.23,Safe,AQI良好或為室內設施,2026-03-03 19:07:25
臺南市安南區溪北里活動中心,文安街66號,23.027,120.213,True,199,台南,41,3.33,Safe,AQI良好或為室內設施,2026-03-03 19:07:25
臺南市安南區溪墘里活動中心,海佃路一段372巷50號,23.0279,120.1922,True,228,台南,41,4.72,Safe,AQI良好或為室內設施,2026-03-03 19:07:25
臺南市永康區永康國民小學,中山南路637號,23.027954,120.24811,True,616,台南,41,3.8,Safe,AQI良好或為室內設施,2026-03-03 19:07:25
都歷活動中心 Du-Li Community Center,"都歷路115號No.115, Duli Rd., Chenggong Township, Taitung County 961, Taiwan R.O.C.",23.028107,121.33089,True,20,台東,25,35.11,Safe,AQI良好或為室內設施,2026-03-03 19:07:25
臺南市新化區體育公園,公園路110號,23.0295,120.3067,False,1000,台南,41,8.81,Safe,AQI良好或為室內設施,2026-03-03 19:07:25
臺南市安南區安順國中-順中館,安和路三段227號,23.0313,120.2126,True,1900,台南,41,3.79,Safe,AQI良好或為室內設施,2026-03-03 19:07:25
北源活動中心村辦公處,美蘭19鄰43-1號,23.031352,121.286649,True,100,台東,25,33.31,Safe,AQI良好或為室內設施,2026-03-03 19:07:25
臺南市永康區龍潭里活動中心,龍國街400號,23.0314,120.2667,True,159,台南,41,5.37,Safe,AQI良好或為室內設施,2026-03-03 19:07:25
高雄市六龜區新發國民小學,和平路130號,23.031783,120.662467,True,354,台南,41,44.72,Safe,AQI良好或為室內設施,2026-03-03 19:07:25
新發社區活動中心,和平路115之1號,23.032,120.6633,True,100,台南,41,44.81,Safe,AQI良好或為室內設施,2026-03-03 19:07:25
臺南市安南區安西里活動中心,安西路101號,23.032486,120.208978,True,310,台南,41,4.06,Safe,AQI良好或為室內設施,2026-03-03 19:07:25
臺南市新化區保生大帝廟,洋子127號,23.0334,120.2959,False,150,台南,41,7.98,Safe,AQI良好或為室內設施,2026-03-03 19:07:25
臺南市安南區安東里活動中心,安和路一段478巷2弄120號,23.033564,120.214219,True,385,台南,41,3.96,Safe,AQI良好或為室內設施,2026-03-03 19:07:25
慈霖園原木梓國小,茄苳巷160號,23.033981,120.534542,True,200,台南,41,31.71,Safe,AQI良好或為室內設施,2026-03-03 19:07:25
臺南市安南區理想大安社區活動中心,大安街135號,23.034,120.1931,True,281,台南,41,5.13,Safe,AQI良好或為室內設施,2026-03-03 19:07:25
關山鎮老人文康活動中心,忠孝路18巷2號1樓,23.0352,121.1682,True,100,台東,25,30.83,Safe,AQI良好或為室內設施,2026-03-03 19:07:25
臺南市安南區?田里活動中心,?安路28號,23.0367,120.1411,True,287,台南,41,9.69,Safe,AQI良好或為室內設施,2026-03-03 19:07:25
臺南市新化區大新國小大禮堂,太平街176 號,23.0379,120.2991,True,150,台南,41,8.51,Safe,AQI良好或為室內設施,2026-03-03 19:07:25
臺南市新化區新化國中大禮堂,中興路722號,23.0379,120.3076,True,500,台南,41,9.28,Safe,AQI良好或為室內設施,2026-03-03 19:07:25
臺南市新化區新化果菜市場停車場,建國街40號,23.038,120.3093,False,150,台南,41,9.44,Safe,AQI良好或為室內設施,2026-03-03 19:07:25
臺南市安南區海西里活動中心,海環街186號,23.038021,120.18432,True,202,台南,41,6.08,Safe,AQI良好或為室內設施,2026-03-03 19:07:25
臺南市新化區公所3樓展演廳,中山路130號,23.0382,120.3108,True,100,台南,41,9.58,Safe,AQI良好或為室內設施,2026-03-03 19:07:25
臺南市新化區新化國小大禮堂,中山路173號,23.0383,120.311,True,200,台南,41,9.61,Safe,AQI良好或為室內設施,2026-03-03 19:07:25
臺南大學附屬啟聰學校活動中心,信義路52號,23.0386,120.3193,True,100,台南,41,10.39,Safe,AQI良好或為室內設施,2026-03-03 19:07:25
臺南市新化區新化高中新民館,忠孝路2號,23.0391,120.3326,True,1000,台南,41,11.66,Safe,AQI良好或為室內設施,2026-03-03 19:07:25
里?活動中心,崁頂46之1號,23.0392,121.161,True,100,台東,25,31.25,Safe,AQI良好或為室內設施,2026-03-03 19:07:25
臺南市安南區安慶里活動中心,長溪路一段168巷133號,23.0397,120.2101,True,413,台南,41,4.75,Safe,AQI良好或為室內設施,2026-03-03 19:07:25
北源國小,順那21號,23.039731,121.292706,True,111,台東,25,34.42,Safe,AQI良好或為室內設施,2026-03-03 19:07:25
臺南市永康區埔園里活動中心,永大路三段618巷111號,23.040107,120.252374,True,147,台南,41,5.18,Safe,AQI良好或為室內設施,2026-03-03 19:07:25
臺南市永康區鹽行文化會館,正南八街1號,23.0402,120.2395,True,167,台南,41,4.66,Safe,AQI良好或為室內設施,2026-03-03 19:07:25
臺南市新化區唪口順天宮,唪口142號之26,23.0407,120.2901,False,200,台南,41,7.9,Safe,AQI良好或為室內設施,2026-03-03 19:07:25
臺南市安南區安慶國民小學,安中路一段703巷80號,23.040741,120.192929,True,1600,台南,41,5.72,Safe,AQI良好或為室內設施,2026-03-03 19:07:25
臺南市安南區鹿耳門天后宮-公館,媽祖宮一街136號,23.04156,120.10991,True,500,台南,41,12.84,Safe,AQI良好或為室內設施,2026-03-03 19:07:25
臺東縣池上鄉萬安國民小學振興分校,6鄰36號,23.0426,121.1951,True,100,台東,25,31.91,Safe,AQI良好或為室內設施,2026-03-03 19:07:25
臺南市南化區老人文康中心,南化172-1號,23.0431,120.4776,True,160,台南,41,26.1,Safe,AQI良好或為室內設施,2026-03-03 19:07:25
靈隱寺備用,光華路1號,23.0446,120.55,True,200,台南,41,33.44,Safe,AQI良好或為室內設施,2026-03-03 19:07:25
臺南市永康區鹽洲里活動中心,鹽行路100巷40弄16號,23.0448,120.2338,True,294,台南,41,5.04,Safe,AQI良好或為室內設施,2026-03-03 19:07:25
臺南市永康區烏竹里活動中心,烏竹北街85號,23.0449,120.2633,True,109,台南,41,6.24,Safe,AQI良好或為室內設施,2026-03-03 19:07:25
臺南市安南區媽祖宮社區活動中心,媽祖宮五街10號,23.045997,120.127812,True,393,台南,41,11.36,Safe,AQI良好或為室內設施,2026-03-03 19:07:25
新福活動中心,溪埔34之1號,23.0461,121.1722,True,50,台東,25,32.06,Safe,AQI良好或為室內設施,2026-03-03 19:07:25
臺南市安南區公所,安中路二段308號,23.0472,120.1848,True,80,台南,41,6.8,Safe,AQI良好或為室內設施,2026-03-03 19:07:25
中福活動中心,中華路68號2樓,23.0491,121.1636,True,100,台東,25,32.35,Safe,AQI良好或為室內設施,2026-03-03 19:07:25
臺南市安南區海東國民小學,安中路三段381號,23.049279,120.174766,True,1200,台南,41,7.66,Safe,AQI良好或為室內設施,2026-03-03 19:07:25
高雄市甲仙區寶隆國民小學（備用）,光華路20號,23.049345,120.555507,True,150,台南,41,34.08,Safe,AQI良好或為室內設施,2026-03-03 19:07:25
臺南市安南區安南國中-禮堂,安中路三段252號,23.0496,120.1773,True,1750,台南,41,7.5,Safe,AQI良好或為室內設施,2026-03-03 19:07:25
豐田活動中心 Fong-Tian Community Center,"豐田路90號No.90, Fongtian Rd., Chenggong Township, Taitung County 961, Taiwan R.O.C.",23.050198,121.338751,True,20,台東,25,37.63,Safe,AQI良好或為室內設施,2026-03-03 19:07:25
臺南市安南區原佃里活動中心,本原街一段167巷36弄46號,23.0505,120.1971,True,284,台南,41,6.4,Safe,AQI良好或為室內設施,2026-03-03 19:07:25
關山鎮關山國民小學,中華路101號,23.0506,121.1634,True,500,台東,25,32.52,Safe,AQI良好或為室內設施,2026-03-03 19:07:25
元宋太祖宮,嶺頂巷65號,23.0507,120.5642,True,50,台南,41,34.98,Safe,AQI良好或為室內設施,2026-03-03 19:07:25
臺南市永康區王行里活動中心,王行路866巷29弄118號,23.0511,120.2778,True,104,台南,41,7.72,Safe,AQI良好或為室內設施,2026-03-03 19:07:25
豐泉活動中心,忠孝路18巷2號2樓,23.0533,121.1536,True,50,台東,25,32.8,Safe,AQI良好或為室內設施,2026-03-03 19:07:25
關山鎮德高國民小學,7鄰永豐16號,23.0533,121.1536,True,200,台東,25,32.8,Safe,AQI良好或為室內設施,2026-03-03 19:07:25
臺南市安南區梅花里活動中心,安中路一段557巷25號,23.05388,120.1699,True,164,台南,41,8.37,Safe,AQI良好或為室內設施,2026-03-03 19:07:25
臺南市南化區中坑里活動中心,中坑38-6號,23.0539,120.4715,True,80,台南,41,25.74,Safe,AQI良好或為室內設施,2026-03-03 19:07:25
高雄市桃源區寶山國民小學,二集團98號,23.0554,120.7221,True,250,台南,41,51.05,Safe,AQI良好或為室內設施,2026-03-03 19:07:25
高雄市桃源區寶山國民小學,寶山里98 號,23.055409,120.72159,True,150,台南,41,51.0,Safe,AQI良好或為室內設施,2026-03-03 19:07:25
臺南市左鎮區左鎮國中,170號,23.0562,120.4106,True,230,台南,41,19.81,Safe,AQI良好或為室內設施,2026-03-03 19:07:25
臺南市左鎮區公所,171-4號,23.0565,120.4087,True,40,台南,41,19.64,Safe,AQI良好或為室內設施,2026-03-03 19:07:25
臺南市安南區城西里活動中心,城西街三段431號,23.057,120.0956,True,291,台南,41,14.86,Safe,AQI良好或為室內設施,2026-03-03 19:07:25
臺南市左鎮區老人活動中心,15-4號,23.0577,120.4061,True,40,台南,41,19.43,Safe,AQI良好或為室內設施,2026-03-03 19:07:25
臺南市安南區城南里活動中心,城西街一段61巷28弄98號,23.0606,120.1272,True,220,台南,41,12.23,Safe,AQI良好或為室內設施,2026-03-03 19:07:25
臺南市安南區東和里活動中心,長和路一段805號,23.062,120.2287,True,73,台南,41,6.91,Safe,AQI良好或為室內設施,2026-03-03 19:07:25
臺南市安南區布袋里活動中心,長和路四段231巷60弄41號,23.0632,120.2071,True,223,台南,41,7.32,Safe,AQI良好或為室內設施,2026-03-03 19:07:25
臺南市安南區安佃國民小學,海佃路4段493號,23.064001,120.173444,False,150,台南,41,8.98,Safe,AQI良好或為室內設施,2026-03-03 19:07:25
臺南市新化區接天寺,那拔林500號,23.0646,120.3482,True,400,台南,41,14.35,Safe,AQI良好或為室內設施,2026-03-03 19:07:25
臺南市左鎮區榮和里活動中心,60-7號,23.0646,120.3887,True,30,台南,41,18.05,Safe,AQI良好或為室內設施,2026-03-03 19:07:25
臺南市安南區長安國民小學,長溪路三段249號,23.065467,120.197829,True,1250,台南,41,7.87,Safe,AQI良好或為室內設施,2026-03-03 19:07:25
臺南市安南區和順國民中學,安和路5段84巷66號,23.06584,120.2208,True,1179,台南,41,7.36,Safe,AQI良好或為室內設施,2026-03-03 19:07:25
臺南市安南區佃東佃西社區活動中心,公學路四段325號,23.0661,120.1743,True,169,台南,41,9.12,Safe,AQI良好或為室內設施,2026-03-03 19:07:25
臺南市安南區土城國民小學,城北路195號,23.066375,120.131192,True,1498,台南,41,12.27,Safe,AQI良好或為室內設施,2026-03-03 19:07:25
臺南市安南區正統鹿耳門土城聖母廟,城安路160號,23.0668,120.1273,True,800,台南,41,12.62,Safe,AQI良好或為室內設施,2026-03-03 19:07:25
臺南市安南區和順國民小學,安和路五段178巷5號,23.066821,120.218204,True,1180,台南,41,7.49,Safe,AQI良好或為室內設施,2026-03-03 19:07:25
臺南市安南區城東里活動中心,城安路73號,23.066898,120.127576,True,285,台南,41,12.6,Safe,AQI良好或為室內設施,2026-03-03 19:07:25
臺南市南化區茅埔活動中心,玉山132-3號,23.0676,120.5153,True,100,台南,41,30.46,Safe,AQI良好或為室內設施,2026-03-03 19:07:25
臺南市新化區那拔國小操場,那拔54號,23.0677,120.3497,False,300,台南,41,14.65,Safe,AQI良好或為室內設施,2026-03-03 19:07:25
臺南市安南區州北里活動中心,安昌街22號,23.0682,120.2174,True,325,台南,41,7.66,Safe,AQI良好或為室內設施,2026-03-03 19:07:25
臺南市安南區塭南里活動中心,安昌街130號,23.071146,120.219603,True,335,台南,41,7.96,Safe,AQI良好或為室內設施,2026-03-03 19:07:25
荖濃社區活動中心,南橫路97號,23.0731,120.673772,True,100,台南,41,46.45,Safe,AQI良好或為室內設施,2026-03-03 19:07:25
臺南市安南區南興國民小學,公學路五段627號,23.07394,120.160816,True,1090,台南,41,10.65,Safe,AQI良好或為室內設施,2026-03-03 19:07:25
德高活動中心,8鄰永豐105之1號,23.0748,121.1776,True,100,台東,25,35.28,Safe,AQI良好或為室內設施,2026-03-03 19:07:25
臺南市新市區文康育樂中心,忠孝街189號,23.0751,120.2945,True,290,台南,41,10.85,Safe,AQI良好或為室內設施,2026-03-03 19:07:25
臺南市南化區玉山里活動中心,玉山65號,23.0757,120.5201,True,90,台南,41,31.16,Safe,AQI良好或為室內設施,2026-03-03 19:07:25
臺南市安南區青草里活動中心,青砂街二段371巷2號,23.07598,120.112012,True,278,台南,41,14.48,Safe,AQI良好或為室內設施,2026-03-03 19:07:25
臺南市新市區老人文康活動中心,社內91-22號,23.0766,120.2816,True,410,台南,41,10.2,Safe,AQI良好或為室內設施,2026-03-03 19:07:25
臺南市安南區青草國民小學,青砂街二段105巷32號,23.076717,120.117215,True,725,台南,41,14.1,Safe,AQI良好或為室內設施,2026-03-03 19:07:25
臺南市山上區豐德里活動中心,豐德49-2號,23.0774,120.3596,True,50,台南,41,16.08,Safe,AQI良好或為室內設施,2026-03-03 19:07:25
臺南市南化區北寮里活動中心,北寮3號,23.0774,120.4915,True,110,台南,41,28.41,Safe,AQI良好或為室內設施,2026-03-03 19:07:25
大田老人活動中心（備用）,新興路49-1號,23.078,120.5823,True,100,台南,41,37.39,Safe,AQI良好或為室內設施,2026-03-03 19:07:25
臺南市安南區學東國民小學,公學路6段589號,23.07819,120.145483,False,600,台南,41,12.05,Safe,AQI良好或為室內設施,2026-03-03 19:07:25
臺南市新市區公所三樓大禮堂,中興街12號,23.0787,120.2952,True,100,台南,41,11.21,Safe,AQI良好或為室內設施,2026-03-03 19:07:25
臺南市新市區新市國小學生活動中心,中興街1號,23.0787,120.2958,True,300,台南,41,11.25,Safe,AQI良好或為室內設施,2026-03-03 19:07:25
臺南市安南區學東里活動中心,公學路六段661號,23.0793,120.1431,True,276,台南,41,12.31,Safe,AQI良好或為室內設施,2026-03-03 19:07:25
臺南市安南區砂崙里活動中心,城北路871巷94弄17號,23.079511,120.127523,True,250,台南,41,13.48,Safe,AQI良好或為室內設施,2026-03-03 19:07:25
臺南市安定區南興國小,六嘉30號,23.0798,120.219,True,100,台南,41,8.92,Safe,AQI良好或為室內設施,2026-03-03 19:07:25
臺南市安定區南興國小,六嘉30號,23.0798,120.219,True,150,台南,41,8.92,Safe,AQI良好或為室內設施,2026-03-03 19:07:25
高雄市立甲仙國民中學（備用）,文化南路6號,23.080974,120.592022,True,270,台南,41,38.43,Safe,AQI良好或為室內設施,2026-03-03 19:07:25
富興村辦公處,4鄰62之1號,23.0813,121.2212,True,100,台東,25,36.59,Safe,AQI良好或為室內設施,2026-03-03 19:07:25
高雄市甲仙區甲仙國民小學備用,文化路45號,23.081444,120.588891,True,521,台南,41,38.13,Safe,AQI良好或為室內設施,2026-03-03 19:07:25
臺南市新市區新市國中育樂堂,民族路76號,23.0834,120.3005,True,500,台南,41,11.96,Safe,AQI良好或為室內設施,2026-03-03 19:07:25
臺南市新市區新市國中操場,民族路76號,23.0834,120.3005,False,2000,台南,41,11.96,Safe,AQI良好或為室內設施,2026-03-03 19:07:25
臺南市安定區大同社區活動中心,大同81號,23.0839,120.2231,True,100,台南,41,9.35,Safe,AQI良好或為室內設施,2026-03-03 19:07:25
甲仙和安社區活動中心備用,中山路56號,23.084,120.5875,True,80,台南,41,38.06,Safe,AQI良好或為室內設施,2026-03-03 19:07:25
臺南市西港區新復里活動中心,溪埔寮19-9號,23.085261,120.184578,True,270,台南,41,10.43,Safe,AQI良好或為室內設施,2026-03-03 19:07:25
龍鳳寺,油礦巷3號,23.0855,120.601,True,500,台南,41,39.44,Safe,AQI良好或為室內設施,2026-03-03 19:07:25
臺南市新市區大社國小育賢三樓〈學生活動中心）,大社39號,23.0863,120.3191,True,300,台南,41,13.46,Safe,AQI良好或為室內設施,2026-03-03 19:07:25
臺南市山上區平陽里活動中心,平陽48號,23.0868,120.3807,True,50,台南,41,18.47,Safe,AQI良好或為室內設施,2026-03-03 19:07:25
麒麟活動中心 Chi-Lin Community Center,"麒麟路45-12號No.45-12, Chilin Rd., Chenggong Township, Taitung County 961, Taiwan R.O.C.",23.092456,121.356735,True,30,台東,25,42.62,Safe,AQI良好或為室內設施,2026-03-03 19:07:25
臺南市安定區複合式運動場四周及南安小操場,港口333-22號,23.0928,120.2196,False,300,台南,41,10.36,Safe,AQI良好或為室內設施,2026-03-03 19:07:25
臺南市安定區複合式運動場四周及南安小操場,港口333-22號,23.0928,120.2196,False,800,台南,41,10.36,Safe,AQI良好或為室內設施,2026-03-03 19:07:25
臺南市七股區十份里漁民活動中心,十份24-28號,23.0942,120.1055,True,94,台南,41,16.26,Safe,AQI良好或為室內設施,2026-03-03 19:07:25
萬安村辦公處,1鄰萬安7號,23.0948,121.2185,True,100,台東,25,38.02,Safe,AQI良好或為室內設施,2026-03-03 19:07:25
臺南市七股區永吉里多功能活動中心,永吉16-8號,23.0954,120.1288,True,37,台南,41,14.61,Safe,AQI良好或為室內設施,2026-03-03 19:07:25
臺南市安定區海寮社區活動中心,海寮15之3號,23.0965,120.2112,True,200,台南,41,10.86,Safe,AQI良好或為室內設施,2026-03-03 19:07:25
臺南市安定區南安國小,南安62號,23.0984,120.225,True,100,台南,41,10.95,Safe,AQI良好或為室內設施,2026-03-03 19:07:25
臺南市山上區新莊里大庄活動中心,大庄32號,23.0987,120.3637,True,50,台南,41,17.79,Safe,AQI良好或為室內設施,2026-03-03 19:07:25
錦園村辦公處,1鄰新開園2號,23.0988,121.2203,True,100,台東,25,38.49,Safe,AQI良好或為室內設施,2026-03-03 19:07:25
臺南市七股區三股社區活動中心,三股39號,23.0993,120.1182,True,61,台南,41,15.68,Safe,AQI良好或為室內設施,2026-03-03 19:07:25
海端鄉立托兒所Haiduan Nursery School,"3鄰山界17-3號No.17-3, Shanjie, Haiduan Township, Taitung County 957, Taiwan",23.100134,121.1767,True,80,台東,25,38.09,Safe,AQI良好或為室內設施,2026-03-03 19:07:25
臺南市山上區國民小學,南洲43號,23.1008,120.3557,True,1000,台南,41,17.31,Safe,AQI良好或為室內設施,2026-03-03 19:07:25
臺南市山上區南洲里農民教育活動中心,南洲197號,23.1011,120.3536,True,150,台南,41,17.17,Safe,AQI良好或為室內設施,2026-03-03 19:07:25
臺南市七股區義合里多功能活動中心,義合72之2號,23.1013,120.1382,True,136,台南,41,14.47,Safe,AQI良好或為室內設施,2026-03-03 19:07:25
海端國小Haiduan Elementary School,"4鄰山界36號No.36, Shanjie, Haiduan Township, Taitung County 957, Taiwan",23.10145705,121.1761798,True,100,台東,25,38.23,Safe,AQI良好或為室內設施,2026-03-03 19:07:25
"成功鎮新港國民中學 Hsin-kang Junior High School, Chenggon Township","中正路1號No.1, Jhongjheng Rd., Chenggong Township, Taitung County 961, Taiwan R.O.C.",23.101696,121.376599,True,250,台東,25,44.53,Safe,AQI良好或為室內設施,2026-03-03 19:07:25
臺南市山上區山上里農民教育活動中心,山上134-1號,23.1017,120.3577,True,150,台南,41,17.53,Safe,AQI良好或為室內設施,2026-03-03 19:07:25
臺南市山上區玉?里活動中心,玉?35號,23.1017,120.3891,True,50,台南,41,20.09,Safe,AQI良好或為室內設施,2026-03-03 19:07:25
海端鄉公所Haiduan Township Office,"4鄰山界路43號No.43, Shanjie, Haiduan Township, Taitung County 957, Taiwan",23.10206982,121.1766199,True,50,台東,25,38.3,Safe,AQI良好或為室內設施,2026-03-03 19:07:25
臺南市七股區三股國小操場,三股100號,23.102173,120.116949,False,100,台南,41,16.0,Safe,AQI良好或為室內設施,2026-03-03 19:07:25
三民里活動中心 San-Min Community Center,"三民路20號No.20, Sanmin Rd., Chenggong Township, Taitung County 961, Taiwan R.O.C.",23.10221,121.371943,True,20,台東,25,44.34,Safe,AQI良好或為室內設施,2026-03-03 19:07:25
臺南市七股區竹橋里多功能活動中心,竹橋33-1號,23.1029,120.1637,True,134,台南,41,13.15,Safe,AQI良好或為室內設施,2026-03-03 19:07:25
臺南市山上區山上國民中學,山上130號,23.103,120.3584,True,1000,台南,41,17.68,Safe,AQI良好或為室內設施,2026-03-03 19:07:25
臺南市安定區南安社區活動中心,南安1號,23.1033,120.2274,True,50,台南,41,11.5,Safe,AQI良好或為室內設施,2026-03-03 19:07:25
臺南市安定區港尾社區活動中心,港尾74-11號,23.1038,120.2338,True,50,台南,41,11.57,Safe,AQI良好或為室內設施,2026-03-03 19:07:25
臺南市西港區成功國小,竹林11號,23.1042,120.1794,True,850,台南,41,12.57,Safe,AQI良好或為室內設施,2026-03-03 19:07:25
行政院國軍退除役官兵輔導委員會佳里榮譽國民之家,三股147號,23.1043,120.1231,True,21,台南,41,15.73,Safe,AQI良好或為室內設施,2026-03-03 19:07:25
三民里第2市場 San-Min Second Market,"三民路111號No.111, Sanmin Rd., Chenggong Township, Taitung County 961, Taiwan R.O.C.",23.104389,121.374961,True,50,台東,25,44.71,Safe,AQI良好或為室內設施,2026-03-03 19:07:25
國立成功商業水產職業學校,太平路52號,23.104484,121.381984,True,200,台東,25,45.08,Safe,AQI良好或為室內設施,2026-03-03 19:07:25
忠智里活動中心 Jhong-Jhi Community Center,"五權路164號No.164, Wucyuan Rd., Chenggong Township, Taitung County 961, Taiwan R.O.C.",23.104757,121.380248,True,30,台東,25,45.02,Safe,AQI良好或為室內設施,2026-03-03 19:07:25
高雄市桃源區建山國民小學,建山里96號,23.105377,120.682598,True,68,嘉義,44,48.01,Safe,AQI良好或為室內設施,2026-03-03 19:07:25
臺南市玉井區望明里活動中心,望明76號,23.1058,120.4562,True,70,台南,41,26.25,Safe,AQI良好或為室內設施,2026-03-03 19:07:25
新興村辦公處,4鄰48之1號,23.1066,121.2069,True,100,台東,25,39.12,Safe,AQI良好或為室內設施,2026-03-03 19:07:25
建山社區活動中心,建山巷86號,23.1067,120.684,True,120,嘉義,44,47.95,Safe,AQI良好或為室內設施,2026-03-03 19:07:25
臺南市山上區明和里活動中心,明和98號,23.1078,120.3481,True,150,台南,41,17.25,Safe,AQI良好或為室內設施,2026-03-03 19:07:25
臺南市西港區廣興宮,中港24號,23.1079,120.1937,True,140,台南,41,12.48,Safe,AQI良好或為室內設施,2026-03-03 19:07:25
寶來社區活動中心,中正路89號,23.10881,120.70089,True,100,嘉義,44,48.64,Safe,AQI良好或為室內設施,2026-03-03 19:07:25
高雄市六龜區寶來國民小學,中正路89號,23.108831,120.700921,True,257,嘉義,44,48.64,Safe,AQI良好或為室內設施,2026-03-03 19:07:25
高雄市立寶來國民中學,中正路137號,23.109359,120.703635,True,244,嘉義,44,48.74,Safe,AQI良好或為室內設施,2026-03-03 19:07:25
臺南市七股區樹林國小操場,樹林65-11號,23.110999,120.156033,False,100,台南,41,14.32,Safe,AQI良好或為室內設施,2026-03-03 19:07:25
臺南市玉井區沙田里活動中心,沙田33-3號,23.1118,120.4791,True,60,台南,41,28.65,Safe,AQI良好或為室內設施,2026-03-03 19:07:25
關山社區活動中心,中興路17號,23.1126,120.6054,True,80,台南,41,40.7,Safe,AQI良好或為室內設施,2026-03-03 19:07:25
臺南市七股區樹林社區活動中心,樹林5-8號,23.1139,120.1572,True,138,台南,41,14.54,Safe,AQI良好或為室內設施,2026-03-03 19:07:25
臺南市安定區安定國中操場,安加262-1號,23.114,120.234,False,500,台南,41,12.71,Safe,AQI良好或為室內設施,2026-03-03 19:07:25
臺南市七股區竹港社區活動中心,竹港52-19號,23.1142,120.1748,True,74,台南,41,13.78,Safe,AQI良好或為室內設施,2026-03-03 19:07:25
臺南市安定區圖書館,安加262之8號,23.1145,120.2343,True,150,台南,41,12.77,Safe,AQI良好或為室內設施,2026-03-03 19:07:25
臺東縣立池上國民中學,7鄰新興88號,23.115321,121.20497,True,300,台東,25,40.06,Safe,AQI良好或為室內設施,2026-03-03 19:07:25
臺東縣池上鄉萬安國民小學,1鄰5號之2,23.1172,121.1896,True,90,台東,25,40.09,Safe,AQI良好或為室內設施,2026-03-03 19:07:25
臺南市大內區曲溪社區活動中心,曲溪51-2號,23.1181,120.3874,True,15,台南,41,21.03,Safe,AQI良好或為室內設施,2026-03-03 19:07:25
臺南市安定區體育運動公園（防災公園）,安加243-5號旁,23.118189,120.23815,False,600,台南,41,13.2,Safe,AQI良好或為室內設施,2026-03-03 19:07:25
臺南市安定區體育運動公園（防災公園）,安加243-5號旁,23.118189,120.23815,False,1000,台南,41,13.2,Safe,AQI良好或為室內設施,2026-03-03 19:07:25
臺南市大內區大內國小,大內63號,23.1186,120.3613,True,230,台南,41,19.06,Safe,AQI良好或為室內設施,2026-03-03 19:07:25
臺南市西港區老人文康活動中心,後營1-2號,23.1188,120.1958,True,340,台南,41,13.6,Safe,AQI良好或為室內設施,2026-03-03 19:07:25
臺南市安定區安定國中,安加262-1號,23.1196,120.2381,True,100,台南,41,13.36,Safe,AQI良好或為室內設施,2026-03-03 19:07:25
臺南市安定區老人文康活動中心,安定131之1號,23.1198,120.2372,True,50,台南,41,13.37,Safe,AQI良好或為室內設施,2026-03-03 19:07:25
大埔村辦公處,大埔14號,23.1209,121.215,True,100,台東,25,40.82,Safe,AQI良好或為室內設施,2026-03-03 19:07:25
臺南市玉井區玉井國小,中正路1號,23.121,120.4588,True,450,台南,41,27.28,Safe,AQI良好或為室內設施,2026-03-03 19:07:25
臺南市西港區慶安社區活動中心,新興街107巷32號,23.1211,120.1805,True,730,台南,41,14.29,Safe,AQI良好或為室內設施,2026-03-03 19:07:25
臺南市西港區港東里活動中心,烏竹林58-5號,23.1211,120.2019,True,240,台南,41,13.72,Safe,AQI良好或為室內設施,2026-03-03 19:07:25
臺南市安定區公所,安定59號,23.1213,120.2372,True,50,台南,41,13.54,Safe,AQI良好或為室內設施,2026-03-03 19:07:25
臺南市大內區大內國中,內江319-1號,23.1219,120.3544,True,800,台南,41,18.82,Safe,AQI良好或為室內設施,2026-03-03 19:07:25
臺南市大內區石子瀨社區活動中心,石城114-66號,23.122181,120.354388,True,20,台南,41,18.84,Safe,AQI良好或為室內設施,2026-03-03 19:07:25
臺南市大內區二溪社區活動中心,二溪198-1號,23.1223,120.3926,True,30,台南,41,21.74,Safe,AQI良好或為室內設施,2026-03-03 19:07:25
池上鄉公所,中山路101號,23.1225,121.215,True,50,台東,25,41.0,Safe,AQI良好或為室內設施,2026-03-03 19:07:25
臺南市善化區小新社區活動中心,小新113號之24,23.1226,120.3146,True,100,台南,41,16.33,Safe,AQI良好或為室內設施,2026-03-03 19:07:25
臺南市安定區安定國小操場,安定1號,23.1229,120.2466,False,300,台南,41,13.82,Safe,AQI良好或為室內設施,2026-03-03 19:07:25
臺南市玉井區綜合體育館,民族路216號,23.1229,120.4683,True,200,台南,41,28.23,Safe,AQI良好或為室內設施,2026-03-03 19:07:25
大坡村辦公處,大坡38之2號,23.123,121.2323,True,100,台東,25,41.36,Safe,AQI良好或為室內設施,2026-03-03 19:07:25
臺南市玉井區玉井國中,大成路152號,23.1231,120.4703,True,450,台南,41,28.42,Safe,AQI良好或為室內設施,2026-03-03 19:07:25
臺南市玉井區公所二樓,中正路27號,23.1235,120.4602,True,50,台南,41,27.54,Safe,AQI良好或為室內設施,2026-03-03 19:07:25
臺南市西港區西港國中,文化路41號,23.123745,120.20505,True,180,台南,41,13.95,Safe,AQI良好或為室內設施,2026-03-03 19:07:25
米鄉-池上文化館,公園路2號,23.1238,121.208,True,100,台東,25,41.03,Safe,AQI良好或為室內設施,2026-03-03 19:07:25
臺南市西港區慶安宮,慶安路32號,23.1239,120.2032,True,150,台南,41,14.0,Safe,AQI良好或為室內設施,2026-03-03 19:07:25
臺南市西港區私立港明中學,慶安路229號,23.1239,120.2153,True,150,台南,41,13.84,Safe,AQI良好或為室內設施,2026-03-03 19:07:25
臺南市玉井區豐里里活動中心,豐里59-10號,23.124,120.4444,True,60,台南,41,26.18,Safe,AQI良好或為室內設施,2026-03-03 19:07:25
高台真耶穌教會 Gao-Tai Jesus Church,"高台路33號No.33, Gaotai Rd., Chenggong Township, Taitung County 961, Taiwan R.O.C.",23.124493,121.396336,True,50,台東,25,47.75,Safe,AQI良好或為室內設施,2026-03-03 19:07:25
臺南市善化區小新國小,小新79號,23.125,120.312,True,360,台南,41,16.41,Safe,AQI良好或為室內設施,2026-03-03 19:07:25
臺南市佳里區塭內國小,塭子內40號,23.1253,120.165,False,1200,台南,41,15.31,Safe,AQI良好或為室內設施,2026-03-03 19:07:25
臺東縣池上鄉福原國民小學,中華路17號,23.1253,121.2149,True,300,台東,25,41.3,Safe,AQI良好或為室內設施,2026-03-03 19:07:25
臺東縣池上鄉大坡國民小學,87號,23.1255,121.2308,True,50,台東,25,41.6,Safe,AQI良好或為室內設施,2026-03-03 19:07:25
慶豐村辦公處,慶豐82號,23.1259,121.2297,True,100,台東,25,41.63,Safe,AQI良好或為室內設施,2026-03-03 19:07:25
臺南市佳里區蚶寮社區活動中心,蚶寮21號,23.1267,120.1596,True,550,台南,41,15.69,Safe,AQI良好或為室內設施,2026-03-03 19:07:25
福文村辦公處,文化路20號,23.1268,121.216,True,100,台東,25,41.48,Safe,AQI良好或為室內設施,2026-03-03 19:07:25
臺南市善化區文昌社區活動中心,光復路175-1號,23.1273,120.2907,True,110,台南,41,15.6,Safe,AQI良好或為室內設施,2026-03-03 19:07:25
臺南市七股區溪南里漁民活動中心,溪南28號,23.1276,120.1198,True,134,台南,41,17.94,Safe,AQI良好或為室內設施,2026-03-03 19:07:25
臺南市善化區大成國小,大成路385號,23.1284,120.2951,True,420,台南,41,15.9,Safe,AQI良好或為室內設施,2026-03-03 19:07:25
高雄市桃源區興中國民小學,興中巷44號,23.128565,120.719029,True,199,嘉義,44,47.83,Safe,AQI良好或為室內設施,2026-03-03 19:07:25
高中社區活動中心,興中巷44號,23.1286,120.719,True,80,嘉義,44,47.83,Safe,AQI良好或為室內設施,2026-03-03 19:07:25
高雄市桃源區興中國民小學,興中巷44號,23.1286,120.719,True,250,嘉義,44,47.83,Safe,AQI良好或為室內設施,2026-03-03 19:07:25
三仙真耶穌教會 San-Xian True Jesus Church,"白蓮路140號No.140, Bailian Rd., Chenggong Township, Taitung County 961, Taiwan R.O.C.",23.129168,121.400094,True,50,台東,25,48.39,Safe,AQI良好或為室內設施,2026-03-03 19:07:25
臺南市玉井區清芳社區活動中心,健康路10號,23.1313,120.4693,True,60,台南,41,28.78,Safe,AQI良好或為室內設施,2026-03-03 19:07:25
陸安聚會所,陸安27號,23.1315,121.1867,True,100,台東,25,41.64,Safe,AQI良好或為室內設施,2026-03-03 19:07:25
臺南市七股區七股社區活動中心,七股103-1號,23.1343,120.1275,True,50,台南,41,18.08,Safe,AQI良好或為室內設施,2026-03-03 19:07:25
臺南市善化區善化國小,進學路63號,23.1354,120.2888,True,400,台南,41,16.34,Safe,AQI良好或為室內設施,2026-03-03 19:07:25
臺南市善化區文正社區活動中心,文正路25巷18號,23.1364,120.2863,True,170,台南,41,16.35,Safe,AQI良好或為室內設施,2026-03-03 19:07:25
臺南市七股區玉成社區活動中心,玉成17號,23.1369,120.1343,True,44,台南,41,17.94,Safe,AQI良好或為室內設施,2026-03-03 19:07:25
臺南市七股區龍山里漁民活動中心,龍山211-33號,23.1371,120.1146,True,326,台南,41,19.1,Safe,AQI良好或為室內設施,2026-03-03 19:07:25
臺南市善化區文康育樂中心,進學路150號,23.1378,120.2891,True,560,台南,41,16.6,Safe,AQI良好或為室內設施,2026-03-03 19:07:25
臺南市善化區茄拔國小,茄拔280號,23.1383,120.3248,True,350,台南,41,18.36,Safe,AQI良好或為室內設施,2026-03-03 19:07:25
臺南市善化區牛庄里活動中心,牛庄138號,23.1385,120.3172,True,170,台南,41,17.97,Safe,AQI良好或為室內設施,2026-03-03 19:07:25
臺南市善化區老人文康活動中心,茄拔271號,23.1387,120.3248,True,440,台南,41,18.4,Safe,AQI良好或為室內設施,2026-03-03 19:07:25
臺南市善化區老人文康活動中心,茄拔271號,23.1387,120.3248,True,440,台南,41,18.4,Safe,AQI良好或為室內設施,2026-03-03 19:07:25
臺南市七股區七股國小,大埕395號,23.1392,120.1384,True,145,台南,41,17.94,Safe,AQI良好或為室內設施,2026-03-03 19:07:25
臺南市西港區永樂里活動中心,大塭寮59-35號,23.1392,120.2159,True,250,台南,41,15.53,Safe,AQI良好或為室內設施,2026-03-03 19:07:25
臺南市七股區私立昭明國中,大埕315號,23.1422,120.1422,True,350,台南,41,18.04,Safe,AQI良好或為室內設施,2026-03-03 19:07:25
臺南市善化區陽明國小,胡家300號,23.143,120.2733,True,400,台南,41,16.6,Safe,AQI良好或為室內設施,2026-03-03 19:07:25
臺南市大內區頭社社區活動中心,頭社10-1號,23.143,120.3848,True,20,台南,41,22.67,Safe,AQI良好或為室內設施,2026-03-03 19:07:25
豐南社區活動中心,豐南7鄰12-3號,23.143,121.2686,True,50,台東,25,44.39,Safe,AQI良好或為室內設施,2026-03-03 19:07:25
臺南市佳里區通興國小,埔頂5-1號,23.1448,120.1576,True,1400,台南,41,17.6,Safe,AQI良好或為室內設施,2026-03-03 19:07:25
臺南市大內區環湖社區活動中心,環湖56號,23.145,120.4204,True,65,台南,41,25.54,Safe,AQI良好或為室內設施,2026-03-03 19:07:25
臺南市七股區大埕里漁民活動中心,大埕271-1號,23.1452,120.1421,True,127,台南,41,18.34,Safe,AQI良好或為室內設施,2026-03-03 19:07:25
臺南市善化區胡家里活動中心,胡厝寮42-2號,23.1456,120.2722,True,270,台南,41,16.85,Safe,AQI良好或為室內設施,2026-03-03 19:07:25
高雄市甲仙區小林國民小學備用,五里路24-2號,23.148576,120.63203,True,370,嘉義,44,41.33,Safe,AQI良好或為室內設施,2026-03-03 19:07:25
臺南市七股區?榔里多功能活動中心,?榔42-1號,23.1487,120.1518,True,138,台南,41,18.24,Safe,AQI良好或為室內設施,2026-03-03 19:07:25
臺南市七股區大寮社區活動中心,大寮36-12號,23.1502,120.1531,True,143,台南,41,18.34,Safe,AQI良好或為室內設施,2026-03-03 19:07:25
小林社區活動中心備用,西拉雅路2巷1號,23.1503,120.6356,True,0,嘉義,44,41.32,Safe,AQI良好或為室內設施,2026-03-03 19:07:25
臺南市七股區鹽埕社區活動中心,鹽埕165-1號,23.1512,120.0891,True,138,台南,41,21.95,Safe,AQI良好或為室內設施,2026-03-03 19:07:25
臺南市善化區溪美社區活動中心,溪美71號,23.1512,120.2843,True,300,台南,41,17.82,Safe,AQI良好或為室內設施,2026-03-03 19:07:25
臺南市佳里區仁愛國小,仁愛路307號,23.1532,120.1794,True,1700,台南,41,17.73,Safe,AQI良好或為室內設施,2026-03-03 19:07:25
臺南市善化區田寮里活動中心,田寮里15鄰六分寮168之9號,23.1533,120.3041,True,300,台南,41,18.8,Safe,AQI良好或為室內設施,2026-03-03 19:07:25
臺南市七股區中寮社區活動中心,中寮63-2號,23.1546,120.1083,True,331,台南,41,21.05,Safe,AQI良好或為室內設施,2026-03-03 19:07:25
臺南市七股區城內里活動中心,城內16-3號,23.1546,120.1085,True,104,台南,41,21.04,Safe,AQI良好或為室內設施,2026-03-03 19:07:25
臺南市善化區六德里活動中心,六分寮227之1號,23.1552,120.304,True,140,台南,41,18.98,Safe,AQI良好或為室內設施,2026-03-03 19:07:25
臺南市善化區大同國小,六分寮200號,23.1555,120.3057,True,500,台南,41,19.09,Safe,AQI良好或為室內設施,2026-03-03 19:07:25
臺南市西港區圖書館,中山路370號,23.1556,120.2023,True,210,台南,41,17.49,Safe,AQI良好或為室內設施,2026-03-03 19:07:25
臺南市西港區後營國小金砂分校,砂凹子10-1號,23.156565,120.205562,True,290,台南,41,17.56,Safe,AQI良好或為室內設施,2026-03-03 19:07:25
"成功鎮忠孝國民小學 Jhong-Hsiao Elementary School, Chenggon Township","成廣路8號No.8, Chengguang Rd., Chenggong Township, Taitung County 961, Taiwan R.O.C.",23.156879,121.399532,True,150,台東,25,51.01,Safe,AQI良好或為室內設施,2026-03-03 19:07:25
小港活動中心 Siao-Gang Community Center,"成廣路7號No.7, Chengguang Rd., Chenggong Township, Taitung County 961, Taiwan R.O.C.",23.157523,121.400891,True,20,台東,25,51.15,Safe,AQI良好或為室內設施,2026-03-03 19:07:25
臺南市佳里區佳里國中,安南路523號,23.1577,120.1707,True,3600,台南,41,18.46,Safe,AQI良好或為室內設施,2026-03-03 19:07:25
臺南市七股區篤加社區活動中心,篤加47-7號,23.1592,120.1277,True,238,台南,41,20.41,Safe,AQI良好或為室內設施,2026-03-03 19:07:25
臺南市佳里區信義國小,信義路336號,23.1596,120.1821,True,1700,台南,41,18.34,Safe,AQI良好或為室內設施,2026-03-03 19:07:25
高雄市桃源區桃源國民小學,北進巷50號,23.160472,120.765756,True,2871,嘉義,44,48.05,Safe,AQI良好或為室內設施,2026-03-03 19:07:25
桃源文物館,北進巷50號,23.1605,120.7658,True,150,嘉義,44,48.05,Safe,AQI良好或為室內設施,2026-03-03 19:07:25
玉寶宮,富南村4鄰42-1號,23.1612,121.2399,True,20,台東,25,45.68,Safe,AQI良好或為室內設施,2026-03-03 19:07:25
臺南市麻豆區太子宮預備,安業272-3號,23.1613,120.2446,True,1200,台南,41,18.04,Safe,AQI良好或為室內設施,2026-03-03 19:07:25
臺南市佳里區六里活動中心,佳東路327巷20號,23.1616,120.1826,True,400,台南,41,18.54,Safe,AQI良好或為室內設施,2026-03-03 19:07:25
臺南市佳里區佳里國小,公園路445號,23.1639,120.1723,True,1750,台南,41,19.07,Safe,AQI良好或為室內設施,2026-03-03 19:07:25
坪林國小坪?分校〈音樂教室.綜合教室.籃球場〉,?仔坑路95號,23.1671,121.0434,True,58,台東,25,46.82,Safe,AQI良好或為室內設施,2026-03-03 19:07:25
原霧鹿托兒所,3鄰霧鹿37號,23.16749,121.043335,True,50,台東,25,46.86,Safe,AQI良好或為室內設施,2026-03-03 19:07:25
臺南市佳里區北門高中,六安269號,23.1675,120.1766,True,2460,台南,41,19.33,Safe,AQI良好或為室內設施,2026-03-03 19:07:25
霧鹿國小Wulu Elementary School,"2鄰12號No.12, Wulu, Haiduan Township, Taitung County 957, Taiwan",23.16932024,121.0415684,True,180,台東,25,47.1,Safe,AQI良好或為室內設施,2026-03-03 19:07:25
臺南市七股區西寮社區活動中心,西寮1-3號,23.1701,120.097,True,316,台南,41,23.12,Safe,AQI良好或為室內設施,2026-03-03 19:07:25
臺南市官田區渡拔國小,拔林77號之1,23.1708,120.3266,True,550,台南,41,21.57,Safe,AQI良好或為室內設施,2026-03-03 19:07:25
永豐社區活動中心,永豐10鄰20-1號,23.1714,121.2565,True,50,台東,25,47.15,Safe,AQI良好或為室內設施,2026-03-03 19:07:25
高雄市立桃源國民中學,南橫公路三段 201 號,23.171435,120.774908,True,329,嘉義,44,47.8,Safe,AQI良好或為室內設施,2026-03-03 19:07:25
勤和活動中心,南橫公路3段平台巷36號,23.1716,120.7756,True,80,嘉義,44,47.83,Safe,AQI良好或為室內設施,2026-03-03 19:07:25
臺南市南化區關山里活動中心,關山84-3號,23.1735,120.5949,True,90,嘉義,44,37.2,Safe,AQI良好或為室內設施,2026-03-03 19:07:25
臺南市南化區瑞峰國小,關山96號,23.1736,120.5953,True,30,嘉義,44,37.21,Safe,AQI良好或為室內設施,2026-03-03 19:07:25
臺南市佳里區子龍國小,潭墘5號,23.1739,120.202,True,1680,台南,41,19.51,Safe,AQI良好或為室內設施,2026-03-03 19:07:25
臺南市楠西區公所,中正路230號,23.17414,120.48633,True,40,台南,41,32.86,Safe,AQI良好或為室內設施,2026-03-03 19:07:25
臺南市楠西區楠西國小,四維路69號,23.174264,120.484764,True,690,台南,41,32.74,Safe,AQI良好或為室內設施,2026-03-03 19:07:25
富里老人文康中心,中山路205號,23.174527,121.247624,True,100,台東,25,47.29,Safe,AQI良好或為室內設施,2026-03-03 19:07:25
臺南市佳里區北門農工,六安117號,23.1757,120.1799,True,2470,台南,41,20.13,Safe,AQI良好或為室內設施,2026-03-03 19:07:25
臺南市麻豆區龍泉社區活動中心預備,溝子墘20號,23.178,120.257,True,50,台南,41,20.04,Safe,AQI良好或為室內設施,2026-03-03 19:07:25
石平社區活動中心,23鄰16-1號,23.1784,121.2359,True,50,台東,25,47.48,Safe,AQI良好或為室內設施,2026-03-03 19:07:25
臺南市佳里區延平國小,頂?136號,23.1785,120.1526,True,1550,台南,41,21.26,Safe,AQI良好或為室內設施,2026-03-03 19:07:25
富里鄉公所2樓,中山路376號,23.1795,121.2503,True,100,台東,25,47.89,Safe,AQI良好或為室內設施,2026-03-03 19:07:25
臺南市楠西區老人文康活動中心,民族路128號,23.180566,120.483134,True,80,台南,41,33.02,Safe,AQI良好或為室內設施,2026-03-03 19:07:25
臺南市七股區頂山里漁民活動中心,頂山144-3號,23.1815,120.1122,True,121,台南,41,23.35,Safe,AQI良好或為室內設施,2026-03-03 19:07:25
臺南市官田區社子社區活動中心,2鄰社子11號,23.1818,120.3595,True,30,台南,41,24.35,Safe,AQI良好或為室內設施,2026-03-03 19:07:25
臺南市楠西區玄空法寺,中華路270號,23.182021,120.482457,True,50,台南,41,33.07,Safe,AQI良好或為室內設施,2026-03-03 19:07:25
臺南市楠西區楠西國中,中興路107號,23.182736,120.484334,True,630,嘉義,44,33.26,Safe,AQI良好或為室內設施,2026-03-03 19:07:25
臺南市佳里區佳興國中,新宅34-1號,23.1829,120.1959,True,1950,台南,41,20.59,Safe,AQI良好或為室內設施,2026-03-03 19:07:25
麻豆國中學生活動中心,南勢36號,23.183514,120.259982,True,400,台南,41,20.7,Safe,AQI良好或為室內設施,2026-03-03 19:07:25
臺南市麻豆區公所3樓預備,忠孝路250號,23.1846,120.2585,True,200,台南,41,20.79,Safe,AQI良好或為室內設施,2026-03-03 19:07:25
臺南市麻豆區台灣首府大學圖資大樓6樓預備,南勢168號,23.1847,120.2677,True,300,台南,41,20.97,Safe,AQI良好或為室內設施,2026-03-03 19:07:25
臺南市官田區官田社區活動中心,官田315號,23.1855,120.3391,True,90,台南,41,23.61,Safe,AQI良好或為室內設施,2026-03-03 19:07:25
國立曾文高級農工職業學校操場室外避難處所,南勢1號,23.1872,120.2627,False,1300,台南,41,21.15,Safe,AQI良好或為室內設施,2026-03-03 19:07:25
臺南市佳里區興化社區活動中心,興化545-11號,23.1873,120.186,True,350,台南,41,21.25,Safe,AQI良好或為室內設施,2026-03-03 19:07:25
臺南市七股區後港國小操場,臺潭1號,23.187513,120.134384,False,600,台南,41,22.91,Safe,AQI良好或為室內設施,2026-03-03 19:07:25
臺南市七股區後港國中操場,頂潭93號,23.188062,120.134441,False,200,台南,41,22.96,Safe,AQI良好或為室內設施,2026-03-03 19:07:25
臺南市七股區大潭里漁民活動中心,台潭28-6號,23.1881,120.1327,True,177,台南,41,23.04,Safe,AQI良好或為室內設施,2026-03-03 19:07:25
臺南市官田區東西庄社區活動中心,西庄125號之2,23.1881,120.2964,True,70,台南,41,22.1,Safe,AQI良好或為室內設施,2026-03-03 19:07:25
臺南市官田區官田國民中學,三民路29號,23.18904,120.315915,True,2890,台南,41,22.92,Safe,AQI良好或為室內設施,2026-03-03 19:07:25
臺南市佳里區佳興國小,佳化214號,23.1891,120.1928,True,1440,台南,41,21.33,Safe,AQI良好或為室內設施,2026-03-03 19:07:25
臺南市將軍區朝天宮,鯤鯓236號,23.1899,120.0911,True,50,台南,41,25.28,Safe,AQI良好或為室內設施,2026-03-03 19:07:25
臺南市麻豆區代天府總站,關帝廟60號,23.1902,120.2601,True,2100,台南,41,21.43,Safe,AQI良好或為室內設施,2026-03-03 19:07:25
臺南市官田區大崎社區活動中心,4鄰大崎30號之6,23.1906,120.3707,True,60,台南,41,25.81,Safe,AQI良好或為室內設施,2026-03-03 19:07:25
臺南市官田區隆田國小活動中心,中山路一段129號,23.1923,120.3141,True,1000,台南,41,23.18,Safe,AQI良好或為室內設施,2026-03-03 19:07:25
基督長老教會The Presbyterian Church（博愛教會 Bo-ai Church）,"重安路56號No.56, Chongan Rd., Chenggong Township, Taitung County 961, Taiwan R.O.C.",23.192472,121.395353,True,50,台東,25,54.29,Safe,AQI良好或為室內設施,2026-03-03 19:07:25
石牌社區活動中心,8鄰富北34-2號,23.1928,121.2643,True,30,台東,25,49.64,Safe,AQI良好或為室內設施,2026-03-03 19:07:25
臺南市官田區體育公園,三民路25號,23.193074,120.315519,False,280,台南,41,23.31,Safe,AQI良好或為室內設施,2026-03-03 19:07:25
臺南市官田區隆本里活動中心,興隆街33號,23.1977,120.3159,True,60,台南,41,23.8,Safe,AQI良好或為室內設施,2026-03-03 19:07:25
臺南市將軍區漚汪國小,長榮4號,23.1978,120.1594,True,300,台南,41,23.06,Safe,AQI良好或為室內設施,2026-03-03 19:07:25
臺南市將軍區漚汪國小,長榮4號,23.1978,120.1594,True,300,台南,41,23.06,Safe,AQI良好或為室內設施,2026-03-03 19:07:25
臺南市佳里區營頂社區活動中心,營頂102號,23.1987,120.1918,True,300,台南,41,22.4,Safe,AQI良好或為室內設施,2026-03-03 19:07:25
明里社區活動中心,3鄰明里37號,23.1998,121.2522,True,50,台東,25,50.14,Safe,AQI良好或為室內設施,2026-03-03 19:07:25
臺南市將軍區老人文康活動中心,忠興180-50號,23.201,120.1606,True,200,台南,41,23.37,Safe,AQI良好或為室內設施,2026-03-03 19:07:25
臺南市將軍區老人文康活動中心,忠興180-50號,23.201,120.1606,True,200,台南,41,23.37,Safe,AQI良好或為室內設施,2026-03-03 19:07:25
羅山縱管處,9鄰東湖39號,23.2021,121.2776,True,50,台東,25,50.98,Safe,AQI良好或為室內設施,2026-03-03 19:07:25
臺南市麻豆區海埔池王府預備,海埔80-1號,23.2032,120.2122,True,300,台南,41,22.66,Safe,AQI良好或為室內設施,2026-03-03 19:07:25
臺南市麻豆區港尾社區活動中心預備,港子尾48之2號,23.2042,120.2036,True,50,台南,41,22.84,Safe,AQI良好或為室內設施,2026-03-03 19:07:25
臺南市佳里區溪州社區活動中心,溪州2-1號,23.2047,120.184,True,300,台南,41,23.19,Safe,AQI良好或為室內設施,2026-03-03 19:07:25
臺南市將軍區將軍國中,昌平1-1號,23.206,120.1507,True,300,台南,41,24.21,Safe,AQI良好或為室內設施,2026-03-03 19:07:25
臺南市將軍區將軍國中,昌平1-1號,23.206,120.1507,True,300,台南,41,24.21,Safe,AQI良好或為室內設施,2026-03-03 19:07:25
臺南市將軍區三吉社區活動中心,三吉34號,23.2068,120.1341,True,50,台南,41,24.89,Safe,AQI良好或為室內設施,2026-03-03 19:07:25
臺南市下營區老人休閒活動中心,西寮13之25號,23.2082,120.2632,True,50,台南,41,23.46,Safe,AQI良好或為室內設施,2026-03-03 19:07:25
宜灣天主堂Yi-Wan Catholic Church,"宜灣路108號No.108, Yiwan Rd., Chenggong Township, Taitung County 961, Taiwan R.O.C.",23.210374,121.400535,True,30,台東,25,56.3,Safe,AQI良好或為室內設施,2026-03-03 19:07:25
臺南市將軍區玉山社區活動中心,玉山79-5號,23.2109,120.1232,True,100,台南,41,25.75,Safe,AQI良好或為室內設施,2026-03-03 19:07:25
臺南市官田區南?里活動中心,5鄰南?65號之2,23.2116,120.3046,True,110,台南,41,24.85,Safe,AQI良好或為室內設施,2026-03-03 19:07:25
臺南市下營區中營國小活動中心,中營270號,23.213,120.2764,True,200,台南,41,24.23,Safe,AQI良好或為室內設施,2026-03-03 19:07:25
臺南市將軍區將軍國小,將貴58號,23.21436,120.13448,True,300,台南,41,25.65,Safe,AQI良好或為室內設施,2026-03-03 19:07:25
臺南市將軍區將軍國小,將貴58號,23.21436,120.13448,True,300,台南,41,25.65,Safe,AQI良好或為室內設施,2026-03-03 19:07:25
臺南市官田區二鎮社區活動中心,8鄰二鎮68號之1,23.2168,120.3296,True,200,台南,41,26.31,Safe,AQI良好或為室內設施,2026-03-03 19:07:25
民族平台避難屋,鞍山巷81號,23.2173,120.6927,True,180,嘉義,44,38.37,Safe,AQI良好或為室內設施,2026-03-03 19:07:25
臺南市六甲區嘉南國民小學,六甲區龍湖里珊瑚路301號,23.217484,120.365156,True,400,台南,41,28.02,Safe,AQI良好或為室內設施,2026-03-03 19:07:25
臺南市將軍區苓保社區活動中心,苓保65-25號,23.2175,120.1657,True,50,台南,41,24.99,Safe,AQI良好或為室內設施,2026-03-03 19:07:25
台灣基督長老教會南布中會復興教會,愛玉路29號,23.218,120.8046,True,60,嘉義,44,46.55,Safe,AQI良好或為室內設施,2026-03-03 19:07:25
高雄市桃源區樟山國民小學復興分校,愛玉路38號,23.218,120.8046,True,250,嘉義,44,46.55,Safe,AQI良好或為室內設施,2026-03-03 19:07:25
臺南市下營區中營開化社區活動中心,中營242號,23.2181,120.276,True,50,台南,41,24.78,Safe,AQI良好或為室內設施,2026-03-03 19:07:25
臺南市將軍區馬沙溝濱海活動中心,長沙24-30號,23.2182,120.095,True,50,台南,41,27.77,Safe,AQI良好或為室內設施,2026-03-03 19:07:25
財團法人基督復臨安息日教會台灣區復興教會,復興巷33號,23.2187,120.8062,True,60,嘉義,44,46.62,Safe,AQI良好或為室內設施,2026-03-03 19:07:25
臺南市六甲區大丘里活動中心,大丘園5號派出所旁,23.2191,120.4369,True,50,嘉義,44,29.05,Safe,AQI良好或為室內設施,2026-03-03 19:07:25
古風國小,崙天18號,23.2192,121.2645,True,100,台東,25,52.51,Safe,AQI良好或為室內設施,2026-03-03 19:07:25
臺南市將軍區苓和國小,苓和132號,23.219838,120.161368,True,300,台南,41,25.36,Safe,AQI良好或為室內設施,2026-03-03 19:07:25
臺南市將軍區苓和國小,苓和132號,23.219838,120.161368,True,300,台南,41,25.36,Safe,AQI良好或為室內設施,2026-03-03 19:07:25
臺南市下營區中營地區民眾活動中心,茅港尾81-1號,23.22,120.2839,True,260,台南,41,25.16,Safe,AQI良好或為室內設施,2026-03-03 19:07:25
崙天社區活動中心,1鄰20號,23.2202,121.2649,True,50,台東,25,52.63,Safe,AQI良好或為室內設施,2026-03-03 19:07:25
臺南市將軍區苓和社區活動中心,苓和12-1號,23.2206,120.1669,True,100,台南,41,25.3,Safe,AQI良好或為室內設施,2026-03-03 19:07:25
臺南市將軍區廣安宮,廣山97號,23.221,120.1162,True,50,台南,41,27.07,Safe,AQI良好或為室內設施,2026-03-03 19:07:25
臺南市六甲區七甲龍湖聯合多功能活動中心,七甲街89巷2號,23.2223,120.3454,True,100,台南,41,27.54,Safe,AQI良好或為室內設施,2026-03-03 19:07:25
臺南市將軍區北埔社區活動中心,北埔94號,23.2224,120.1491,True,100,台南,41,25.99,Safe,AQI良好或為室內設施,2026-03-03 19:07:25
膽曼社區活動中心,16鄰9-3號,23.223299,121.414327,True,100,台東,25,58.22,Safe,AQI良好或為室內設施,2026-03-03 19:07:25
臺南市將軍區巷口社區活動中心,仁巷56號,23.2239,120.1596,True,100,台南,41,25.84,Safe,AQI良好或為室內設施,2026-03-03 19:07:25
臺南市六甲區六甲國小,中正路319號,23.2256,120.3503,True,500,台南,41,28.09,Safe,AQI良好或為室內設施,2026-03-03 19:07:25
新興竹田聯合社區活動中心,1鄰東竹10號,23.2261,121.2899,True,80,台東,25,53.88,Safe,AQI良好或為室內設施,2026-03-03 19:07:25
臺南市六甲區王爺里活動中心,番子坑19-1號黃萬枝旁,23.2266,120.4002,True,100,嘉義,44,28.63,Safe,AQI良好或為室內設施,2026-03-03 19:07:25
臺南市六甲區甲南里活動中心,珊瑚路17巷2-1號,23.2267,120.3526,True,100,台南,41,28.31,Safe,AQI良好或為室內設施,2026-03-03 19:07:25
臺南市六甲區六甲國中,民權街43號,23.2271,120.3489,True,400,台南,41,28.18,Safe,AQI良好或為室內設施,2026-03-03 19:07:25
臺南市六甲區二甲里活動中心,建工街266號,23.2278,120.3461,True,50,台南,41,28.12,Safe,AQI良好或為室內設施,2026-03-03 19:07:25
臺南市學甲區東陽國小活動中心,華宗路260號,23.2279,120.1835,True,500,台南,41,25.74,Safe,AQI良好或為室內設施,2026-03-03 19:07:25
臺南市六甲區六甲里活動中心,信義街238巷14弄17號,23.2295,120.3493,True,200,台南,41,28.43,Safe,AQI良好或為室內設施,2026-03-03 19:07:25
學甲區綜合體育館,建國路37-7號,23.229895,120.181455,True,250,台南,41,25.99,Safe,AQI良好或為室內設施,2026-03-03 19:07:25
臺南市學甲藝文展示館,建國路36號,23.2299,120.1822,True,150,台南,41,25.98,Safe,AQI良好或為室內設施,2026-03-03 19:07:25
臺南市學甲區公所,華宗路313號,23.230484,120.18247,True,300,台南,41,26.04,Safe,AQI良好或為室內設施,2026-03-03 19:07:25
臺南市學甲區慈福里活動中心,民生路1號,23.2312,120.1836,True,90,台南,41,26.1,Safe,AQI良好或為室內設施,2026-03-03 19:07:25
臺南市六甲區甲東里活動中心,忠孝街215號,23.2313,120.3553,True,30,台南,41,28.89,Safe,AQI良好或為室內設施,2026-03-03 19:07:25
臺南市六甲區公所,中山路202號,23.2315,120.3475,True,100,台南,41,28.55,Safe,AQI良好或為室內設施,2026-03-03 19:07:25
臺南市六甲區多功能運動公園,和平街479號,23.232106,120.344149,False,500,台南,41,28.47,Safe,AQI良好或為室內設施,2026-03-03 19:07:25
臺南市下營區下營國小活動中心,中山路二段72號,23.2322,120.2606,True,400,台南,41,26.06,Safe,AQI良好或為室內設施,2026-03-03 19:07:25
臺南市學甲區慈濟宮,濟生路170號,23.2335,120.1805,True,180,台南,41,26.41,Safe,AQI良好或為室內設施,2026-03-03 19:07:25
臺南市六甲區水林里活動中心,民族街269號,23.2335,120.3466,True,100,台南,41,28.72,Safe,AQI良好或為室內設施,2026-03-03 19:07:25
臺南市下營區大屯社區活動中心,大屯寮23之2號,23.2343,120.2388,True,160,台南,41,26.09,Safe,AQI良好或為室內設施,2026-03-03 19:07:25
臺南市下營區下營上帝廟,中山路一段1號,23.235185,120.26102,True,170,台南,41,26.39,Safe,AQI良好或為室內設施,2026-03-03 19:07:25
烏石鼻社區活動中心,12鄰21-2號,23.235256,121.413271,True,60,台東,25,59.36,Safe,AQI良好或為室內設施,2026-03-03 19:07:25
臺南市六甲區菁埔里活動中心,菁埔83號,23.2359,120.3025,True,150,台南,41,27.36,Safe,AQI良好或為室內設施,2026-03-03 19:07:25
臺南市六甲區中社里活動中心,中社351號,23.237,120.3258,True,100,台南,41,28.24,Safe,AQI良好或為室內設施,2026-03-03 19:07:25
臺南市學甲區學甲國小體育館,一秀30號,23.2378,120.1745,True,300,台南,41,26.99,Safe,AQI良好或為室內設施,2026-03-03 19:07:25
臺南市北門區東隆宮,95號,23.2385,120.1121,True,200,台南,41,29.01,Safe,AQI良好或為室內設施,2026-03-03 19:07:25
臺南市下營區下營國中活動中心,中山路一段412號,23.2387,120.2715,True,550,台南,41,26.94,Safe,AQI良好或為室內設施,2026-03-03 19:07:25
臺南市六甲區林鳳國小,中社240號,23.239,120.3257,True,300,台南,41,28.44,Safe,AQI良好或為室內設施,2026-03-03 19:07:25
拉芙蘭里活動中心,南橫公路5段108號,23.239,120.8116,True,70,嘉義,44,45.7,Safe,AQI良好或為室內設施,2026-03-03 19:07:25
臺南市下營區下營地區民眾活動中心,大孝街1號,23.2418,120.2625,True,200,台南,41,27.14,Safe,AQI良好或為室內設施,2026-03-03 19:07:25
寧埔國民小學,10鄰41號,23.244341,121.414152,True,140,花蓮,28,59.76,Safe,AQI良好或為室內設施,2026-03-03 19:07:25
長濱聯合村辦公處,4鄰9號,23.244736,121.416268,True,70,花蓮,28,59.64,Safe,AQI良好或為室內設施,2026-03-03 19:07:25
寧埔社區活動中心,10鄰15號,23.244736,121.416268,True,120,花蓮,28,59.64,Safe,AQI良好或為室內設施,2026-03-03 19:07:25
竹湖國民小學,10鄰14號,23.244736,121.416268,True,140,花蓮,28,59.64,Safe,AQI良好或為室內設施,2026-03-03 19:07:25
樟原國民小學,1鄰7號,23.244736,121.416268,True,140,花蓮,28,59.64,Safe,AQI良好或為室內設施,2026-03-03 19:07:25
臺南市學甲區中洲國小禮堂,中洲645號,23.2451,120.1599,True,350,台南,41,28.11,Safe,AQI良好或為室內設施,2026-03-03 19:07:25
臺南市下營區紅厝社區活動中心,紅毛厝57號,23.2455,120.2671,True,80,台南,41,27.62,Safe,AQI良好或為室內設施,2026-03-03 19:07:25
光榮社區活動中心,00鄰00號,23.247318,121.413361,True,100,花蓮,28,59.47,Safe,AQI良好或為室內設施,2026-03-03 19:07:25
高雄市那瑪夏區民權國民小學,平和巷220號,23.2478,120.7021,True,300,嘉義,44,36.53,Safe,AQI良好或為室內設施,2026-03-03 19:07:25
西興村活動中心,菜瓜坪4號之2,23.2491,120.5732,True,32,嘉義,44,28.64,Safe,AQI良好或為室內設施,2026-03-03 19:07:25
臺南市六甲區龜港里活動中心,龜子港80巷38弄8號,23.2499,120.3084,True,100,台南,41,29.02,Safe,AQI良好或為室內設施,2026-03-03 19:07:25
臺南市下營區甲中里活動中心,十六甲29-1號,23.2504,120.274,True,90,台南,41,28.27,Safe,AQI良好或為室內設施,2026-03-03 19:07:25
萬寧社區活動中心,7鄰鎮寧100號,23.251,121.2982,True,50,台東,25,56.77,Safe,AQI良好或為室內設施,2026-03-03 19:07:25
高雄市桃源區樟山國民小學,南橫公路五段440號,23.252766,120.819366,True,393,嘉義,44,45.47,Safe,AQI良好或為室內設施,2026-03-03 19:07:25
八桑安社區社活動中心,35號,23.253252,121.418162,True,110,花蓮,28,58.69,Safe,AQI良好或為室內設施,2026-03-03 19:07:25
臺南市下營區賀建國小活動中心,麻豆寮49號,23.2541,120.2969,True,200,台南,41,29.16,Safe,AQI良好或為室內設施,2026-03-03 19:07:25
臺南市鹽水區?頭港國小,南港202號,23.2557,120.2498,False,250,台南,41,28.54,Safe,AQI良好或為室內設施,2026-03-03 19:07:25
臺南市柳營區果毅後多功活動中心廣場,神農284-5號,23.2571,120.3672,False,100,嘉義,44,26.17,Safe,AQI良好或為室內設施,2026-03-03 19:07:25
臺南市柳營區果毅後多功活動中心,神農284-5號,23.2571,120.3672,True,100,嘉義,44,26.17,Safe,AQI良好或為室內設施,2026-03-03 19:07:25
臺南市柳營區果毅國小運動場,果毅61號,23.2577,120.3719,False,600,嘉義,44,25.95,Safe,AQI良好或為室內設施,2026-03-03 19:07:25
臺南市新營區新橋國民小學,鐵線1號,23.2649,120.2684,True,650,台南,41,29.77,Safe,AQI良好或為室內設施,2026-03-03 19:07:25
馬舒霍爾文化聚會所,梅山35之8號,23.2658,120.8248,True,200,嘉義,44,45.15,Safe,AQI良好或為室內設施,2026-03-03 19:07:25
臺南市東山區水雲活動中心,水雲29號,23.2667,120.4183,True,40,嘉義,44,23.94,Safe,AQI良好或為室內設施,2026-03-03 19:07:25
臺南市柳營區柳營國小運動場,柳營路一段755號,23.266707,120.310478,False,400,嘉義,44,27.63,Safe,AQI良好或為室內設施,2026-03-03 19:07:25
臺南市鹽水區竹埔國小,竹子92-1號,23.267,120.2462,False,280,台南,41,29.77,Safe,AQI良好或為室內設施,2026-03-03 19:07:25
東里社區活動中心,1鄰福安路6-1號,23.2673,121.3052,True,50,台東,25,58.71,Safe,AQI良好或為室內設施,2026-03-03 19:07:25
臺南市北門區永隆宮,44號,23.2694,120.1238,True,200,台南,41,31.77,Safe,AQI良好或為室內設施,2026-03-03 19:07:25
臺南市北門區老人文康活動中心,66號,23.2707,120.1213,True,280,台南,41,31.99,Safe,AQI良好或為室內設施,2026-03-03 19:07:25
劉厝社區活動中心,劉厝131號,23.274909,120.250364,True,30,嘉義,44,30.53,Safe,AQI良好或為室內設施,2026-03-03 19:07:25
臺南市新營區新生國民小學,姑爺52號,23.2752,120.2589,True,550,嘉義,44,29.93,Safe,AQI良好或為室內設施,2026-03-03 19:07:25
民生國民中學,新民路601號,23.27536,120.262468,True,1192,嘉義,44,29.68,Safe,AQI良好或為室內設施,2026-03-03 19:07:25
臺南市東山區南溪活動中心,南溪14-11號,23.2754,120.399,True,40,嘉義,44,23.33,Safe,AQI良好或為室內設施,2026-03-03 19:07:25
南竹湖社活動中心,17鄰34號,23.275404,121.421409,True,80,花蓮,28,56.25,Safe,AQI良好或為室內設施,2026-03-03 19:07:25
長良社區活動中心,長良143-1號,23.2768,121.2878,True,20,台東,25,59.29,Safe,AQI良好或為室內設施,2026-03-03 19:07:25
臺南市柳營區圖書館,柳營路二段59號,23.2773,120.3124,True,50,嘉義,44,26.52,Safe,AQI良好或為室內設施,2026-03-03 19:07:25
臺南市柳營區公所,柳營路二段59號,23.2773,120.3124,True,50,嘉義,44,26.52,Safe,AQI良好或為室內設施,2026-03-03 19:07:25
臺南市柳營區柳營聯合活動中心,中山西路二段19巷35號,23.2775,120.3178,True,200,嘉義,44,26.21,Safe,AQI良好或為室內設施,2026-03-03 19:07:25
臺南市柳營區聯合活動中心廣場,中山西路二段19巷35號,23.2775,120.3178,False,300,嘉義,44,26.21,Safe,AQI良好或為室內設施,2026-03-03 19:07:25
清水社區活動中心,1鄰13號,23.2775,121.2725,True,50,台東,25,59.02,Safe,AQI良好或為室內設施,2026-03-03 19:07:25
吳江社區活動中心,6鄰吳江65-3號,23.2787,121.3227,True,70,花蓮,28,60.06,Safe,AQI良好或為室內設施,2026-03-03 19:07:25
臺南市東山區青山活動中心,青山31-1號,23.279,120.4682,True,50,嘉義,44,22.45,Safe,AQI良好或為室內設施,2026-03-03 19:07:25
臺南市柳營區柳營國中運動場,東昇563號,23.2794,120.3315,False,600,嘉義,44,25.34,Safe,AQI良好或為室內設施,2026-03-03 19:07:25
大光教會,大光巷116號,23.2796,120.7196,True,300,嘉義,44,35.49,Safe,AQI良好或為室內設施,2026-03-03 19:07:25
臺南市東山區高原活動中心,2鄰高原14-2號,23.2808,120.4703,True,165,嘉義,44,22.27,Safe,AQI良好或為室內設施,2026-03-03 19:07:25
竹湖活動中心,11鄰43-3號,23.282134,121.4262,True,70,花蓮,28,55.38,Safe,AQI良好或為室內設施,2026-03-03 19:07:25
臺南市東山區東原老人活動中心,東原8號,23.2828,120.4397,True,150,嘉義,44,21.96,Safe,AQI良好或為室內設施,2026-03-03 19:07:25
大溪社區活動中心,大溪厝路593附1號,23.285036,120.241078,True,50,嘉義,44,30.35,Safe,AQI良好或為室內設施,2026-03-03 19:07:25
臺南市柳營區重溪國小運動場,重溪1號,23.2859,120.3641,False,600,嘉義,44,23.27,Safe,AQI良好或為室內設施,2026-03-03 19:07:25
臺南市北門區保安宮,760號,23.2862,120.1362,True,50,台南,41,33.16,Safe,AQI良好或為室內設施,2026-03-03 19:07:25
臺南市北門區南鯤鯓代天府,976號,23.2863,120.1434,True,600,台南,41,32.97,Safe,AQI良好或為室內設施,2026-03-03 19:07:25
臺南市新營區新興國民小學,太南316號,23.2867,120.2761,True,300,嘉義,44,27.83,Safe,AQI良好或為室內設施,2026-03-03 19:07:25
斑芝花高爾夫俱樂部,班芝花坑39號,23.28672,120.44937,True,50,嘉義,44,21.5,Safe,AQI良好或為室內設施,2026-03-03 19:07:25
臺南市柳營區小腳腿多功活動中心廣場,篤農226-1號,23.2902,120.368,False,100,嘉義,44,22.68,Safe,AQI良好或為室內設施,2026-03-03 19:07:25
臺南市柳營區小腳腿多功活動中心,篤農226-1號,23.2902,120.368,True,200,嘉義,44,22.68,Safe,AQI良好或為室內設施,2026-03-03 19:07:25
臺南市柳營區太康國小運動場,太康4-1號,23.2904,120.3294,False,200,嘉義,44,24.38,Safe,AQI良好或為室內設施,2026-03-03 19:07:25
臺南市新營區太子國民中學,太北140之21號,23.2913,120.2721,True,400,嘉義,44,27.7,Safe,AQI良好或為室內設施,2026-03-03 19:07:25
臺南市鹽水區歡雅國小,歡雅31號,23.2923,120.2434,True,100,嘉義,44,29.61,Safe,AQI良好或為室內設施,2026-03-03 19:07:25
大埔國中小國中室內,茄苳村竹圍仔5號,23.2933,120.591,True,137,嘉義,44,25.32,Safe,AQI良好或為室內設施,2026-03-03 19:07:25
大埔國中小國中室外,茄苳村竹圍仔5號,23.2933,120.591,False,200,嘉義,44,25.32,Safe,AQI良好或為室內設施,2026-03-03 19:07:25
大埔國中小坪林分校-室內,8鄰坪林24號,23.2934,120.5857,True,54,嘉義,44,25.01,Safe,AQI良好或為室內設施,2026-03-03 19:07:25
茄苳活動中心,茄苳村竹圍仔38之1號,23.2938,120.5902,True,34,嘉義,44,25.23,Safe,AQI良好或為室內設施,2026-03-03 19:07:25
大埔國中小國小室內,大埔村57號,23.2944,120.5917,True,50,嘉義,44,25.26,Safe,AQI良好或為室內設施,2026-03-03 19:07:25
大埔國中小國小室外,大埔村57號,23.2944,120.5917,False,200,嘉義,44,25.26,Safe,AQI良好或為室內設施,2026-03-03 19:07:25
臺南市東山區東河活動中心,2鄰東河16-1號,23.2945,120.3857,True,70,嘉義,44,21.63,Safe,AQI良好或為室內設施,2026-03-03 19:07:25
大埔圖書館,607嘉義縣大埔鄉53之2號,23.2949,120.5932,True,20,嘉義,44,25.31,Safe,AQI良好或為室內設施,2026-03-03 19:07:25
臺南市新營區太子爺廟香客大樓,太子宮45-2號、45-9號,23.2955,120.2743,True,150,嘉義,44,27.2,Safe,AQI良好或為室內設施,2026-03-03 19:07:25
卓樂社區活動中心,12鄰18號,23.2956,121.2703,True,50,台東,25,60.94,Safe,AQI良好或為室內設施,2026-03-03 19:07:25
永福社區活動中心,2鄰永福26-2號,23.296186,121.434067,True,140,花蓮,28,53.64,Safe,AQI良好或為室內設施,2026-03-03 19:07:25
茶山國小室內,3鄰47號,23.298248,120.666773,True,30,嘉義,44,30.04,Safe,AQI良好或為室內設施,2026-03-03 19:07:25
大埔零售公有市場,162-9號,23.2986,120.5938,True,123,嘉義,44,25.01,Safe,AQI良好或為室內設施,2026-03-03 19:07:25
臺南市新營區南梓國民小學,建業路191號,23.299,120.298,True,700,嘉義,44,25.36,Safe,AQI良好或為室內設施,2026-03-03 19:07:25
北極殿,大埔村137號,23.2991,120.5942,True,13,嘉義,44,24.99,Safe,AQI良好或為室內設施,2026-03-03 19:07:25
臺南市鹽水區仁光國小,舊營117號,23.299369,120.25746,True,220,嘉義,44,28.04,Safe,AQI良好或為室內設施,2026-03-03 19:07:25
臺南市新營區公誠國民小學,公誠街5號,23.3036,120.3189,True,650,嘉義,44,23.7,Safe,AQI良好或為室內設施,2026-03-03 19:07:25
臺南市新營區新民國民小學,公園路一段136號,23.3052,120.3063,True,500,嘉義,44,24.3,Safe,AQI良好或為室內設施,2026-03-03 19:07:25
臺南市新營區新營國民小學,中正路4號,23.3062,120.3165,True,1150,嘉義,44,23.6,Safe,AQI良好或為室內設施,2026-03-03 19:07:25
過路國小-室內,279號,23.3064,120.2082,True,30,嘉義,44,31.26,Safe,AQI良好或為室內設施,2026-03-03 19:07:25
過路國小-室外,279號,23.3064,120.2082,False,300,嘉義,44,31.26,Safe,AQI良好或為室內設施,2026-03-03 19:07:25
和順國小-室外,356號,23.3067,120.1817,False,200,嘉義,44,33.41,Safe,AQI良好或為室內設施,2026-03-03 19:07:25
田組真耶穌教會,37號,23.307393,121.440989,True,80,花蓮,28,52.23,Safe,AQI良好或為室內設施,2026-03-03 19:07:25
臺南市新營區大宏王公社區活動中心,民族路21-62號,23.3085,120.3181,True,150,嘉義,44,23.3,Safe,AQI良好或為室內設施,2026-03-03 19:07:25
臺南市新營區南新國民中學,民治路65號,23.3092,120.3088,True,1450,嘉義,44,23.79,Safe,AQI良好或為室內設施,2026-03-03 19:07:25
河東國小六溪分校,六溪26號,23.3092,120.4595,True,112,嘉義,44,19.03,Safe,AQI良好或為室內設施,2026-03-03 19:07:25
臺南市東山區聖賢里頂田活動中心,19鄰聖賢50-4號,23.3096,120.3472,True,72,嘉義,44,21.62,Safe,AQI良好或為室內設施,2026-03-03 19:07:25
臺南市新營區公所,中正路30號,23.31,120.3166,True,150,嘉義,44,23.25,Safe,AQI良好或為室內設施,2026-03-03 19:07:25
長濱國中,15鄰180號,23.314728,121.458956,True,140,花蓮,28,50.89,Safe,AQI良好或為室內設施,2026-03-03 19:07:25
臺南市新營區新進國民小學,中正路41號,23.315,120.3164,True,850,嘉義,44,22.81,Safe,AQI良好或為室內設施,2026-03-03 19:07:25
埔頂集會所,4鄰埔頂13-1號,23.3156,120.5801,True,17,嘉義,44,22.66,Safe,AQI良好或為室內設施,2026-03-03 19:07:25
臺南市新營區新泰國民小學,東學路77號,23.3161,120.3273,True,300,嘉義,44,22.07,Safe,AQI良好或為室內設施,2026-03-03 19:07:25
臺南市東山區東山國中,青葉路一段132號,23.3166,120.4031,True,1000,嘉義,44,18.78,Safe,AQI良好或為室內設施,2026-03-03 19:07:25
臺南市鹽水區月津國小,月津路16號,23.3168,120.2663,True,770,嘉義,44,26.03,Safe,AQI良好或為室內設施,2026-03-03 19:07:25
臺南市東山區北勢寮泉福宮,9鄰聖賢76-3號,23.3169,120.3655,True,72,嘉義,44,20.05,Safe,AQI良好或為室內設施,2026-03-03 19:07:25
臺南市鹽水區老人文康中心,治水路254-1號,23.3179,120.2635,True,150,嘉義,44,26.15,Safe,AQI良好或為室內設施,2026-03-03 19:07:25
樂合社區活動中心,樂合65-5號,23.3183,121.345,True,35,花蓮,28,55.1,Safe,AQI良好或為室內設施,2026-03-03 19:07:25
臺南市鹽水區公所,中山路47號,23.3197,120.2662,True,180,嘉義,44,25.82,Safe,AQI良好或為室內設施,2026-03-03 19:07:25
臺南市新營區土庫國民小學,土庫71之1號,23.3197,120.3452,False,300,嘉義,44,20.75,Safe,AQI良好或為室內設施,2026-03-03 19:07:25
臺南市鹽水區鹽水國中,三福路63號,23.3213,120.2631,True,530,嘉義,44,25.92,Safe,AQI良好或為室內設施,2026-03-03 19:07:25
源城社區活動中心,水源57-1號,23.3219,121.3004,True,35,花蓮,28,57.11,Safe,AQI良好或為室內設施,2026-03-03 19:07:25
臺南市鹽水區鹽水國小,朝琴路137號,23.3226,120.2707,True,390,嘉義,44,25.26,Safe,AQI良好或為室內設施,2026-03-03 19:07:25
臺南市東山區東山國小,青葉路二段49號,23.3234,120.4048,True,800,嘉義,44,18.0,Safe,AQI良好或為室內設施,2026-03-03 19:07:25
臺南市東山區碧軒寺,12鄰東山218號,23.3252,120.4038,True,300,嘉義,44,17.83,Safe,AQI良好或為室內設施,2026-03-03 19:07:25
真柄社區活動中心,2鄰12號,23.32597,121.439437,True,100,花蓮,28,50.34,Safe,AQI良好或為室內設施,2026-03-03 19:07:25
玉里慈惠堂,信義路5號,23.3275,121.3139,True,40,花蓮,28,55.84,Safe,AQI良好或為室內設施,2026-03-03 19:07:25
臺南市後壁區福安社區活動中心,福安170-2號,23.3288,120.3567,True,45,嘉義,44,19.29,Safe,AQI良好或為室內設施,2026-03-03 19:07:25
長光社區活動中心,24鄰長光105-1號,23.329484,121.461868,True,110,花蓮,28,49.24,Safe,AQI良好或為室內設施,2026-03-03 19:07:25
臺南市鹽水區岸內國小,新岸內96號,23.3295,120.2609,True,50,嘉義,44,25.48,Safe,AQI良好或為室內設施,2026-03-03 19:07:25
新塭國小-室內,新塭374號,23.3303,120.1606,True,193,嘉義,44,33.83,Safe,AQI良好或為室內設施,2026-03-03 19:07:25
新塭國小-室外,新塭374號,23.330464,120.160148,False,1139,嘉義,44,33.86,Safe,AQI良好或為室內設施,2026-03-03 19:07:25
仙草國小關嶺分校,關嶺94之3號,23.3307,120.5074,False,1033,嘉義,44,17.65,Safe,AQI良好或為室內設施,2026-03-03 19:07:25
忠勇國小,58號,23.331466,121.43699,True,130,花蓮,28,49.85,Safe,AQI良好或為室內設施,2026-03-03 19:07:25
臺南市後壁區長安社區活動中心,長安105-1號,23.3323,120.3564,True,50,嘉義,44,18.96,Safe,AQI良好或為室內設施,2026-03-03 19:07:25
臺南市後壁區頂安社區活動中心,頂安91-1號,23.3327,120.3525,True,150,嘉義,44,19.13,Safe,AQI良好或為室內設施,2026-03-03 19:07:25
義竹鄉老人文康中心,333-1號,23.33444,120.241899,True,50,嘉義,44,26.63,Safe,AQI良好或為室內設施,2026-03-03 19:07:25
臺南市後壁區烏樹社區活動中心,烏樹78號,23.3347,120.3777,True,20,嘉義,44,17.73,Safe,AQI良好或為室內設施,2026-03-03 19:07:25
中正堂,中正路144號,23.3352,121.3153,True,100,花蓮,28,55.04,Safe,AQI良好或為室內設施,2026-03-03 19:07:25
義竹鄉修緣禪寺,245-10號,23.3357,120.2434,True,50,嘉義,44,26.43,Safe,AQI良好或為室內設施,2026-03-03 19:07:25
大林社區活動中心,檨子林20之16號,23.3357,120.4412,True,65,嘉義,44,16.08,Safe,AQI良好或為室內設施,2026-03-03 19:07:25
義竹慈化寺,220-1號,23.3358,120.2443,True,50,嘉義,44,26.35,Safe,AQI良好或為室內設施,2026-03-03 19:07:25
義竹國小中正堂,208號,23.3359,120.2456,False,250,嘉義,44,26.24,Safe,AQI良好或為室內設施,2026-03-03 19:07:25
義竹國小-室外,208號,23.3359,120.2456,False,1000,嘉義,44,26.24,Safe,AQI良好或為室內設施,2026-03-03 19:07:25
南興國小東華分校-室內,1號,23.3368,120.2463,True,40,嘉義,44,26.12,Safe,AQI良好或為室內設施,2026-03-03 19:07:25
南興國小東華分校-室外,1號,23.3368,120.2463,False,100,嘉義,44,26.12,Safe,AQI良好或為室內設施,2026-03-03 19:07:25
南寮土地公廟前廣場,南寮4號,23.3369,120.5552,False,150,嘉義,44,19.26,Safe,AQI良好或為室內設施,2026-03-03 19:07:25
好美國小-室外,虎尾寮106號,23.337005,120.13813,False,856,嘉義,44,35.5,Safe,AQI良好或為室內設施,2026-03-03 19:07:25
好美國小-室內,虎尾寮106號,23.3373,120.1379,True,45,嘉義,44,35.5,Safe,AQI良好或為室內設施,2026-03-03 19:07:25
臺南市後壁區新東長老基督教會,新東144號,23.3377,120.3323,True,165,嘉義,44,19.82,Safe,AQI良好或為室內設施,2026-03-03 19:07:25
新美國小室內,4鄰78號,23.337733,120.683345,True,160,嘉義,44,28.67,Safe,AQI良好或為室內設施,2026-03-03 19:07:25
東豐社區活動中心,東豐石岡32之1號,23.3389,121.3399,True,25,花蓮,28,53.37,Safe,AQI良好或為室內設施,2026-03-03 19:07:25
南興國小-室外,77號,23.3408,120.1928,False,240,嘉義,44,30.4,Safe,AQI良好或為室內設施,2026-03-03 19:07:25
新岑社區活動中心,郭岑寮7號之26,23.340872,120.171569,True,62,嘉義,44,32.28,Safe,AQI良好或為室內設施,2026-03-03 19:07:25
臺南市後壁區新厝活動中心,竹新33號,23.3422,120.3013,True,40,嘉義,44,21.51,Safe,AQI良好或為室內設施,2026-03-03 19:07:25
義竹國中-室外,59-2號,23.34264,120.24985,False,1000,嘉義,44,25.44,Safe,AQI良好或為室內設施,2026-03-03 19:07:25
新岑國小-室外,郭岑寮4號,23.34271,120.174442,False,134,嘉義,44,31.92,Safe,AQI良好或為室內設施,2026-03-03 19:07:25
臺南市後壁區竹新社區活動中心,竹新106號,23.3433,120.3023,True,70,嘉義,44,21.35,Safe,AQI良好或為室內設施,2026-03-03 19:07:25
仙草國小,仙草22號,23.3439,120.4738,True,166,嘉義,44,15.35,Safe,AQI良好或為室內設施,2026-03-03 19:07:25
河東國小,河東83-1號,23.3443,120.4378,True,405,嘉義,44,15.14,Safe,AQI良好或為室內設施,2026-03-03 19:07:25
臺南市後壁區新嘉國小,新嘉210-2號,23.3444,120.316,True,400,嘉義,44,20.3,Safe,AQI良好或為室內設施,2026-03-03 19:07:25
仙草社區活動中心,仙草埔7之5號,23.3449,120.4734,True,30,嘉義,44,15.24,Safe,AQI良好或為室內設施,2026-03-03 19:07:25
河東農村社區活動中心,糞箕湖80之19號,23.3456,120.4365,True,200,嘉義,44,15.01,Safe,AQI良好或為室內設施,2026-03-03 19:07:25
卓溪多功能活動中心,7鄰73號,23.3457,121.3038,True,50,花蓮,28,54.71,Safe,AQI良好或為室內設施,2026-03-03 19:07:25
臺南市後壁區嘉苳社區活動中心,嘉苳67-2號,23.351,120.3637,True,120,嘉義,44,16.79,Safe,AQI良好或為室內設施,2026-03-03 19:07:25
白河區公所,三民路381號,23.351,120.4157,True,50,嘉義,44,14.75,Safe,AQI良好或為室內設施,2026-03-03 19:07:25
白河國小,三民路448號,23.351,120.4157,True,200,嘉義,44,14.75,Safe,AQI良好或為室內設施,2026-03-03 19:07:25
白河商工,新興路528號,23.3527,120.4164,True,265,嘉義,44,14.55,Safe,AQI良好或為室內設施,2026-03-03 19:07:25
臺南市後壁區仕安社區活動中心,仕安72號,23.3539,120.32,True,200,嘉義,44,19.25,Safe,AQI良好或為室內設施,2026-03-03 19:07:25
長濱鄉老人會館,7鄰48號,23.355514,121.469004,True,80,花蓮,28,46.26,Safe,AQI良好或為室內設施,2026-03-03 19:07:25
三間國民小學,7鄰16號,23.35573,121.467768,True,110,花蓮,28,46.27,Safe,AQI良好或為室內設施,2026-03-03 19:07:25
中山藤寮分校童軍營區前排教室-室內,石?村藤寮54號,23.3558,120.5413,True,50,嘉義,44,16.72,Safe,AQI良好或為室內設施,2026-03-03 19:07:25
大埔國小永興分校舊校址-室內,永興22號,23.3566,120.5914,True,22,嘉義,44,19.99,Safe,AQI良好或為室內設施,2026-03-03 19:07:25
布袋國中-室內,六棟寮40號,23.3595,120.1809,True,187,嘉義,44,30.47,Safe,AQI良好或為室內設施,2026-03-03 19:07:25
布袋國中-室外,六棟寮40號,23.3595,120.1809,False,424,嘉義,44,30.47,Safe,AQI良好或為室內設施,2026-03-03 19:07:25
白河國中,三間厝220號,23.3614,120.4239,True,250,嘉義,44,13.45,Safe,AQI良好或為室內設施,2026-03-03 19:07:25
社口國小 室外,2鄰8號,23.3627,120.5476,True,50,嘉義,44,16.47,Safe,AQI良好或為室內設施,2026-03-03 19:07:25
臺南市後壁區平安社區活動中心,平安58-5號,23.3632,120.3334,True,70,嘉義,44,17.56,Safe,AQI良好或為室內設施,2026-03-03 19:07:25
臺南市後壁區公所總站,後壁129號,23.3658,120.362,True,120,嘉義,44,15.51,Safe,AQI良好或為室內設施,2026-03-03 19:07:25
臺南市後壁區頂長社區活動中心,長短樹58號,23.3659,120.3293,True,40,嘉義,44,17.63,Safe,AQI良好或為室內設施,2026-03-03 19:07:25
西平社區活動中心,莊敬街26號,23.366378,120.366378,True,18,嘉義,44,15.2,Safe,AQI良好或為室內設施,2026-03-03 19:07:25
香田國小,儒林路10-1號,23.366378,120.366378,True,60,嘉義,44,15.2,Safe,AQI良好或為室內設施,2026-03-03 19:07:25
中西社區活動中心,中三路1號,23.366378,120.366378,True,60,嘉義,44,15.2,Safe,AQI良好或為室內設施,2026-03-03 19:07:25
廣興國小,廣興巷2-1號,23.366378,120.366378,True,75,嘉義,44,15.2,Safe,AQI良好或為室內設施,2026-03-03 19:07:25
老人文康活動中心,明德街249號,23.366378,120.366378,True,303,嘉義,44,15.2,Safe,AQI良好或為室內設施,2026-03-03 19:07:25
臺南市後壁區後壁侯伯社區活動中心,後壁193號,23.3673,120.3664,True,150,嘉義,44,15.12,Safe,AQI良好或為室內設施,2026-03-03 19:07:25
大竹國小,大竹3號,23.3683,120.4127,True,30,嘉義,44,12.97,Safe,AQI良好或為室內設施,2026-03-03 19:07:25
頂六國小活動中心-室內,金蘭村頂山門25號,23.3703,120.509,True,100,嘉義,44,13.65,Safe,AQI良好或為室內設施,2026-03-03 19:07:25
中埔國小-室外,中正路1號,23.3703,120.509,False,2500,嘉義,44,13.65,Safe,AQI良好或為室內設施,2026-03-03 19:07:25
中埔國中活動中心-室內,中埔村177號,23.3707,120.4975,True,500,嘉義,44,13.13,Safe,AQI良好或為室內設施,2026-03-03 19:07:25
臺南市後壁區新嘉社區活動中心,新嘉172號,23.3721,120.3103,True,55,嘉義,44,18.57,Safe,AQI良好或為室內設施,2026-03-03 19:07:25
臺南市後壁區新東國小,仕安81號,23.3727,120.3095,True,400,嘉義,44,18.59,Safe,AQI良好或為室內設施,2026-03-03 19:07:25
臺南市後壁區土溝社區活動中心,土溝56-18號,23.3734,120.3872,True,150,嘉義,44,13.44,Safe,AQI良好或為室內設施,2026-03-03 19:07:25
下潭國小室外,196號,23.373691,120.28601,False,250,嘉義,44,20.42,Safe,AQI良好或為室內設施,2026-03-03 19:07:25
隙頂國小草山分校舊校址-室內,22號,23.3745,120.6371,True,22,嘉義,44,22.49,Safe,AQI良好或為室內設施,2026-03-03 19:07:25
下潭社區活動中心,196號,23.374584,120.286841,True,180,嘉義,44,20.29,Safe,AQI良好或為室內設施,2026-03-03 19:07:25
竹門國小,竹門113號,23.3766,120.445,True,95,嘉義,44,11.52,Safe,AQI良好或為室內設施,2026-03-03 19:07:25
九江社區活動中心,環河街1號,23.3773,120.1565,True,49,嘉義,44,31.97,Safe,AQI良好或為室內設施,2026-03-03 19:07:25
臺南市後壁區菁寮墨林社區活動中心,菁寮77號,23.3785,120.3351,True,100,嘉義,44,16.21,Safe,AQI良好或為室內設施,2026-03-03 19:07:25
臺南市後壁區菁寮國小,墨林282號,23.3787,120.339,True,400,嘉義,44,15.92,Safe,AQI良好或為室內設施,2026-03-03 19:07:25
布新國小-室內,文昌街61號,23.3788,120.1522,True,133,嘉義,44,32.32,Safe,AQI良好或為室內設施,2026-03-03 19:07:25
臺南市後壁區菁豐社區活動中心,菁豐68-3號,23.3788,120.3469,True,200,嘉義,44,15.35,Safe,AQI良好或為室內設施,2026-03-03 19:07:25
布新國小-室外,文昌街61號,23.378925,120.152166,True,1003,嘉義,44,32.32,Safe,AQI良好或為室內設施,2026-03-03 19:07:25
光榮國小-室內,64號,23.3795,120.2474,True,70,嘉義,44,23.42,Safe,AQI良好或為室內設施,2026-03-03 19:07:25
光榮國小-室外,64號,23.3795,120.2474,False,280,嘉義,44,23.42,Safe,AQI良好或為室內設施,2026-03-03 19:07:25
玉豐國小,玉豐85號,23.3802,120.4159,True,50,嘉義,44,11.61,Safe,AQI良好或為室內設施,2026-03-03 19:07:25
大禹社區活動中心,大禹226號,23.3805,121.3289,True,40,花蓮,28,50.07,Safe,AQI良好或為室內設施,2026-03-03 19:07:25
臺南市後壁區德馨宮,墨林321號,23.3808,120.3358,True,120,嘉義,44,15.99,Safe,AQI良好或為室內設施,2026-03-03 19:07:25
中埔國小活動中心-室內,中埔村中正路1號,23.3815,120.5307,True,100,嘉義,44,13.77,Safe,AQI良好或為室內設施,2026-03-03 19:07:25
同仁國小 室外,同仁24號,23.3815,120.5307,False,600,嘉義,44,13.77,Safe,AQI良好或為室內設施,2026-03-03 19:07:25
臺南市後壁區崁頂社區活動中心,崁頂38-2號,23.3818,120.3451,True,100,嘉義,44,15.23,Safe,AQI良好或為室內設施,2026-03-03 19:07:25
布袋鎮立幼兒園,東港130號之21,23.381869,120.191066,True,96,嘉義,44,28.5,Safe,AQI良好或為室內設施,2026-03-03 19:07:25
見龍社區活動中心,內田2號之4,23.382,120.1808,True,55,嘉義,44,29.47,Safe,AQI良好或為室內設施,2026-03-03 19:07:25
布袋國小-室內,65號,23.3824,120.1712,True,140,嘉義,44,30.36,Safe,AQI良好或為室內設施,2026-03-03 19:07:25
布袋國小-室外,新厝仔65號,23.3824,120.1712,False,1407,嘉義,44,30.36,Safe,AQI良好或為室內設施,2026-03-03 19:07:25
景山國小-室外,東港136號,23.3827,120.1933,False,396,嘉義,44,28.26,Safe,AQI良好或為室內設施,2026-03-03 19:07:25
山美國小室內,61號,23.383138,120.668975,True,100,嘉義,44,24.89,Safe,AQI良好或為室內設施,2026-03-03 19:07:25
碧潭社區活動中心,18之3號,23.38451,120.297035,True,50,嘉義,44,18.81,Safe,AQI良好或為室內設施,2026-03-03 19:07:25
臺南市後壁區後?社區活動中心,後?49-1號,23.3846,120.3373,True,60,嘉義,44,15.58,Safe,AQI良好或為室內設施,2026-03-03 19:07:25
碧潭國小室外,184號,23.386773,120.299389,False,300,嘉義,44,18.47,Safe,AQI良好或為室內設施,2026-03-03 19:07:25
臺南市後壁區嘉田嘉民社區活動中心,嘉田76號,23.3868,120.3825,True,150,嘉義,44,12.4,Safe,AQI良好或為室內設施,2026-03-03 19:07:25
沄水社區活動中心,沄水村竹頭崎20號,23.3927,120.5195,True,30,嘉義,44,12.08,Safe,AQI良好或為室內設施,2026-03-03 19:07:25
重寮國小室外,160號,23.393291,120.315098,False,350,嘉義,44,16.74,Safe,AQI良好或為室內設施,2026-03-03 19:07:25
觀音社區活動中心,觀音9-1號,23.3951,121.3573,True,0,花蓮,28,47.12,Safe,AQI良好或為室內設施,2026-03-03 19:07:25
灣潭國小 室外,17鄰1-1號,23.3968,120.5333,True,140,嘉義,44,12.63,Safe,AQI良好或為室內設施,2026-03-03 19:07:25
內角國小,內角1號,23.3973,120.4409,True,280,嘉義,44,9.24,Safe,AQI良好或為室內設施,2026-03-03 19:07:25
瑞豐社區活動中心,瑞豐村坎?45號,23.3992,120.5266,True,30,嘉義,44,11.98,Safe,AQI良好或為室內設施,2026-03-03 19:07:25
圓山托兒所,同仁村同仁1-9號,23.4006,120.5121,True,50,嘉義,44,10.93,Safe,AQI良好或為室內設施,2026-03-03 19:07:25
和睦國小 室外,後庄16號,23.4036,120.5121,False,600,嘉義,44,10.66,Safe,AQI良好或為室內設施,2026-03-03 19:07:25
和興國小-室外,和興路91號,23.4036,120.5121,False,1000,嘉義,44,10.66,Safe,AQI良好或為室內設施,2026-03-03 19:07:25
重寮社區活動中心,15鄰99之1號,23.404675,120.341819,True,50,嘉義,44,13.79,Safe,AQI良好或為室內設施,2026-03-03 19:07:25
後堀社區活動中心,65之2號,23.404675,120.341819,True,60,嘉義,44,13.79,Safe,AQI良好或為室內設施,2026-03-03 19:07:25
達邦國小里佳分校室內,20鄰31號,23.405245,120.720934,True,10,嘉義,44,28.95,Safe,AQI良好或為室內設施,2026-03-03 19:07:25
太平國小,1鄰2號,23.406,121.3205,True,100,花蓮,28,48.27,Safe,AQI良好或為室內設施,2026-03-03 19:07:25
太平社區活動中心,6鄰79-1號,23.4071,121.3166,True,50,花蓮,28,48.41,Safe,AQI良好或為室內設施,2026-03-03 19:07:25
和美社區活動中心,和美村7鄰忠明路40巷8號,23.4072,120.5122,True,100,嘉義,44,10.35,Safe,AQI良好或為室內設施,2026-03-03 19:07:25
梅華活動中心,牛桃灣3-20號,23.408,120.2587,True,44,嘉義,44,21.01,Safe,AQI良好或為室內設施,2026-03-03 19:07:25
鹿草國中室外,439號,23.4099,120.3129,False,1500,嘉義,44,15.94,Safe,AQI良好或為室內設施,2026-03-03 19:07:25
鹿草國中室內,439號,23.410697,120.31309,True,80,嘉義,44,15.88,Safe,AQI良好或為室內設施,2026-03-03 19:07:25
同仁社區活動中心,同仁村11鄰同仁164號之5,23.4108,120.5488,True,30,嘉義,44,12.76,Safe,AQI良好或為室內設施,2026-03-03 19:07:25
南靖國小-室外,46號,23.4109,120.3774,False,880,嘉義,44,10.62,Safe,AQI良好或為室內設施,2026-03-03 19:07:25
松梅國小[室外],345號,23.4114,120.2505,False,400,嘉義,44,21.65,Safe,AQI良好或為室內設施,2026-03-03 19:07:25
鹿草國小室外,296號,23.41157,120.306853,False,400,嘉義,44,16.39,Safe,AQI良好或為室內設施,2026-03-03 19:07:25
隆興社區活動中心,隆興村中正路515號,23.4125,120.5299,True,30,嘉義,44,11.16,Safe,AQI良好或為室內設施,2026-03-03 19:07:25
和興國小圖書館-室內,和興村33鄰和興路91號,23.4129,120.5103,True,100,嘉義,44,9.74,Safe,AQI良好或為室內設施,2026-03-03 19:07:25
義興村活動中心,2鄰57-1號,23.418214,120.422844,True,100,嘉義,44,7.38,Safe,AQI良好或為室內設施,2026-03-03 19:07:25
義興國小-室外,2-1號,23.4184,120.4258,False,260,嘉義,44,7.26,Safe,AQI良好或為室內設施,2026-03-03 19:07:25
過溝國小-室內,頂厝1號,23.419651,120.183067,False,351,嘉義,44,27.96,Safe,AQI良好或為室內設施,2026-03-03 19:07:25
貴林國小-室外,82號,23.419879,120.214244,False,128,嘉義,44,24.88,Safe,AQI良好或為室內設施,2026-03-03 19:07:25
過溝多功能活動中心,過溝頂厝11號之2,23.4204,120.1822,True,226,嘉義,44,28.02,Safe,AQI良好或為室內設施,2026-03-03 19:07:25
龍門社區活動中心,龍門村龍山?33號,23.42188,120.517993,True,60,嘉義,44,9.56,Safe,AQI良好或為室內設施,2026-03-03 19:07:25
社口國小禮堂-室內,隆興村2鄰8號,23.4231,120.5241,True,30,嘉義,44,9.94,Safe,AQI良好或為室內設施,2026-03-03 19:07:25
大有國小圖書館-室內,裕民村石頭厝17號之1,23.4235,120.5235,True,50,嘉義,44,9.86,Safe,AQI良好或為室內設施,2026-03-03 19:07:25
東興社區活動中心,東興村5鄰25-1號,23.4242,120.5216,False,30,嘉義,44,9.66,Safe,AQI良好或為室內設施,2026-03-03 19:07:25
灣潭國小視聽教室-室內,灣潭村17鄰1-1號,23.4242,120.5216,True,50,嘉義,44,9.66,Safe,AQI良好或為室內設施,2026-03-03 19:07:25
中庄村活動中心,16鄰40之2號,23.424345,120.433218,True,50,嘉義,44,6.41,Safe,AQI良好或為室內設施,2026-03-03 19:07:25
中埔國中-室外,177號,23.4244,120.5176,False,1500,嘉義,44,9.34,Safe,AQI良好或為室內設施,2026-03-03 19:07:25
溪洲村活動中心,13鄰83-1號,23.424537,120.389382,True,35,嘉義,44,8.68,Safe,AQI良好或為室內設施,2026-03-03 19:07:25
忠和國中-室外,檳榔樹角6號,23.4246,120.4501,False,600,嘉義,44,6.17,Safe,AQI良好或為室內設施,2026-03-03 19:07:25
中埔鄉公所,中埔村128號,23.425153,120.522942,True,60,嘉義,44,9.7,Safe,AQI良好或為室內設施,2026-03-03 19:07:25
忠和國小-室外,檳榔樹角35號,23.4258,120.4479,False,750,嘉義,44,6.04,Safe,AQI良好或為室內設施,2026-03-03 19:07:25
水上國中-室外,進學街54號,23.4261,120.3974,False,1000,嘉義,44,7.99,Safe,AQI良好或為室內設施,2026-03-03 19:07:25
同仁國小-室內,同仁村24號,23.4278,120.5566,True,100,嘉義,44,12.41,Safe,AQI良好或為室內設施,2026-03-03 19:07:25
社口社區活動中心,社口村9鄰番仔坑7號之1,23.4283,120.5614,True,30,嘉義,44,12.82,Safe,AQI良好或為室內設施,2026-03-03 19:07:25
水上鄉公所三樓,水上村正義路141號,23.428457,120.39801,True,40,嘉義,44,7.75,Safe,AQI良好或為室內設施,2026-03-03 19:07:25
水上國小-室外,正義路182號,23.4288,120.3972,False,1400,嘉義,44,7.78,Safe,AQI良好或為室內設施,2026-03-03 19:07:25
中山國小視聽教室-室內,石?村22號,23.4288,120.5125,True,30,嘉義,44,8.62,Safe,AQI良好或為室內設施,2026-03-03 19:07:25
松浦社區活動中心,松浦214-3號,23.4293,121.3737,True,0,花蓮,28,43.02,Safe,AQI良好或為室內設施,2026-03-03 19:07:25
隙頂國小-室外,隙頂4號,23.4298,120.6601,False,44,嘉義,44,22.24,Safe,AQI良好或為室內設施,2026-03-03 19:07:25
隙頂國民小學-室內,隙頂40號,23.4298,120.6601,True,71,嘉義,44,22.24,Safe,AQI良好或為室內設施,2026-03-03 19:07:25
裕民社區活動中心,裕民村石頭厝8號之1,23.4315,120.5126,True,30,嘉義,44,8.44,Safe,AQI良好或為室內設施,2026-03-03 19:07:25
成功國小-室外,153號,23.4318,120.4756,False,600,嘉義,44,6.01,Safe,AQI良好或為室內設施,2026-03-03 19:07:25
三民社區活動中心,三民131-2號,23.4321,121.3498,True,25,花蓮,28,44.16,Safe,AQI良好或為室內設施,2026-03-03 19:07:25
竹村國小[室外],36號,23.4349,120.2389,False,400,嘉義,44,22.02,Safe,AQI良好或為室內設施,2026-03-03 19:07:25
柳林國小-室外,92號,23.4356,120.4151,False,1000,嘉義,44,6.04,Safe,AQI良好或為室內設施,2026-03-03 19:07:25
網寮國小-室內,?田27號,23.4361,120.1525,True,36,嘉義,44,30.65,Safe,AQI良好或為室內設施,2026-03-03 19:07:25
網寮國小-室外,?田27號,23.4361,120.1525,False,490,嘉義,44,30.65,Safe,AQI良好或為室內設施,2026-03-03 19:07:25
龍崗國小-室內,131號,23.4363,120.1832,True,38,嘉義,44,27.56,Safe,AQI良好或為室內設施,2026-03-03 19:07:25
龍崗國小-室外,131號,23.4363,120.1832,False,527,嘉義,44,27.56,Safe,AQI良好或為室內設施,2026-03-03 19:07:25
古楓社區活動中心,12鄰4號,23.4363,121.332,True,50,花蓮,28,44.89,Safe,AQI良好或為室內設施,2026-03-03 19:07:25
立山社區活動中心,6鄰58號,23.4363,121.332,True,50,花蓮,28,44.89,Safe,AQI良好或為室內設施,2026-03-03 19:07:25
深坑社區活動中心,深坑村深坑85號之2,23.4383,120.5273,True,30,嘉義,44,9.23,Safe,AQI良好或為室內設施,2026-03-03 19:07:25
塭仔村圓明寺,3鄰69號,23.4384,120.175,True,40,嘉義,44,28.34,Safe,AQI良好或為室內設施,2026-03-03 19:07:25
大埔國小永興分校-室外,永興22號,23.4384,120.6072,True,160,嘉義,44,16.78,Safe,AQI良好或為室內設施,2026-03-03 19:07:25
龍隱寺-室外,14鄰觸口1號,23.4384,120.6072,False,265,嘉義,44,16.78,Safe,AQI良好或為室內設施,2026-03-03 19:07:25
崁前活動中心,崁前24號,23.4389,120.2368,True,25,嘉義,44,22.13,Safe,AQI良好或為室內設施,2026-03-03 19:07:25
頂埔社區活動中心,頂埔村8鄰頂埔10-6號,23.439,120.5468,True,30,嘉義,44,10.96,Safe,AQI良好或為室內設施,2026-03-03 19:07:25
崙山國小,1鄰12號,23.4391,121.3443,True,100,花蓮,28,43.87,Safe,AQI良好或為室內設施,2026-03-03 19:07:25
崙山社區活動中心,1鄰11-1號,23.4393,121.3438,True,50,花蓮,28,43.88,Safe,AQI良好或為室內設施,2026-03-03 19:07:25
和興社區活動中心,和興村中華路305巷246號,23.4394,120.4516,True,30,嘉義,44,4.53,Safe,AQI良好或為室內設施,2026-03-03 19:07:25
金蘭社區活動中心,金蘭村1鄰14號,23.4401,120.5068,True,30,嘉義,44,7.38,Safe,AQI良好或為室內設施,2026-03-03 19:07:25
永慶高中[室外],信義二路1號,23.4402,120.3404,True,70,嘉義,44,11.94,Safe,AQI良好或為室內設施,2026-03-03 19:07:25
公田社區活動中心,番路鄉公田村6鄰34-1號,23.441,120.6382,True,35,嘉義,44,19.77,Safe,AQI良好或為室內設施,2026-03-03 19:07:25
和睦社區活動中心,和睦村14鄰公?42-18號,23.4427,120.4742,True,30,嘉義,44,4.88,Safe,AQI良好或為室內設施,2026-03-03 19:07:25
石?社區活動中心,石?村中山國小旁,23.4428,120.4536,True,50,嘉義,44,4.17,Safe,AQI良好或為室內設施,2026-03-03 19:07:25
嘉義市垃圾焚化廠,湖子內路741號,23.44316,120.44156,True,150,嘉義,44,4.18,Safe,AQI良好或為室內設施,2026-03-03 19:07:25
大崙國小-室外,111號,23.4434,120.3584,False,1000,嘉義,44,10.11,Safe,AQI良好或為室內設施,2026-03-03 19:07:25
義仁社區活動中心,義仁村挖仔厝17號前面,23.4443,120.529,True,30,嘉義,44,9.07,Safe,AQI良好或為室內設施,2026-03-03 19:07:25
春珠社區活動中心,1鄰8號,23.4446,120.3299,True,70,嘉義,44,12.78,Safe,AQI良好或為室內設施,2026-03-03 19:07:25
三和公園活動中心,和睦村13鄰中華路630巷43-3號,23.4447,120.459,True,30,嘉義,44,4.06,Safe,AQI良好或為室內設施,2026-03-03 19:07:25
大有國小-室外,石頭厝17之1,23.4456,120.4958,False,50,嘉義,44,6.12,Safe,AQI良好或為室內設施,2026-03-03 19:07:25
中山國小 室外,22號,23.4456,120.4958,False,100,嘉義,44,6.12,Safe,AQI良好或為室內設施,2026-03-03 19:07:25
灣潭社區活動中心,灣潭村客庄15鄰15-7號,23.4457,120.4597,True,30,嘉義,44,3.97,Safe,AQI良好或為室內設施,2026-03-03 19:07:25
逐鹿社區活動中心,18鄰梅花七路3巷1號,23.448022,120.582035,True,100,嘉義,44,14.02,Safe,AQI良好或為室內設施,2026-03-03 19:07:25
洲仔代天府,4鄰44-1號,23.4513,120.1945,True,300,嘉義,44,26.17,Safe,AQI良好或為室內設施,2026-03-03 19:07:25
頂六國小-室外,頂山門25號,23.4521,120.4632,False,1200,嘉義,44,3.43,Safe,AQI良好或為室內設施,2026-03-03 19:07:25
和睦國小綜合教室-室內,和美村後庄16號,23.452229,120.463166,True,100,嘉義,44,3.42,Safe,AQI良好或為室內設施,2026-03-03 19:07:25
十字村活動中心,52號,23.4531,120.7494,True,20,嘉義,44,30.78,Safe,AQI良好或為室內設施,2026-03-03 19:07:25
達邦國小室內,1鄰1號,23.453204,120.749376,True,50,嘉義,44,30.77,Safe,AQI良好或為室內設施,2026-03-03 19:07:25
鴿溪寮活動中心,3鄰鴿溪寮23號,23.453319,120.413159,True,15,嘉義,44,4.72,Safe,AQI良好或為室內設施,2026-03-03 19:07:25
興化?社區活動中心,富收村興化?23-60號,23.4537,120.4712,True,50,嘉義,44,3.7,Safe,AQI良好或為室內設施,2026-03-03 19:07:25
大鄉國小[室外],560號,23.4539,120.2612,False,200,嘉義,44,19.39,Safe,AQI良好或為室內設施,2026-03-03 19:07:25
民和社區活動中心,4鄰12號,23.4539,120.5879,True,62,嘉義,44,14.45,Safe,AQI良好或為室內設施,2026-03-03 19:07:25
北回國小-室外,榮典路100號,23.4544,120.4098,False,600,嘉義,44,4.92,Safe,AQI良好或為室內設施,2026-03-03 19:07:25
福濟宮,3鄰150號,23.4548,120.3293,False,80,嘉義,44,12.54,Safe,AQI良好或為室內設施,2026-03-03 19:07:25
太保國中[室外],36號,23.454862,120.329264,True,600,嘉義,44,12.54,Safe,AQI良好或為室內設施,2026-03-03 19:07:25
田尾社區活動中心,2鄰田尾15號,23.455,120.3316,True,50,嘉義,44,12.31,Safe,AQI良好或為室內設施,2026-03-03 19:07:25
太保國小[室外],31號,23.455,120.3316,False,500,嘉義,44,12.31,Safe,AQI良好或為室內設施,2026-03-03 19:07:25
春日社區活動中心,75-1號,23.455,121.3967,True,35,花蓮,28,39.34,Safe,AQI良好或為室內設施,2026-03-03 19:07:25
後潭社區發展協會,294號,23.4553,120.3443,True,50,嘉義,44,11.04,Safe,AQI良好或為室內設施,2026-03-03 19:07:25
奉天宮濟公廟,崎仔頭736之1號,23.4555,120.4291,True,180,嘉義,44,3.41,Safe,AQI良好或為室內設施,2026-03-03 19:07:25
慈玄宮,溪興街28之2號,23.4555,120.4566,True,150,嘉義,44,2.84,Safe,AQI良好或為室內設施,2026-03-03 19:07:25
祥和國小[室外],祥和二路西段9號,23.4569,120.2871,False,200,嘉義,44,16.72,Safe,AQI良好或為室內設施,2026-03-03 19:07:25
新福社區活動中心,6鄰14號,23.4576,120.5304,True,35,嘉義,44,8.66,Safe,AQI良好或為室內設施,2026-03-03 19:07:25
東石鄉老人文康中心,151-10號,23.4582,120.1506,True,94,嘉義,44,30.54,Safe,AQI良好或為室內設施,2026-03-03 19:07:25
大鄉活動中心,大?榔197-3號,23.4582,120.2622,True,38,嘉義,44,19.22,Safe,AQI良好或為室內設施,2026-03-03 19:07:25
崙頂里集會所,4鄰21號,23.4585,120.3111,True,20,嘉義,44,14.28,Safe,AQI良好或為室內設施,2026-03-03 19:07:25
蘇厝活動中心,蘇厝村82號,23.458776,120.58654,True,80,嘉義,44,14.22,Safe,AQI良好或為室內設施,2026-03-03 19:07:25
東石鄉公所,3號,23.4589,120.1537,True,104,嘉義,44,30.22,Safe,AQI良好或為室內設施,2026-03-03 19:07:25
安東國小[室內],1號,23.4589,120.3098,True,30,嘉義,44,14.4,Safe,AQI良好或為室內設施,2026-03-03 19:07:25
安東國小[室外],1號,23.4589,120.3098,False,600,嘉義,44,14.4,Safe,AQI良好或為室內設施,2026-03-03 19:07:25
興安國民小學,興安街35號,23.4597,120.4552,False,450,嘉義,44,2.35,Safe,AQI良好或為室內設施,2026-03-03 19:07:25
舞鶴社區活動中心,14鄰中正南路二段278號,23.4602,121.3536,True,100,花蓮,28,41.44,Safe,AQI良好或為室內設施,2026-03-03 19:07:25
安仁社區活動中心,5鄰頂港子墘10之1號,23.4603,120.3332,True,30,嘉義,44,12.02,Safe,AQI良好或為室內設施,2026-03-03 19:07:25
光路社區活動中心,新民路555巷6號,23.46073,120.44009,True,40,嘉義,44,2.34,Safe,AQI良好或為室內設施,2026-03-03 19:07:25
大同國小[室外],大同路239號,23.4609,120.2406,False,300,嘉義,44,21.37,Safe,AQI良好或為室內設施,2026-03-03 19:07:25
東石國小-室外,117號,23.461,120.1543,False,185,嘉義,44,30.14,Safe,AQI良好或為室內設施,2026-03-03 19:07:25
東石國小-室內,117號,23.461,120.1543,True,247,嘉義,44,30.14,Safe,AQI良好或為室內設施,2026-03-03 19:07:25
朴子國中[室外],大同路245號,23.4611,120.2389,False,400,嘉義,44,21.54,Safe,AQI良好或為室內設施,2026-03-03 19:07:25
靜浦國小大禮堂,64號,23.4615,121.4954,True,0,花蓮,28,34.22,Safe,AQI良好或為室內設施,2026-03-03 19:07:25
東榮國中-室內,39-2號,23.4619,120.1727,True,37,嘉義,44,28.26,Safe,AQI良好或為室內設施,2026-03-03 19:07:25
東榮國中-室外,39-2號,23.4619,120.1727,False,481,嘉義,44,28.26,Safe,AQI良好或為室內設施,2026-03-03 19:07:25
半天岩紫雲寺-室內,2鄰岩仔6號,23.4622,120.5953,True,53,嘉義,44,15.04,Safe,AQI良好或為室內設施,2026-03-03 19:07:25
內甕社區活動中心,3鄰38-29號,23.4625,120.5234,True,55,嘉義,44,7.83,Safe,AQI良好或為室內設施,2026-03-03 19:07:25
內甕國小-室外,凸湖3鄰1-1號,23.4631,120.5228,False,480,嘉義,44,7.75,Safe,AQI良好或為室內設施,2026-03-03 19:07:25
港墘國小-室內,64號,23.4638,120.2138,True,39,嘉義,44,24.07,Safe,AQI良好或為室內設施,2026-03-03 19:07:25
港墘國小-室外,64號,23.4638,120.2138,False,530,嘉義,44,24.07,Safe,AQI良好或為室內設施,2026-03-03 19:07:25
民和國小-室外,菜公店91號,23.464,120.5531,False,860,嘉義,44,10.76,Safe,AQI良好或為室內設施,2026-03-03 19:07:25
民和國民小學-室內,菜公店91號,23.46411,120.553073,True,80,嘉義,44,10.75,Safe,AQI良好或為室內設施,2026-03-03 19:07:25
嘉義市西區區公所,錦州二街２８號４樓,23.4645,120.43538,True,50,嘉義,44,2.23,Safe,AQI良好或為室內設施,2026-03-03 19:07:25
老人文康中心,4鄰101-5號,23.4646,120.554,True,49,嘉義,44,10.84,Safe,AQI良好或為室內設施,2026-03-03 19:07:25
番路社區活動中心,4鄰54號,23.4648,120.5675,True,22,嘉義,44,12.2,Safe,AQI良好或為室內設施,2026-03-03 19:07:25
民和國中-室外,菜公店30號,23.465,120.555,False,1444,嘉義,44,10.93,Safe,AQI良好或為室內設施,2026-03-03 19:07:25
朴子市公所,光復路34號,23.4651,120.247,True,34,嘉義,44,20.68,Safe,AQI良好或為室內設施,2026-03-03 19:07:25
興嘉國民小學,重慶路51號,23.46525,120.43795,True,2135,嘉義,44,2.0,Safe,AQI良好或為室內設施,2026-03-03 19:07:25
東勢社區活動中心,8鄰東勢寮82號,23.4658,120.3038,True,30,嘉義,44,14.9,Safe,AQI良好或為室內設施,2026-03-03 19:07:25
朴子國小[室外],山通路11號,23.4666,120.2479,False,700,嘉義,44,20.58,Safe,AQI良好或為室內設施,2026-03-03 19:07:25
德武里原住民多功能活動中心,5鄰能雅79號,23.4669,121.4074,True,50,花蓮,28,37.64,Safe,AQI良好或為室內設施,2026-03-03 19:07:25
南興國民中學,宣信街182號,23.4672,120.4619,True,800,嘉義,44,1.94,Safe,AQI良好或為室內設施,2026-03-03 19:07:25
桃源國小[室內],7鄰78號,23.4674,120.6656,True,40,嘉義,44,22.13,Safe,AQI良好或為室內設施,2026-03-03 19:07:25
桃源國小[戶外],7鄰78號,23.4674,120.6656,True,200,嘉義,44,22.13,Safe,AQI良好或為室內設施,2026-03-03 19:07:25
東石國中[室外],山通路6號,23.4677,120.2504,False,3300,嘉義,44,20.31,Safe,AQI良好或為室內設施,2026-03-03 19:07:25
玉山國民中學,友忠路1號,23.46814,120.42559,True,605,嘉義,44,2.74,Safe,AQI良好或為室內設施,2026-03-03 19:07:25
阿里山聯合社區活動中心,52號,23.4685,120.7014,True,50,嘉義,44,25.76,Safe,AQI良好或為室內設施,2026-03-03 19:07:25
阿里山國民中小學室內,1鄰31號,23.469062,120.701425,True,100,嘉義,44,25.76,Safe,AQI良好或為室內設施,2026-03-03 19:07:25
朴子配天宮,黎明路1-2號,23.4694,120.2466,True,750,嘉義,44,20.69,Safe,AQI良好或為室內設施,2026-03-03 19:07:25
嘉南社區活動中心,興業東路311號,23.4697,120.4564,True,35,嘉義,44,1.38,Safe,AQI良好或為室內設施,2026-03-03 19:07:25
宣信國民小學,宣信街266號,23.4707,120.4587,True,445,嘉義,44,1.43,Safe,AQI良好或為室內設施,2026-03-03 19:07:25
三家福靈宮,8鄰73-3號,23.4709,120.1725,True,118,嘉義,44,28.23,Safe,AQI良好或為室內設施,2026-03-03 19:07:25
三江國小-室內,16號,23.4713,120.1744,True,28,嘉義,44,28.03,Safe,AQI良好或為室內設施,2026-03-03 19:07:25
三江國小-室外,16號,23.4713,120.1744,False,136,嘉義,44,28.03,Safe,AQI良好或為室內設施,2026-03-03 19:07:25
塭港國小-室內,170號,23.4717,120.1459,True,75,嘉義,44,30.94,Safe,AQI良好或為室內設施,2026-03-03 19:07:25
塭港國小-室外,170號,23.4717,120.1459,False,211,嘉義,44,30.94,Safe,AQI良好或為室內設施,2026-03-03 19:07:25
鄉屬災變庇護所,69之2號,23.471777,120.713709,True,120,嘉義,44,27.0,Safe,AQI良好或為室內設施,2026-03-03 19:07:25
港坪社區活動中心,育人路165巷48號,23.47179,120.41697,True,30,嘉義,44,3.4,Safe,AQI良好或為室內設施,2026-03-03 19:07:25
大同國民小學,成功街15號,23.47214,120.44563,True,800,嘉義,44,0.95,Safe,AQI良好或為室內設施,2026-03-03 19:07:25
志航國民小學,世賢路四段141號,23.47228,120.43871,True,163,嘉義,44,1.37,Safe,AQI良好或為室內設施,2026-03-03 19:07:25
垂楊國民小學,垂楊路605號,23.4723,120.4,True,3043,嘉義,44,5.08,Safe,AQI良好或為室內設施,2026-03-03 19:07:25
興南里集會所,崇文街76號,23.4723,120.4547,True,35,嘉義,44,1.04,Safe,AQI良好或為室內設施,2026-03-03 19:07:25
義仁國小[室內],4鄰山子門22號,23.4726,120.6703,True,20,嘉義,44,22.58,Safe,AQI良好或為室內設施,2026-03-03 19:07:25
義仁國小[戶外],4鄰山子門22號,23.4726,120.6703,False,120,嘉義,44,22.58,Safe,AQI良好或為室內設施,2026-03-03 19:07:25
鹿滿國小[戶外],鹿鳴路2號,23.4726,120.6703,False,300,嘉義,44,22.58,Safe,AQI良好或為室內設施,2026-03-03 19:07:25
育人國民小學,育人路211號,23.47272,120.416728,True,310,嘉義,44,3.4,Safe,AQI良好或為室內設施,2026-03-03 19:07:25
崇文國民小學,垂楊路241號,23.4735,120.4528,True,650,嘉義,44,0.83,Safe,AQI良好或為室內設施,2026-03-03 19:07:25
龍山國小[室內],水道頭70號,23.4735,120.586,True,70,嘉義,44,13.98,Safe,AQI良好或為室內設施,2026-03-03 19:07:25
龍山國小[戶外],水道頭70號,23.4735,120.586,False,800,嘉義,44,13.98,Safe,AQI良好或為室內設施,2026-03-03 19:07:25
何庄社區活動中心,育人路611號,23.47354,120.4068,True,30,嘉義,44,4.38,Safe,AQI良好或為室內設施,2026-03-03 19:07:25
賓朗村活動中心,賓朗村18鄰賓朗路474巷3號,23.47397,121.027413,True,50,嘉義,44,58.99,Safe,AQI良好或為室內設施,2026-03-03 19:07:25
永和里集會所,康樂街259號,23.47406,120.44037,True,30,嘉義,44,1.12,Safe,AQI良好或為室內設施,2026-03-03 19:07:25
港尾社區活動中心,1鄰9號,23.4745,120.3747,True,100,嘉義,44,7.61,Safe,AQI良好或為室內設施,2026-03-03 19:07:25
港口活動中心,7鄰118號,23.4745,121.5043,True,0,花蓮,28,32.56,Safe,AQI良好或為室內設施,2026-03-03 19:07:25
大湖國小-室內,下坪仔8號,23.475,120.6204,True,53,嘉義,44,17.48,Safe,AQI良好或為室內設施,2026-03-03 19:07:25
大湖國小-室外,下坪仔8號,23.475,120.6204,False,200,嘉義,44,17.48,Safe,AQI良好或為室內設施,2026-03-03 19:07:25
蘭潭國民小學,小雅路419號,23.4753,120.4715,False,200,嘉義,44,2.35,Safe,AQI良好或為室內設施,2026-03-03 19:07:25
內埔國小[室內],元興路2號,23.4756,120.5646,True,300,嘉義,44,11.79,Safe,AQI良好或為室內設施,2026-03-03 19:07:25
內埔國小[戶外],元興路2號,23.4756,120.5646,True,650,嘉義,44,11.79,Safe,AQI良好或為室內設施,2026-03-03 19:07:25
民族國民小學,民族路189號,23.476,120.4552,True,190,嘉義,44,0.77,Safe,AQI良好或為室內設施,2026-03-03 19:07:25
大業國民中學,大業街57號,23.476,120.4552,True,388,嘉義,44,0.77,Safe,AQI良好或為室內設施,2026-03-03 19:07:25
江西社區活動中心,4鄰3號,23.4764,120.5275,True,53,嘉義,44,8.01,Safe,AQI良好或為室內設施,2026-03-03 19:07:25
港坪運動公園,大同路100號,23.476678,120.422306,True,1000,嘉義,44,2.76,Safe,AQI良好或為室內設施,2026-03-03 19:07:25
白杞社區活動中心,白杞村4鄰白杞42-1號,23.4774,120.6976,False,40,嘉義,44,25.35,Safe,AQI良好或為室內設施,2026-03-03 19:07:25
東區區公所,吳鳳北路184號,23.4787,120.4534,True,30,嘉義,44,0.47,Safe,AQI良好或為室內設施,2026-03-03 19:07:25
嘉義市立棒球場,山仔頂249-1號,23.4787,120.4534,True,1000,嘉義,44,0.47,Safe,AQI良好或為室內設施,2026-03-03 19:07:25
港坪國民小學,四維路63號,23.47935,120.424545,True,420,嘉義,44,2.51,Safe,AQI良好或為室內設施,2026-03-03 19:07:25
蘭潭國民中學,民權東路32號,23.4822,120.4814,True,270,嘉義,44,3.3,Safe,AQI良好或為室內設施,2026-03-03 19:07:25
大湖社區活動中心,番路鄉大湖村10鄰火燒寮1-1號,23.4824,120.6236,True,44,嘉義,44,17.8,Safe,AQI良好或為室內設施,2026-03-03 19:07:25
更寮國小-室外,更寮村19號,23.482948,120.239859,False,560,嘉義,44,21.34,Safe,AQI良好或為室內設施,2026-03-03 19:07:25
雙溪國小[室外],30號,23.4841,120.2778,False,400,嘉義,44,17.48,Safe,AQI良好或為室內設施,2026-03-03 19:07:25
文雅國民小學,文雅街2號,23.4841,120.4873,False,200,嘉義,44,3.92,Safe,AQI良好或為室內設施,2026-03-03 19:07:25
僑平國民小學,德安路10號,23.48415,120.43241,True,274,嘉義,44,1.76,Safe,AQI良好或為室內設施,2026-03-03 19:07:25
雙溪口活動中心,雙溪口40-2號,23.4844,120.2741,True,63,嘉義,44,17.85,Safe,AQI良好或為室內設施,2026-03-03 19:07:25
龍港國小-室外,113號,23.4846,120.177,False,454,嘉義,44,27.75,Safe,AQI良好或為室內設施,2026-03-03 19:07:25
新埤國小[室外],214號,23.4851,120.3347,False,700,嘉義,44,11.68,Safe,AQI良好或為室內設施,2026-03-03 19:07:25
圓崇國小[室內],387巷28號,23.4853,120.5578,True,100,嘉義,44,11.1,Safe,AQI良好或為室內設施,2026-03-03 19:07:25
圓崇國小[戶外],387巷28號,23.4853,120.5578,False,600,嘉義,44,11.1,Safe,AQI良好或為室內設施,2026-03-03 19:07:25
老人文康中心,5鄰214-12號,23.4859,120.3348,True,100,嘉義,44,11.67,Safe,AQI良好或為室內設施,2026-03-03 19:07:25
王田里集會所,五福街119號,23.4867,120.4679,True,50,嘉義,44,2.05,Safe,AQI良好或為室內設施,2026-03-03 19:07:25
復金社區活動中心,復金村復鼎金59-1號,23.4867,120.5152,False,30,嘉義,44,6.78,Safe,AQI良好或為室內設施,2026-03-03 19:07:25
龍山社區活動中心,龍山村14鄰大庭23號,23.4867,120.5152,False,50,嘉義,44,6.78,Safe,AQI良好或為室內設施,2026-03-03 19:07:25
光華國小[室內],4鄰10號,23.4869,120.5759,True,50,嘉義,44,12.95,Safe,AQI良好或為室內設施,2026-03-03 19:07:25
光華國小[戶外],4鄰10號,23.4869,120.5759,True,160,嘉義,44,12.95,Safe,AQI良好或為室內設施,2026-03-03 19:07:25
嘉義國民中學,圓福街86號,23.487,120.4647,True,757,嘉義,44,1.77,Safe,AQI良好或為室內設施,2026-03-03 19:07:25
埤鄉社區活動中心,5鄰埤麻腳77號,23.4873,120.3872,True,80,嘉義,44,6.36,Safe,AQI良好或為室內設施,2026-03-03 19:07:25
下楫國小-室內,147號,23.4875,120.1965,True,63,嘉義,44,25.77,Safe,AQI良好或為室內設施,2026-03-03 19:07:25
下楫國小-室外,147號,23.4875,120.1965,False,469,嘉義,44,25.77,Safe,AQI良好或為室內設施,2026-03-03 19:07:25
世賢國民小學,世賢路一段687號,23.4893,120.42788,True,343,嘉義,44,2.39,Safe,AQI良好或為室內設施,2026-03-03 19:07:25
林森國民小學,林森東路346號,23.4895,120.4666,True,388,嘉義,44,2.07,Safe,AQI良好或為室內設施,2026-03-03 19:07:25
北興國民中學,忠孝路394號,23.4906,120.4532,True,319,嘉義,44,1.24,Safe,AQI良好或為室內設施,2026-03-03 19:07:25
鹿滿社區活動中心,鹿滿村7鄰麻箕埔95-1號,23.4907,120.5067,True,50,嘉義,44,5.99,Safe,AQI良好或為室內設施,2026-03-03 19:07:25
瑞穗青蓮寺,仁愛路109號,23.4909,121.3904,True,100,花蓮,28,36.44,Safe,AQI良好或為室內設施,2026-03-03 19:07:25
新厝社區活動中心,龍江街87號,23.490995,120.440796,True,35,嘉義,44,1.48,Safe,AQI良好或為室內設施,2026-03-03 19:07:25
花蓮縣鶴岡國民小學,167 號,23.4913,121.39,True,100,花蓮,28,36.43,Safe,AQI良好或為室內設施,2026-03-03 19:07:25
博愛國民小學,友愛路822號,23.49159,120.44401,True,210,嘉義,44,1.38,Safe,AQI良好或為室內設施,2026-03-03 19:07:25
精忠社區活動中心,精忠一村1之6號,23.4916,120.4768,True,50,嘉義,44,3.1,Safe,AQI良好或為室內設施,2026-03-03 19:07:25
豐山國小室內,47號,23.4924,120.754,True,40,嘉義,44,31.12,Safe,AQI良好或為室內設施,2026-03-03 19:07:25
瑞良社區活動中心,4鄰信義路3號,23.4924,121.394,True,30,花蓮,28,36.09,Safe,AQI良好或為室內設施,2026-03-03 19:07:25
下埤社區活動中心,頂埤57號,23.49248,120.41256,True,35,嘉義,44,3.97,Safe,AQI良好或為室內設施,2026-03-03 19:07:25
十字國小室內,16號,23.492485,120.75402,True,80,嘉義,44,31.13,Safe,AQI良好或為室內設施,2026-03-03 19:07:25
蒜頭國小-室外,蒜頭村188號,23.493083,120.291893,False,320,嘉義,44,16.1,Safe,AQI良好或為室內設施,2026-03-03 19:07:25
花蓮縣瑞穗鄉瑞美國民小學,中山路二段389號,23.4931,121.3916,True,50,花蓮,28,36.17,Safe,AQI良好或為室內設施,2026-03-03 19:07:25
嘉北國民小學,嘉北街65號,23.4935,120.4551,False,230,嘉義,44,1.61,Safe,AQI良好或為室內設施,2026-03-03 19:07:25
瑞美社區活動中心,13鄰中山路二段387號,23.4937,121.3912,True,30,花蓮,28,36.14,Safe,AQI良好或為室內設施,2026-03-03 19:07:25
蒜頭國小活動中心-室內,蒜頭村188號,23.494022,120.292893,True,470,嘉義,44,16.01,Safe,AQI良好或為室內設施,2026-03-03 19:07:25
蒜頭活動中心,蒜頭村73號,23.494055,120.290764,True,30,嘉義,44,16.22,Safe,AQI良好或為室內設施,2026-03-03 19:07:25
奇美社區活動中心,2鄰40號,23.4942,121.4467,True,20,花蓮,28,32.97,Safe,AQI良好或為室內設施,2026-03-03 19:07:25
北園國民小學,北社尾路168號,23.49452,120.42565,True,430,嘉義,44,2.88,Safe,AQI良好或為室內設施,2026-03-03 19:07:25
金獅社區活動中心,金獅村11鄰金獅寮31號,23.4946,120.5413,True,10,嘉義,44,9.54,Safe,AQI良好或為室內設施,2026-03-03 19:07:25
港口宮,5號,23.4949,120.1864,True,100,嘉義,44,26.84,Safe,AQI良好或為室內設施,2026-03-03 19:07:25
北園國民中學,北社尾路166巷12號,23.49517,120.42663,True,377,嘉義,44,2.84,Safe,AQI良好或為室內設施,2026-03-03 19:07:25
六腳鄉老人文康中心,188號之5,23.4952,120.2931,True,240,嘉義,44,16.0,Safe,AQI良好或為室內設施,2026-03-03 19:07:25
春梅社區活動中心,10鄰梅子厝71-1號,23.4952,120.3867,False,30,嘉義,44,6.58,Safe,AQI良好或為室內設施,2026-03-03 19:07:25
太保國小[室內],31號,23.4952,120.3867,False,180,嘉義,44,6.58,Safe,AQI良好或為室內設施,2026-03-03 19:07:25
紅葉社區活動中心,1鄰9號,23.4954,121.3446,True,50,花蓮,28,39.07,Safe,AQI良好或為室內設施,2026-03-03 19:07:25
南新國小[室內],10鄰中山路一段140號,23.497,120.3845,True,187,嘉義,44,6.85,Safe,AQI良好或為室內設施,2026-03-03 19:07:25
南新國小[室外],10鄰中山路一段140號,23.497,120.3845,False,800,嘉義,44,6.85,Safe,AQI良好或為室內設施,2026-03-03 19:07:25
花蓮縣立瑞穗國民中學,成功北路18號,23.4982,121.3759,True,200,花蓮,28,36.72,Safe,AQI良好或為室內設施,2026-03-03 19:07:25
中和國小[室內],奮起湖215號,23.4988,120.5344,True,20,嘉義,44,8.94,Safe,AQI良好或為室內設施,2026-03-03 19:07:25
中和國小[戶外],奮起湖215號,23.4988,120.5344,False,100,嘉義,44,8.94,Safe,AQI良好或為室內設施,2026-03-03 19:07:25
沙坑國小[戶外],8鄰水坑57之2號,23.4988,120.5344,True,200,嘉義,44,8.94,Safe,AQI良好或為室內設施,2026-03-03 19:07:25
頂庄社區活動中心,義教街542巷20號,23.4991,120.4577,True,30,嘉義,44,2.29,Safe,AQI良好或為室內設施,2026-03-03 19:07:25
水牛厝社區活動中心,4鄰仁愛路25號,23.4992,120.3857,True,100,嘉義,44,6.81,Safe,AQI良好或為室內設施,2026-03-03 19:07:25
過溝社區活動中心,4鄰過溝36-5號,23.4996,120.3599,True,70,嘉義,44,9.35,Safe,AQI良好或為室內設施,2026-03-03 19:07:25
瑞祥社區活動中心,4鄰祥北路二段127號,23.4998,121.3588,True,30,花蓮,28,37.73,Safe,AQI良好或為室內設施,2026-03-03 19:07:25
瑞穗社區活動中心,14鄰民生街41號,23.4998,121.3787,True,30,花蓮,28,36.4,Safe,AQI良好或為室內設施,2026-03-03 19:07:25
灣內國小-室外,15鄰6號,23.499803,120.312561,False,930,嘉義,44,14.1,Safe,AQI良好或為室內設施,2026-03-03 19:07:25
麻寮古恩宮集會所,13鄰中山路二段250號,23.4999,120.3682,True,70,嘉義,44,8.54,Safe,AQI良好或為室內設施,2026-03-03 19:07:25
嘉新國中[室外],17鄰中興路一段250號,23.500064,120.378286,True,600,嘉義,44,7.56,Safe,AQI良好或為室內設施,2026-03-03 19:07:25
後湖社區活動中心,保義路60巷40號,23.5011,120.4537,True,25,嘉義,44,2.38,Safe,AQI良好或為室內設施,2026-03-03 19:07:25
鹿滿國小[室內],鹿滿村鹿鳴路2號,23.5015,120.6983,False,60,嘉義,44,25.52,Safe,AQI良好或為室內設施,2026-03-03 19:07:25
六嘉國中禮堂-室內,樹仁路1號,23.501676,120.292165,True,90,嘉義,44,16.18,Safe,AQI良好或為室內設施,2026-03-03 19:07:25
六嘉國中-室外,樹仁路1號,23.501676,120.292165,False,3000,嘉義,44,16.18,Safe,AQI良好或為室內設施,2026-03-03 19:07:25
竹崎國小[戶外],文化路32號,23.5023,120.5631,True,950,嘉義,44,11.88,Safe,AQI良好或為室內設施,2026-03-03 19:07:25
中華社區活動中心,中和村奮起湖150號,23.503,120.5356,True,80,嘉義,44,9.18,Safe,AQI良好或為室內設施,2026-03-03 19:07:25
竹崎高中[戶外],文化路23號,23.5033,120.5129,True,500,嘉義,44,7.0,Safe,AQI良好或為室內設施,2026-03-03 19:07:25
豐裡活動中心,中山路257號,23.5034,121.3021,True,42,花蓮,28,41.55,Safe,AQI良好或為室內設施,2026-03-03 19:07:25
竹崎國小[室內],竹崎村文化路32號,23.505,120.6951,True,80,嘉義,44,25.24,Safe,AQI良好或為室內設施,2026-03-03 19:07:25
昇平國中[室內],元興路138號,23.5069,120.499,True,20,嘉義,44,5.9,Safe,AQI良好或為室內設施,2026-03-03 19:07:25
昇平國中[戶外],元興路138號,23.5069,120.499,False,950,嘉義,44,5.9,Safe,AQI良好或為室內設施,2026-03-03 19:07:25
大崎村辦公處暨社區活動中心,大崎腳17-5號,23.5076,120.465,True,60,嘉義,44,3.46,Safe,AQI良好或為室內設施,2026-03-03 19:07:25
荖藤社區活動中心,29之1號,23.5086,120.4449,True,45,嘉義,44,3.2,Safe,AQI良好或為室內設施,2026-03-03 19:07:25
六腳國小-室內,六腳村105號,23.509078,120.251814,True,60,嘉義,44,20.37,Safe,AQI良好或為室內設施,2026-03-03 19:07:25
六腳國小-室外,六腳村105號,23.509078,120.251814,False,530,嘉義,44,20.37,Safe,AQI良好或為室內設施,2026-03-03 19:07:25
福興村廣興宮室內,6鄰30號,23.5097,120.4259,True,61,嘉義,44,4.05,Safe,AQI良好或為室內設施,2026-03-03 19:07:25
福興村廣興宮室外,6鄰30號,23.5097,120.4259,False,100,嘉義,44,4.05,Safe,AQI良好或為室內設施,2026-03-03 19:07:25
鶴岡社區活動中心,14鄰85之6號,23.5097,121.3911,True,30,花蓮,28,34.75,Safe,AQI良好或為室內設施,2026-03-03 19:07:25
福興社區活動中心,牛稠溪68-3號,23.5098,120.4278,True,55,嘉義,44,3.95,Safe,AQI良好或為室內設施,2026-03-03 19:07:25
水仙宮室內,南港5鄰58號,23.51,120.3363,True,400,嘉義,44,11.97,Safe,AQI良好或為室內設施,2026-03-03 19:07:25
大崎國小-室外,林子尾66號,23.5117,120.4722,False,50,嘉義,44,4.23,Safe,AQI良好或為室內設施,2026-03-03 19:07:25
大崎國小-室內,秀林村林子尾66號,23.5117,120.4722,True,50,嘉義,44,4.23,Safe,AQI良好或為室內設施,2026-03-03 19:07:25
秀林村辦公處暨社區活動中心,林子尾38-1號,23.5139,120.4778,True,112,嘉義,44,4.76,Safe,AQI良好或為室內設施,2026-03-03 19:07:25
蔦松國小,松中村蔦松路213號　,23.514,120.2297,True,300,嘉義,44,22.69,Safe,AQI良好或為室內設施,2026-03-03 19:07:25
金興村辦公處暨社區活動中心,頭橋1200號,23.5142,120.4372,True,100,嘉義,44,3.98,Safe,AQI良好或為室內設施,2026-03-03 19:07:25
中興國小,瓊埔村瓊埔路48號　,23.5145,120.2101,True,100,嘉義,44,24.67,Safe,AQI良好或為室內設施,2026-03-03 19:07:25
安和國小室內,安和46號,23.5147,120.3129,True,48,嘉義,44,14.41,Safe,AQI良好或為室內設施,2026-03-03 19:07:25
安和國小室外,46號,23.5147,120.3129,False,100,嘉義,44,14.41,Safe,AQI良好或為室內設施,2026-03-03 19:07:25
中興國小[室內],石棹10號之1,23.5149,120.6063,True,30,嘉義,44,16.49,Safe,AQI良好或為室內設施,2026-03-03 19:07:25
中興國小[戶外],石棹10號之1,23.5149,120.6063,True,400,嘉義,44,16.49,Safe,AQI良好或為室內設施,2026-03-03 19:07:25
大吉國中-室外,內埔仔2-1號,23.5155,120.4874,False,50,嘉義,44,5.55,Safe,AQI良好或為室內設施,2026-03-03 19:07:25
大吉國中-室內,內埔仔2-1號,23.5155,120.4874,True,50,嘉義,44,5.55,Safe,AQI良好或為室內設施,2026-03-03 19:07:25
紫雲社區活動中心,紫雲村11鄰大竹圍3-2號,23.5158,120.5731,True,50,嘉義,44,13.25,Safe,AQI良好或為室內設施,2026-03-03 19:07:25
香林國小室內,2鄰41號,23.516493,120.808613,True,100,嘉義,44,36.88,Safe,AQI良好或為室內設施,2026-03-03 19:07:25
竹崎老人文康中心,竹崎村中正路95號,23.5184,120.5918,False,60,嘉義,44,15.16,Safe,AQI良好或為室內設施,2026-03-03 19:07:25
山中村辦公處暨社區活動中心,山中78-1號,23.5194,120.4056,True,106,嘉義,44,6.23,Safe,AQI良好或為室內設施,2026-03-03 19:07:25
月眉國小室內,月眉123號,23.5202,120.3517,True,500,嘉義,44,10.89,Safe,AQI良好或為室內設施,2026-03-03 19:07:25
月眉國小室外,月眉124號,23.5202,120.3517,False,1229,嘉義,44,10.89,Safe,AQI良好或為室內設施,2026-03-03 19:07:25
義和社區活動中心,義和村4鄰山子門23號,23.5213,120.5532,False,30,嘉義,44,11.56,Safe,AQI良好或為室內設施,2026-03-03 19:07:25
義隆社區活動中心,義隆村3鄰山知崙7-1號,23.5213,120.5532,True,30,嘉義,44,11.56,Safe,AQI良好或為室內設施,2026-03-03 19:07:25
坑頭村活動中心,坑頭村8鄰復原莊20號,23.5214,120.5544,True,20,嘉義,44,11.68,Safe,AQI良好或為室內設施,2026-03-03 19:07:25
光華社區活動中心,光華村5鄰27之1號,23.5214,120.5544,False,40,嘉義,44,11.68,Safe,AQI良好或為室內設施,2026-03-03 19:07:25
嘉義縣竹崎鄉昇平村收容所暨防災物資整備所,6鄰頂埔96號之1,23.5214,120.5544,True,80,嘉義,44,11.68,Safe,AQI良好或為室內設施,2026-03-03 19:07:25
蔦松國中,松北村蔦松路1-1號　,23.5217,120.2304,True,500,嘉義,44,22.78,Safe,AQI良好或為室內設施,2026-03-03 19:07:25
興南村集會所,頭橋97號,23.5228,120.438,True,91,嘉義,44,4.88,Safe,AQI良好或為室內設施,2026-03-03 19:07:25
景陽宮,松北村松東路24號,23.5235,120.2364,True,300,嘉義,44,22.22,Safe,AQI良好或為室內設施,2026-03-03 19:07:25
灣橋社區活動中心,灣橋村16鄰灣橋172號,23.5242,120.5064,True,60,嘉義,44,7.63,Safe,AQI良好或為室內設施,2026-03-03 19:07:25
水井活動中心,152號,23.524732,120.179136,True,100,嘉義,44,27.97,Safe,AQI良好或為室內設施,2026-03-03 19:07:25
福樂村辦公處暨社區活動中心,新生一街1號,23.5263,120.4487,True,128,嘉義,44,5.14,Safe,AQI良好或為室內設施,2026-03-03 19:07:25
興中國小-室外,江厝店30號,23.5266,120.42,False,150,嘉義,44,5.96,Safe,AQI良好或為室內設施,2026-03-03 19:07:25
興中國小-室內,江厝店30號,23.5266,120.42,True,150,嘉義,44,5.96,Safe,AQI良好或為室內設施,2026-03-03 19:07:25
瑞北社區活動中心,4鄰祥北路一段54之1號,23.5267,121.3765,True,30,花蓮,28,34.31,Safe,AQI良好或為室內設施,2026-03-03 19:07:25
興中村辦公處暨社區活動中心,江厝店29-4號,23.5273,120.4206,True,128,嘉義,44,6.0,Safe,AQI良好或為室內設施,2026-03-03 19:07:25
竹崎高中[室內],竹崎村文化路23號,23.5281,120.5694,True,100,嘉義,44,13.38,Safe,AQI良好或為室內設施,2026-03-03 19:07:25
福樂國小教室,光明二街191號,23.528949,120.452072,True,100,嘉義,44,5.44,Safe,AQI良好或為室內設施,2026-03-03 19:07:25
福樂國小操場,光明二街191號,23.528949,120.452072,False,200,嘉義,44,5.44,Safe,AQI良好或為室內設施,2026-03-03 19:07:25
沙坑社區活動中心,沙坑村8鄰水坑56之8號,23.5293,120.5196,True,20,嘉義,44,9.03,Safe,AQI良好或為室內設施,2026-03-03 19:07:25
樂野村社區活動中心,56號,23.5296,120.74,True,50,嘉義,44,30.17,Safe,AQI良好或為室內設施,2026-03-03 19:07:25
來吉國小室內,4鄰91號,23.529713,120.740007,True,50,嘉義,44,30.17,Safe,AQI良好或為室內設施,2026-03-03 19:07:25
獅埜社區活動中心,獅埜村8鄰許厝8之1號,23.5303,120.5206,False,80,嘉義,44,9.18,Safe,AQI良好或為室內設施,2026-03-03 19:07:25
文光國小湖口分校,30號,23.530488,120.164704,True,150,嘉義,44,29.54,Safe,AQI良好或為室內設施,2026-03-03 19:07:25
北斗村辦公處暨社區活動中心,北勢子19-4號,23.5333,120.4564,True,82,嘉義,44,5.96,Safe,AQI良好或為室內設施,2026-03-03 19:07:25
秀林國小風雨教室、操場,3鄰北勢子17號,23.5341,120.4571,True,200,嘉義,44,6.06,Safe,AQI良好或為室內設施,2026-03-03 19:07:25
?福村辦公處暨社區活動中心,7鄰60號,23.5344,120.4424,True,43,嘉義,44,6.08,Safe,AQI良好或為室內設施,2026-03-03 19:07:25
中央村辦公處暨社區活動中心,田中央77號,23.5357,120.4051,True,67,嘉義,44,7.64,Safe,AQI良好或為室內設施,2026-03-03 19:07:25
後厝社區活動中心,8鄰110號,23.536117,120.195009,True,200,嘉義,44,26.65,Safe,AQI良好或為室內設施,2026-03-03 19:07:25
文隆村辦公處暨社區活動中心,鴨母 47-7號,23.5374,120.4201,True,72,嘉義,44,7.02,Safe,AQI良好或為室內設施,2026-03-03 19:07:25
和安國小,溪墘村溪墘厝41號,23.5379,120.2654,True,150,嘉義,44,19.8,Safe,AQI良好或為室內設施,2026-03-03 19:07:25
文正國小,山腳村蕃東路1號　,23.5392,120.2248,True,300,嘉義,44,23.8,Safe,AQI良好或為室內設施,2026-03-03 19:07:25
瑞里社區活動中心,幼葉林55號,23.5393,120.6742,True,50,嘉義,44,23.88,Safe,AQI良好或為室內設施,2026-03-03 19:07:25
瑞里國小[室外],112號,23.54,120.665,False,100,嘉義,44,23.0,Safe,AQI良好或為室內設施,2026-03-03 19:07:25
松山村辦公處暨社區活動中心,4鄰43號,23.5401,120.4761,True,26,嘉義,44,7.22,Safe,AQI良好或為室內設施,2026-03-03 19:07:25
六美國小-室外,六斗村31號,23.540259,120.293455,False,620,嘉義,44,17.22,Safe,AQI良好或為室內設施,2026-03-03 19:07:25
松山國小-室外,松子?43-1號,23.5403,120.4751,False,100,嘉義,44,7.2,Safe,AQI良好或為室內設施,2026-03-03 19:07:25
松山國小3樓多功能教室有電梯,松子腳43之1號,23.5403,120.4751,True,150,嘉義,44,7.2,Safe,AQI良好或為室內設施,2026-03-03 19:07:25
太興社區活動中心,太興5號,23.5415,120.6345,True,50,嘉義,44,20.1,Safe,AQI良好或為室內設施,2026-03-03 19:07:25
文光國小,文光路100號,23.54171,120.189714,True,100,嘉義,44,27.32,Safe,AQI良好或為室內設施,2026-03-03 19:07:25
太興國小[室外],4號,23.5423,120.6216,False,150,嘉義,44,18.9,Safe,AQI良好或為室內設施,2026-03-03 19:07:25
六美國小-室內,六斗村31號,23.5431,120.2867,True,60,嘉義,44,17.98,Safe,AQI良好或為室內設施,2026-03-03 19:07:25
西昌村辦公處暨社區活動中心,竹子腳1-2號,23.544,120.3831,True,96,嘉義,44,9.79,Safe,AQI良好或為室內設施,2026-03-03 19:07:25
梧南社區活動中心,文光路56之1號,23.544428,120.190082,True,80,嘉義,44,27.36,Safe,AQI良好或為室內設施,2026-03-03 19:07:25
平和村辦公處暨社區活動中心,雙援15-2號,23.5451,120.3933,True,37,嘉義,44,9.2,Safe,AQI良好或為室內設施,2026-03-03 19:07:25
宜梧國中,光明路1號,23.545737,120.189073,True,500,嘉義,44,27.5,Safe,AQI良好或為室內設施,2026-03-03 19:07:25
梧北社區活動中心,復興路175-6號,23.548496,120.19025,True,100,嘉義,44,27.47,Safe,AQI良好或為室內設施,2026-03-03 19:07:25
中和村辦公處暨社區活動中心,社溝38-1號,23.5493,120.4129,True,86,嘉義,44,8.53,Safe,AQI良好或為室內設施,2026-03-03 19:07:25
東湖村辦公處暨社區活動中心,東勢湖174號,23.5503,120.4406,True,97,嘉義,44,7.85,Safe,AQI良好或為室內設施,2026-03-03 19:07:25
安靖國小[室外],柿子寮3號,23.5527,120.5781,False,150,嘉義,44,15.43,Safe,AQI良好或為室內設施,2026-03-03 19:07:25
文昌國小室內,古民街12號,23.5537,120.3505,True,200,嘉義,44,12.96,Safe,AQI良好或為室內設施,2026-03-03 19:07:25
文昌國小室外,古民街12號,23.5537,120.3505,False,400,嘉義,44,12.96,Safe,AQI良好或為室內設施,2026-03-03 19:07:25
東光基督長老教會,開高巷9號,23.554004,120.927346,True,150,嘉義,44,49.45,Safe,AQI良好或為室內設施,2026-03-03 19:07:25
民雄國小-室外,民族路43號,23.5551,120.4294,False,300,嘉義,44,8.58,Safe,AQI良好或為室內設施,2026-03-03 19:07:25
民雄國小-室內,民族路43號,23.5551,120.4294,True,469,嘉義,44,8.58,Safe,AQI良好或為室內設施,2026-03-03 19:07:25
安龍宮活動中心,89號,23.555266,120.161817,True,100,嘉義,44,30.46,Safe,AQI良好或為室內設施,2026-03-03 19:07:25
新港國小室內,登雲路105號,23.5557,120.345,True,850,嘉義,44,13.54,Safe,AQI良好或為室內設施,2026-03-03 19:07:25
新港國小室外,登雲路105號,23.5557,120.345,False,1000,嘉義,44,13.54,Safe,AQI良好或為室內設施,2026-03-03 19:07:25
菁埔村辦公處暨社區活動中心,菁埔137-1號,23.556,120.3987,True,86,嘉義,44,9.88,Safe,AQI良好或為室內設施,2026-03-03 19:07:25
三興村辦公處暨社區活動中心,陳厝寮37號,23.5569,120.4767,True,124,嘉義,44,8.99,Safe,AQI良好或為室內設施,2026-03-03 19:07:25
朝陽國小,扶朝76號,23.557,120.285,True,100,嘉義,44,18.79,Safe,AQI良好或為室內設施,2026-03-03 19:07:25
東榮村辦公處暨嘉義縣長壽會館,中庄130號,23.5571,120.4346,True,109,嘉義,44,8.69,Safe,AQI良好或為室內設施,2026-03-03 19:07:25
瑞峰社區活動中心,生毛樹12號,23.5572,120.6674,True,50,嘉義,44,23.85,Safe,AQI良好或為室內設施,2026-03-03 19:07:25
民雄國中-室外,西安路147號,23.5574,120.4207,False,170,嘉義,44,9.07,Safe,AQI良好或為室內設施,2026-03-03 19:07:25
民雄國中-室內,西安路147號,23.5574,120.4207,True,187,嘉義,44,9.07,Safe,AQI良好或為室內設施,2026-03-03 19:07:25
北美國小-室內,崙陽村122號,23.55746,120.303813,True,60,嘉義,44,17.13,Safe,AQI良好或為室內設施,2026-03-03 19:07:25
北美國小-室外,122號,23.55746,120.303813,False,670,嘉義,44,17.13,Safe,AQI良好或為室內設施,2026-03-03 19:07:25
東榮國小-室外,105號,23.5576,120.4349,False,200,嘉義,44,8.74,Safe,AQI良好或為室內設施,2026-03-03 19:07:25
東榮國小-室內,105號,23.5576,120.4349,True,200,嘉義,44,8.74,Safe,AQI良好或為室內設施,2026-03-03 19:07:25
三興國小-室外,陳厝寮55號,23.5578,120.4819,False,150,嘉義,44,9.26,Safe,AQI良好或為室內設施,2026-03-03 19:07:25
三興國小-室內,陳厝寮55號,23.5578,120.4819,True,200,嘉義,44,9.26,Safe,AQI良好或為室內設施,2026-03-03 19:07:25
大南國小[室外],大草埔15號,23.558,120.5543,False,150,嘉義,44,13.79,Safe,AQI良好或為室內設施,2026-03-03 19:07:25
新港國中室內,福德路106號,23.5584,120.3438,True,760,嘉義,44,13.82,Safe,AQI良好或為室內設施,2026-03-03 19:07:25
新港國中室外,福德路106號,23.5584,120.3438,False,1000,嘉義,44,13.82,Safe,AQI良好或為室內設施,2026-03-03 19:07:25
菁埔國小二樓活動中心,菁埔村130-3號,23.558682,120.397377,True,90,嘉義,44,10.21,Safe,AQI良好或為室內設施,2026-03-03 19:07:25
菁埔國小操場,菁埔村130-3號,23.558682,120.397377,True,99,嘉義,44,10.21,Safe,AQI良好或為室內設施,2026-03-03 19:07:25
尖山國小,大山村大山路6號,23.5603,120.2229,True,100,嘉義,44,24.73,Safe,AQI良好或為室內設施,2026-03-03 19:07:25
桐林活動中心,太平巷57-1號,23.560392,120.874626,True,150,嘉義,44,44.29,Safe,AQI良好或為室內設施,2026-03-03 19:07:25
藝術高中室內,藝高路1號,23.5604,120.349,True,600,嘉義,44,13.56,Safe,AQI良好或為室內設施,2026-03-03 19:07:25
藝術高中室外,藝高路1號,23.5604,120.349,False,1000,嘉義,44,13.56,Safe,AQI良好或為室內設施,2026-03-03 19:07:25
內茅埔營林區,綠美巷13號,23.560495,120.874414,True,300,嘉義,44,44.28,Safe,AQI良好或為室內設施,2026-03-03 19:07:25
太平社區活動中心,大坪4號,23.561,120.6069,True,50,嘉義,44,18.43,Safe,AQI良好或為室內設施,2026-03-03 19:07:25
太平國小[室外],大坪4號,23.561,120.6069,False,200,嘉義,44,18.43,Safe,AQI良好或為室內設施,2026-03-03 19:07:25
豐收村辦公處暨社區活動中心,好收148-1號,23.5613,120.4506,True,91,嘉義,44,9.03,Safe,AQI良好或為室內設施,2026-03-03 19:07:25
東埔基督長老教會,高平巷78號,23.561753,120.926763,True,150,嘉義,44,49.54,Safe,AQI良好或為室內設施,2026-03-03 19:07:25
水仙宮室外,5鄰舊南港59號,23.561845,120.308799,True,2000,嘉義,44,16.95,Safe,AQI良好或為室內設施,2026-03-03 19:07:25
東興村辦公處暨社區活動中心,葉子寮28-1號,23.5619,120.4984,True,64,嘉義,44,10.39,Safe,AQI良好或為室內設施,2026-03-03 19:07:25
東埔國小,開高巷63號,23.561911,120.927292,True,15,嘉義,44,49.6,Safe,AQI良好或為室內設施,2026-03-03 19:07:25
六興宮室外,溪北65號,23.5622,120.3143,False,500,嘉義,44,16.5,Safe,AQI良好或為室內設施,2026-03-03 19:07:25
六興宮室內,溪北65號,23.5622,120.3143,True,500,嘉義,44,16.5,Safe,AQI良好或為室內設施,2026-03-03 19:07:25
古民國小室內,古民161號,23.5623,120.3491,True,120,嘉義,44,13.69,Safe,AQI良好或為室內設施,2026-03-03 19:07:25
古民國小室外,古民161號,23.5623,120.3491,False,1000,嘉義,44,13.69,Safe,AQI良好或為室內設施,2026-03-03 19:07:25
台興國小,台興路130號,23.562312,120.142412,True,400,嘉義,44,32.58,Safe,AQI良好或為室內設施,2026-03-03 19:07:25
福權村辦公處暨社區活動中心,福權26號,23.5626,120.4128,True,31,嘉義,44,9.89,Safe,AQI良好或為室內設施,2026-03-03 19:07:25
碧湖社區活動中心,堀尺嶺9-1號,23.5647,120.6248,True,50,嘉義,44,20.23,Safe,AQI良好或為室內設施,2026-03-03 19:07:25
北港國中,民生路102號,23.5657,120.2992,True,300,嘉義,44,18.0,Safe,AQI良好或為室內設施,2026-03-03 19:07:25
大興國小,大溝村大溝路1號　,23.5663,120.2105,True,300,嘉義,44,26.15,Safe,AQI良好或為室內設施,2026-03-03 19:07:25
西衛社區活動中心,西衛里84號,23.5665,119.5724,True,80,嘉義,44,89.9,Safe,AQI良好或為室內設施,2026-03-03 19:07:25
南陽國小,光明路59號,23.5665,120.301,True,500,嘉義,44,17.9,Safe,AQI良好或為室內設施,2026-03-03 19:07:25
東埔活動中心,開高巷58號,23.566583,120.917077,True,600,嘉義,44,48.67,Safe,AQI良好或為室內設施,2026-03-03 19:07:25
文光國小過港分校,119號,23.567432,120.192722,True,300,嘉義,44,27.88,Safe,AQI良好或為室內設施,2026-03-03 19:07:25
頂崙村辦公處暨社區活動中心,崙子頂25-1號,23.5679,120.4379,True,40,嘉義,44,9.83,Safe,AQI良好或為室內設施,2026-03-03 19:07:25
勞工育樂中心,澎湖縣馬公市大賢街160號,23.568,119.5658,True,100,嘉義,44,90.58,Safe,AQI良好或為室內設施,2026-03-03 19:07:25
朝天宮厚生大樓,厚生路15號,23.568,120.305,True,1000,嘉義,44,17.65,Safe,AQI良好或為室內設施,2026-03-03 19:07:25
八里灣基督長老教會,16鄰豐里49之1號,23.5681,121.4859,True,0,花蓮,28,23.86,Safe,AQI良好或為室內設施,2026-03-03 19:07:25
興仁國小教室,烏崁里129號,23.5702,119.581,True,300,嘉義,44,89.07,Safe,AQI良好或為室內設施,2026-03-03 19:07:25
澎湖科技大學學生活動中心,澎湖縣馬公市六合路300號,23.5704,119.5665,True,400,嘉義,44,90.54,Safe,AQI良好或為室內設施,2026-03-03 19:07:25
寮頂村集會所,頂寮59-3號,23.5709,120.4269,True,15,嘉義,44,10.35,Safe,AQI良好或為室內設施,2026-03-03 19:07:25
鐵線社區活動中心,鐵線里4-5號,23.5715,119.5805,True,230,嘉義,44,89.14,Safe,AQI良好或為室內設施,2026-03-03 19:07:25
文澳國小體育館,文學路221號,23.5725,119.569,True,190,嘉義,44,90.31,Safe,AQI良好或為室內設施,2026-03-03 19:07:25
水林國中,水北村水林路104號,23.5728,120.2474,True,500,嘉義,44,23.0,Safe,AQI良好或為室內設施,2026-03-03 19:07:25
水燦林國小,水北村水林路6號,23.573,120.2469,True,300,嘉義,44,23.06,Safe,AQI良好或為室內設施,2026-03-03 19:07:25
水林鄉公所,水北村水林路12號　,23.5732,120.246,True,100,嘉義,44,23.15,Safe,AQI良好或為室內設施,2026-03-03 19:07:25
中正國中體育館,光華里101號,23.5736,119.5697,True,300,嘉義,44,90.26,Safe,AQI良好或為室內設施,2026-03-03 19:07:25
山水國小活動中心,山水里140號,23.5739,119.5817,True,500,嘉義,44,89.05,Safe,AQI良好或為室內設施,2026-03-03 19:07:25
湖西國中活動中心,湖西村43-1號,23.5739,119.6496,False,300,嘉義,44,82.17,Safe,AQI良好或為室內設施,2026-03-03 19:07:25
建國國中,大同路468號,23.5741,120.2956,True,500,嘉義,44,18.82,Safe,AQI良好或為室內設施,2026-03-03 19:07:25
富民社區活動中心,2鄰中正路一段208之1號,23.5743,121.3745,True,30,花蓮,28,30.81,Safe,AQI良好或為室內設施,2026-03-03 19:07:25
金湖國小,民主路15號,23.574448,120.154157,True,100,嘉義,44,31.85,Safe,AQI良好或為室內設施,2026-03-03 19:07:25
巨人中學,大同路647號,23.5748,120.2889,True,200,嘉義,44,19.43,Safe,AQI良好或為室內設施,2026-03-03 19:07:25
東衛國小活動中心,東衛里170號,23.5749,119.5746,True,310,嘉義,44,89.78,Safe,AQI良好或為室內設施,2026-03-03 19:07:25
崇文國小,崇文路二段285號,23.575009,120.176942,True,500,嘉義,44,29.69,Safe,AQI良好或為室內設施,2026-03-03 19:07:25
港西避難所,海豐路2-6號,23.575309,120.148339,True,50,嘉義,44,32.44,Safe,AQI良好或為室內設施,2026-03-03 19:07:25
港西龍台宮,三民路1號,23.575331,120.147799,True,100,嘉義,44,32.49,Safe,AQI良好或為室內設施,2026-03-03 19:07:25
北港鎮公所,北辰路1號,23.576,120.3024,True,100,嘉義,44,18.37,Safe,AQI良好或為室內設施,2026-03-03 19:07:25
鎮北村辦公處暨社區活動中心,土庫子24-2號,23.5765,120.4498,True,75,嘉義,44,10.72,Safe,AQI良好或為室內設施,2026-03-03 19:07:25
馬遠社區活動中心,1鄰5號,23.576867,121.362553,True,120,花蓮,28,31.58,Safe,AQI良好或為室內設施,2026-03-03 19:07:25
馬遠國民小學,2鄰馬遠39號,23.576872,121.361934,True,200,花蓮,28,31.63,Safe,AQI良好或為室內設施,2026-03-03 19:07:25
水燦林國小水林校區,水北村文化路45號,23.5769,120.2468,True,300,嘉義,44,23.26,Safe,AQI良好或為室內設施,2026-03-03 19:07:25
龍眼社區活動中心,龍眼林3-1號,23.577,120.6171,True,50,嘉義,44,20.23,Safe,AQI良好或為室內設施,2026-03-03 19:07:25
梅圳國小[室外],三源23號,23.5771,120.5901,False,150,嘉義,44,17.97,Safe,AQI良好或為室內設施,2026-03-03 19:07:25
柳溝國小室外,南靖厝5號,23.577344,120.414272,False,1000,嘉義,44,11.38,Safe,AQI良好或為室內設施,2026-03-03 19:07:25
北辰國小,成功路30號,23.5776,120.3027,True,1000,嘉義,44,18.45,Safe,AQI良好或為室內設施,2026-03-03 19:07:25
富源社區活動中心,10鄰學士路31號,23.5776,121.3759,True,30,花蓮,28,30.47,Safe,AQI良好或為室內設施,2026-03-03 19:07:25
富源消防分隊,9鄰中正路157號,23.5778,121.3764,True,75,花蓮,28,30.41,Safe,AQI良好或為室內設施,2026-03-03 19:07:25
澎南國中活動中心,五德里41號,23.5784,119.5737,True,300,嘉義,44,89.91,Safe,AQI良好或為室內設施,2026-03-03 19:07:25
北港高中,成功路26號,23.5784,120.3046,True,1000,嘉義,44,18.34,Safe,AQI良好或為室內設施,2026-03-03 19:07:25
樹腳社區活動中心　,樹腳里大庄2-1號,23.5787,120.2754,True,200,嘉義,44,20.83,Safe,AQI良好或為室內設施,2026-03-03 19:07:25
過溝社區活動中心,樹腳里過溝42-2號,23.5797,120.2737,True,100,嘉義,44,21.03,Safe,AQI良好或為室內設施,2026-03-03 19:07:25
風櫃國小活動中心,風櫃里66號,23.5799,119.5811,True,200,嘉義,44,89.18,Safe,AQI良好或為室內設施,2026-03-03 19:07:25
北港農工,太平路80號,23.5803,120.309,True,1000,嘉義,44,18.11,Safe,AQI良好或為室內設施,2026-03-03 19:07:25
白坑社區活動中心,白坑村1-3號,23.5817,119.6626,True,20,嘉義,44,80.97,Safe,AQI良好或為室內設施,2026-03-03 19:07:25
富興社區活動中心,13鄰東興路134號,23.5817,121.3877,True,30,花蓮,28,29.25,Safe,AQI良好或為室內設施,2026-03-03 19:07:25
口湖鄉民眾服務站,7鄰中正路一段112號,23.582048,120.18544,True,50,嘉義,44,29.17,Safe,AQI良好或為室內設施,2026-03-03 19:07:25
口湖鄉公所,中正路一段118號,23.582642,120.185747,True,50,嘉義,44,29.17,Safe,AQI良好或為室內設施,2026-03-03 19:07:25
鼎灣社區活動中心,鼎灣村37號,23.5828,119.6419,True,55,嘉義,44,83.08,Safe,AQI良好或為室內設施,2026-03-03 19:07:25
梅山國小[室外],中山路28之1號,23.583,120.5585,False,300,嘉義,44,15.98,Safe,AQI良好或為室內設施,2026-03-03 19:07:25
鎖港里社區活動中心,鎖港里633號,23.5834,119.5719,True,230,嘉義,44,90.16,Safe,AQI良好或為室內設施,2026-03-03 19:07:25
太武社區活動中心,太武村14-1號,23.584,119.6202,False,20,嘉義,44,85.29,Safe,AQI良好或為室內設施,2026-03-03 19:07:25
沙港社區農漁民活動中心,澎湖縣湖西鄉沙港村75-1號,23.584,119.6526,True,500,嘉義,44,82.02,Safe,AQI良好或為室內設施,2026-03-03 19:07:25
湖西鄉公所,澎湖縣湖西鄉湖西村43之11號,23.5846,119.6537,True,100,嘉義,44,81.92,Safe,AQI良好或為室內設施,2026-03-03 19:07:25
草嶺山莊,草嶺村56號,23.5849,120.6966,True,100,嘉義,44,27.79,Safe,AQI良好或為室內設施,2026-03-03 19:07:25
北寮社區活動中心,北寮村25-2號,23.5854,119.669,True,30,嘉義,44,80.39,Safe,AQI良好或為室內設施,2026-03-03 19:07:25
梅山國中[室外],健康街136號,23.5867,120.5607,False,300,嘉義,44,16.43,Safe,AQI良好或為室內設施,2026-03-03 19:07:25
口湖國小,文明路103巷46號,23.58672,120.183936,True,100,嘉義,44,29.52,Safe,AQI良好或為室內設施,2026-03-03 19:07:25
梅北國小[室外],民生街1號,23.5871,120.5518,False,300,嘉義,44,15.85,Safe,AQI良好或為室內設施,2026-03-03 19:07:25
潭邊社區活動中心,潭邊村53號,23.5872,119.6425,True,105,嘉義,44,83.09,Safe,AQI良好或為室內設施,2026-03-03 19:07:25
辰光國小,新厝49號,23.5872,120.3182,True,100,嘉義,44,17.89,Safe,AQI良好或為室內設施,2026-03-03 19:07:25
口湖國中,文明路133巷20號,23.587604,120.184655,True,100,嘉義,44,29.49,Safe,AQI良好或為室內設施,2026-03-03 19:07:25
復興國小室內,北崙75-4號,23.5899,120.3572,True,40,嘉義,44,15.39,Safe,AQI良好或為室內設施,2026-03-03 19:07:25
復興國小室外,南港58號,23.5899,120.3572,False,100,嘉義,44,15.39,Safe,AQI良好或為室內設施,2026-03-03 19:07:25
中林國小室外,147號,23.59,120.4767,False,900,嘉義,44,12.54,Safe,AQI良好或為室內設施,2026-03-03 19:07:25
神木活動中心,民和巷27-1號,23.59024,120.88984,True,150,嘉義,44,46.57,Safe,AQI良好或為室內設施,2026-03-03 19:07:25
和社台大實驗林,同和巷45號,23.592761,120.888755,True,100,嘉義,44,46.54,Safe,AQI良好或為室內設施,2026-03-03 19:07:25
嘉義縣大林鎮精忠營區,嘉義縣大林鎮過溪里崎頂1號精忠營區,23.5929,120.5334,True,100,嘉義,44,15.2,Safe,AQI良好或為室內設施,2026-03-03 19:07:25
僑美國小,華勝路655號,23.592941,120.302058,True,100,嘉義,44,19.55,Safe,AQI良好或為室內設施,2026-03-03 19:07:25
同富國中 -禮堂,同和巷7號,23.593575,120.888631,True,100,嘉義,44,46.55,Safe,AQI良好或為室內設施,2026-03-03 19:07:25
美林國小室外,78-3號,23.593759,120.379436,False,250,嘉義,44,14.5,Safe,AQI良好或為室內設施,2026-03-03 19:07:25
南寮社區活動中心,南寮村121-5號,23.5945,119.6082,True,80,嘉義,44,86.66,Safe,AQI良好或為室內設施,2026-03-03 19:07:25
隘門國小多元化教室,隘門村41-1號,23.5951,119.6164,True,75,嘉義,44,85.85,Safe,AQI良好或為室內設施,2026-03-03 19:07:25
華南國小,華南路28號,23.5964,120.5747,True,50,嘉義,44,18.2,Safe,AQI良好或為室內設施,2026-03-03 19:07:25
華山禾園,華山77號,23.5964,120.5918,True,40,嘉義,44,19.46,Safe,AQI良好或為室內設施,2026-03-03 19:07:25
埔南社區活動中心,外埔路126號,23.597437,120.19068,True,50,嘉義,44,29.4,Safe,AQI良好或為室內設施,2026-03-03 19:07:25
尖山社區活動中心,尖山村5鄰45-1號,23.5975,119.6139,True,53,嘉義,44,86.14,Safe,AQI良好或為室內設施,2026-03-03 19:07:25
光復自強外役監獄,建國路一段1號,23.598,121.4125,True,300,花蓮,28,26.15,Safe,AQI良好或為室內設施,2026-03-03 19:07:25
保安宮,6鄰59號,23.598224,120.161817,True,50,嘉義,44,32.1,Safe,AQI良好或為室內設施,2026-03-03 19:07:25
成功社區活動中心,成功村80-2號,23.5985,119.6692,True,95,嘉義,44,80.59,Safe,AQI良好或為室內設施,2026-03-03 19:07:25
鄉村休閒農莊,華山89號,23.5985,120.5873,True,20,嘉義,44,19.28,Safe,AQI良好或為室內設施,2026-03-03 19:07:25
大林鎮運動公園,新興街138號,23.598562,120.458206,False,1200,嘉義,44,13.21,Safe,AQI良好或為室內設施,2026-03-03 19:07:25
花東山琉璃禪寺,建國路一段 26之2號,23.5992,121.4162,True,50,花蓮,28,25.78,Safe,AQI良好或為室內設施,2026-03-03 19:07:25
好收國小,好收里好收路20號,23.5997,120.2802,True,100,嘉義,44,21.76,Safe,AQI良好或為室內設施,2026-03-03 19:07:25
平林國小室外,民權路80號,23.5997,120.4616,False,900,嘉義,44,13.36,Safe,AQI良好或為室內設施,2026-03-03 19:07:25
大林鎮老人體育活動中心,新興街116號,23.5998,120.4584,True,130,嘉義,44,13.34,Safe,AQI良好或為室內設施,2026-03-03 19:07:25
頂湖國小,6鄰121號,23.5999,120.179136,True,100,嘉義,44,30.58,Safe,AQI良好或為室內設施,2026-03-03 19:07:25
鎮安宮,6鄰109之2號,23.5999,120.179136,True,300,嘉義,44,30.58,Safe,AQI良好或為室內設施,2026-03-03 19:07:25
西溪國小視聽教室,西溪村130號,23.6003,119.6697,False,55,嘉義,44,80.57,Safe,AQI良好或為室內設施,2026-03-03 19:07:25
大美活動中心,1鄰33號,23.601,120.5043,True,40,嘉義,44,14.57,Safe,AQI良好或為室內設施,2026-03-03 19:07:25
豐濱國中禮堂,光豐路26號,23.6012,121.5218,True,0,花蓮,28,18.86,Safe,AQI良好或為室內設施,2026-03-03 19:07:25
溪口鄉老人文康中心,中山路91號,23.602156,120.391817,True,40,嘉義,44,14.77,Safe,AQI良好或為室內設施,2026-03-03 19:07:25
大林國小室外,中正路423號,23.6024,120.4536,False,1200,嘉義,44,13.61,Safe,AQI良好或為室內設施,2026-03-03 19:07:25
山田民宿,華山109號,23.6025,120.5797,True,20,嘉義,44,19.04,Safe,AQI良好或為室內設施,2026-03-03 19:07:25
溪口鄉公所三樓禮堂,中山路89號3樓,23.602641,120.392284,True,80,嘉義,44,14.81,Safe,AQI良好或為室內設施,2026-03-03 19:07:25
北極殿香客大樓,中正路182號,23.603785,120.39444,True,100,嘉義,44,14.84,Safe,AQI良好或為室內設施,2026-03-03 19:07:25
溪口國小室內,中山路53號,23.604503,120.394218,True,50,嘉義,44,14.92,Safe,AQI良好或為室內設施,2026-03-03 19:07:25
溪口國小室外,中山路53號,23.604503,120.394218,False,850,嘉義,44,14.92,Safe,AQI良好或為室內設施,2026-03-03 19:07:25
宏仁國小,灣東村宏仁路30號,23.6048,120.2398,True,300,嘉義,44,25.45,Safe,AQI良好或為室內設施,2026-03-03 19:07:25
碧清寺,灣東村宏仁路38號,23.6051,120.2401,True,350,嘉義,44,25.44,Safe,AQI良好或為室內設施,2026-03-03 19:07:25
三和國小室外,中興路二段937號,23.6058,120.4886,False,900,嘉義,44,14.55,Safe,AQI良好或為室內設施,2026-03-03 19:07:25
柴林國小室外,107號,23.605881,120.37158,False,250,嘉義,44,16.06,Safe,AQI良好或為室內設施,2026-03-03 19:07:25
石壁避難所,草嶺村石壁921地震時設置所以並無地址,23.6069,120.7094,True,20,嘉義,44,30.05,Safe,AQI良好或為室內設施,2026-03-03 19:07:25
大富國小,明德路29巷12號,23.6073,121.3909,True,80,花蓮,28,27.23,Safe,AQI良好或為室內設施,2026-03-03 19:07:25
外湖避難所,草嶺村外湖原外湖公厝所以並無地址,23.6074,120.6784,True,20,嘉義,44,27.33,Safe,AQI良好或為室內設施,2026-03-03 19:07:25
排路國小室外,231號,23.6101,120.4222,False,400,嘉義,44,14.71,Safe,AQI良好或為室內設施,2026-03-03 19:07:25
桂林國小,桂林村95號,23.612,120.6079,True,150,嘉義,44,21.84,Safe,AQI良好或為室內設施,2026-03-03 19:07:25
東榮國小,溝皂里174號,23.6128,120.2935,True,100,嘉義,44,21.66,Safe,AQI良好或為室內設施,2026-03-03 19:07:25
排路社區活動中心,排路里167號,23.613,120.4243,True,70,嘉義,44,14.99,Safe,AQI良好或為室內設施,2026-03-03 19:07:25
埔北社區活動中心,林圍路39-2號,23.613542,120.19068,True,60,嘉義,44,30.23,Safe,AQI良好或為室內設施,2026-03-03 19:07:25
興安府,林圍路35號,23.613542,120.19068,True,100,嘉義,44,30.23,Safe,AQI良好或為室內設施,2026-03-03 19:07:25
興昌國小,南昌路6號,23.6143,120.54,True,100,嘉義,44,17.57,Safe,AQI良好或為室內設施,2026-03-03 19:07:25
望鄉基督長老教會,望和巷35號,23.615142,120.886208,True,50,嘉義,44,47.02,Safe,AQI良好或為室內設施,2026-03-03 19:07:25
久美基督長老教會,美信巷31號,23.615166,120.884773,True,200,嘉義,44,46.88,Safe,AQI良好或為室內設施,2026-03-03 19:07:25
望鄉活動中心,望和巷10號,23.615773,120.886531,True,100,嘉義,44,47.07,Safe,AQI良好或為室內設施,2026-03-03 19:07:25
久美國小,美信巷54號,23.616187,120.884999,True,200,嘉義,44,46.94,Safe,AQI良好或為室內設施,2026-03-03 19:07:25
仁德國小,內寮村內寮路6號,23.6169,120.3514,True,200,嘉義,44,18.18,Safe,AQI良好或為室內設施,2026-03-03 19:07:25
游東村活動中心,73-1號,23.617531,120.401794,True,25,嘉義,44,16.02,Safe,AQI良好或為室內設施,2026-03-03 19:07:25
社團國小室外,下林頭51號,23.6176,120.4959,False,500,嘉義,44,16.02,Safe,AQI良好或為室內設施,2026-03-03 19:07:25
下崙福安宮（香客大樓）,福安路24號,23.618092,120.161904,True,300,嘉義,44,33.05,Safe,AQI良好或為室內設施,2026-03-03 19:07:25
久美活動中心,美信巷55-1號,23.618856,120.88459,True,300,嘉義,44,47.0,Safe,AQI良好或為室內設施,2026-03-03 19:07:25
永光老人養護中心,光興路20號,23.619838,120.558397,True,2,嘉義,44,19.12,Safe,AQI良好或為室內設施,2026-03-03 19:07:25
誠正國小,蘇秦村蘇秦路1號,23.6206,120.2616,True,300,嘉義,44,24.69,Safe,AQI良好或為室內設施,2026-03-03 19:07:25
忠孝國小,龍岩村148號,23.6207,120.3146,True,200,嘉義,44,20.79,Safe,AQI良好或為室內設施,2026-03-03 19:07:25
育英國小,番溝84號,23.6225,120.2786,True,100,嘉義,44,23.51,Safe,AQI良好或為室內設施,2026-03-03 19:07:25
永光國小,文昌路84號,23.6259,120.5532,True,100,嘉義,44,19.38,Safe,AQI良好或為室內設施,2026-03-03 19:07:25
城前社區活動中心,17-1號,23.626177,119.595268,True,74,嘉義,44,88.53,Safe,AQI良好或為室內設施,2026-03-03 19:07:25
振興宮,光昌路158號,23.6266,120.552,True,20,嘉義,44,19.37,Safe,AQI良好或為室內設施,2026-03-03 19:07:25
羅娜天主教,信筆巷139號,23.627369,120.869589,True,300,嘉義,44,45.88,Safe,AQI良好或為室內設施,2026-03-03 19:07:25
羅娜國小,信筆巷73號,23.628088,120.870287,True,100,嘉義,44,45.98,Safe,AQI良好或為室內設施,2026-03-03 19:07:25
羅娜活動中心,信筆巷30號,23.628179,120.869961,True,100,嘉義,44,45.95,Safe,AQI良好或為室內設施,2026-03-03 19:07:25
麻園社區活動中心,中洲路41-1號,23.6282,120.514,True,20,嘉義,44,17.75,Safe,AQI良好或為室內設施,2026-03-03 19:07:25
客厝國小,頂寮村頂寮路11號,23.6285,120.3338,True,200,嘉義,44,20.26,Safe,AQI良好或為室內設施,2026-03-03 19:07:25
羅娜基督長老教會,信筆巷37號,23.629096,120.874184,True,300,嘉義,44,46.39,Safe,AQI良好或為室內設施,2026-03-03 19:07:25
豐德宮廣場,蘇秦村海豊路56-1號,23.6313,120.2555,False,300,嘉義,44,25.92,Safe,AQI良好或為室內設施,2026-03-03 19:07:25
外垵社區活動中心,外垵村4-26號,23.6315,119.5228,True,90,嘉義,44,95.91,Safe,AQI良好或為室內設施,2026-03-03 19:07:25
內寮社區活動中心,鯉南路385-16號,23.6323,120.6555,True,15,嘉義,44,27.0,Safe,AQI良好或為室內設施,2026-03-03 19:07:25
大興國小,民權街17號,23.6323,121.3982,True,300,花蓮,28,25.05,Safe,AQI良好或為室內設施,2026-03-03 19:07:25
內垵村?漁民活動中心,內垵村43-5號,23.6324,119.5137,False,100,嘉義,44,96.84,Safe,AQI良好或為室內設施,2026-03-03 19:07:25
舊庄國小,怡然路92號,23.633569,120.401574,True,150,嘉義,44,17.74,Safe,AQI良好或為室內設施,2026-03-03 19:07:25
大興活動中心,民權街37號,23.6338,121.3942,True,100,花蓮,28,25.31,Safe,AQI良好或為室內設施,2026-03-03 19:07:25
西嶼國中體育館,池東村213號,23.6348,119.5222,True,300,嘉義,44,96.03,Safe,AQI良好或為室內設施,2026-03-03 19:07:25
東興部落原住民多功能活動中心,9鄰東興18-1號,23.6351,121.5308,True,0,花蓮,28,15.11,Safe,AQI良好或為室內設施,2026-03-03 19:07:25
橫礁社區活動中心,橫礁村37-1,23.6358,119.5246,False,30,嘉義,44,95.81,Safe,AQI良好或為室內設施,2026-03-03 19:07:25
新生國小,新生路11號,23.6362,120.3595,True,200,嘉義,44,19.61,Safe,AQI良好或為室內設施,2026-03-03 19:07:25
馬佛活動中心,民有街51巷3-1號,23.6362,121.4295,True,100,花蓮,28,22.16,Safe,AQI良好或為室內設施,2026-03-03 19:07:25
四湖國小,中山東路37號,23.6366,120.2284,True,200,嘉義,44,28.44,Safe,AQI良好或為室內設施,2026-03-03 19:07:25
古坑鄉立幼兒園,中山路1號,23.6367,120.5577,True,30,嘉義,44,20.63,Safe,AQI良好或為室內設施,2026-03-03 19:07:25
四湖鄉避難收容場所,中山西路44-1號,23.638093,120.224343,True,20,嘉義,44,28.87,Safe,AQI良好或為室內設施,2026-03-03 19:07:25
四湖鄉立幼兒園,中洋南路10-2號,23.6381,120.2243,True,40,嘉義,44,28.87,Safe,AQI良好或為室內設施,2026-03-03 19:07:25
舊戶政事務所,中山西路44號,23.6381,120.2243,True,40,嘉義,44,28.87,Safe,AQI良好或為室內設施,2026-03-03 19:07:25
四湖鄉飛沙集會所避難收容場所,大同路47巷5-1號,23.6381,120.2243,True,100,嘉義,44,28.87,Safe,AQI良好或為室內設施,2026-03-03 19:07:25
小門國小,小門村11-9號,23.6382,119.5312,True,200,嘉義,44,95.2,Safe,AQI良好或為室內設施,2026-03-03 19:07:25
合界社區活動中心,合界村80-1號,23.6388,119.5313,True,32,嘉義,44,95.2,Safe,AQI良好或為室內設施,2026-03-03 19:07:25
廣溝集貨市場,廣溝厝13-7號,23.6391,120.1979,True,40,嘉義,44,31.11,Safe,AQI良好或為室內設施,2026-03-03 19:07:25
四湖參天宮,關聖路87號,23.639405,120.226972,True,1560,嘉義,44,28.75,Safe,AQI良好或為室內設施,2026-03-03 19:07:25
朝陽大埔北極殿,大埔45-2號,23.6395,120.5945,True,50,嘉義,44,23.1,Safe,AQI良好或為室內設施,2026-03-03 19:07:25
新鄉基督長老教會,新鄉路69號,23.640117,120.872384,True,80,嘉義,44,46.67,Safe,AQI良好或為室內設施,2026-03-03 19:07:25
四湖鄉公所3樓禮堂,中山西路44號,23.6408,120.1747,True,40,嘉義,44,33.19,Safe,AQI良好或為室內設施,2026-03-03 19:07:25
仁愛國小,潭西村潭內路1號,23.6409,120.2893,True,200,嘉義,44,24.19,Safe,AQI良好或為室內設施,2026-03-03 19:07:25
新鄉活動中心,新鄉路71號,23.641427,120.87079,True,200,嘉義,44,46.57,Safe,AQI良好或為室內設施,2026-03-03 19:07:25
大埤國中,民權路80號,23.641888,120.428365,True,187,嘉義,44,18.11,Safe,AQI良好或為室內設施,2026-03-03 19:07:25
砂荖活動中心,建國路二段39號,23.6419,121.4512,True,100,花蓮,28,20.01,Safe,AQI良好或為室內設施,2026-03-03 19:07:25
石龜國小活動中心,5鄰南生路1號,23.642396,120.482209,True,300,嘉義,44,18.36,Safe,AQI良好或為室內設施,2026-03-03 19:07:25
調解會暨古坑三村聯合辦公處,中山路45號,23.6427,120.5616,True,20,嘉義,44,21.41,Safe,AQI良好或為室內設施,2026-03-03 19:07:25
竹灣社區活動中心,竹灣村70-4號,23.6429,119.5163,False,35,嘉義,44,96.78,Safe,AQI良好或為室內設施,2026-03-03 19:07:25
飛沙國小,大同路26號,23.6431,120.1773,True,100,嘉義,44,33.11,Safe,AQI良好或為室內設施,2026-03-03 19:07:25
湳仔社區活動中心,湳仔村崙子路30號,23.6433,120.5387,True,20,嘉義,44,20.32,Safe,AQI良好或為室內設施,2026-03-03 19:07:25
大埤國小,中正路23號,23.644704,120.429371,True,187,嘉義,44,18.41,Safe,AQI良好或為室內設施,2026-03-03 19:07:25
新光國小,新庄村1-1號,23.645,120.5611,True,100,嘉義,44,21.6,Safe,AQI良好或為室內設施,2026-03-03 19:07:25
元長國中,長南村元南路16號,23.6457,120.3166,True,500,嘉義,44,22.84,Safe,AQI良好或為室內設施,2026-03-03 19:07:25
"石頭公園渡假山莊含蓮園休閒民宿,石",朝陽路1之286號,23.6457,120.588,True,130,嘉義,44,23.23,Safe,AQI良好或為室內設施,2026-03-03 19:07:25
桶頭社區活動中心,鯉南路312號,23.646,120.6564,True,50,嘉義,44,28.05,Safe,AQI良好或為室內設施,2026-03-03 19:07:25
古坑國中,朝陽路2號,23.6462,120.567,True,200,嘉義,44,22.03,Safe,AQI良好或為室內設施,2026-03-03 19:07:25
嘉興國小,嘉興65號,23.647242,120.457078,True,125,嘉義,44,18.6,Safe,AQI良好或為室內設施,2026-03-03 19:07:25
港子社區活動中心,54-5號,23.648238,119.59875,True,78,嘉義,44,88.66,Safe,AQI良好或為室內設施,2026-03-03 19:07:25
元長鄉公所大樓,長南村仁愛街2號,23.6497,120.3148,True,200,嘉義,44,23.3,Safe,AQI良好或為室內設施,2026-03-03 19:07:25
聯美國小,聯豐路99號,23.650369,120.397799,True,100,嘉義,44,19.64,Safe,AQI良好或為室內設施,2026-03-03 19:07:25
三崙國小,延平南路18號,23.6517,120.15602,True,100,嘉義,44,35.45,Safe,AQI良好或為室內設施,2026-03-03 19:07:25
新社國小二樓綜合教室,150號,23.6519,121.5354,True,200,花蓮,28,13.28,Safe,AQI良好或為室內設施,2026-03-03 19:07:25
光復鄉立托兒所,中山路一段216巷8號,23.6521,121.4184,True,100,花蓮,28,22.15,Safe,AQI良好或為室內設施,2026-03-03 19:07:25
元長國小,長南村元西路76號,23.6522,120.3092,True,500,嘉義,44,23.86,Safe,AQI良好或為室內設施,2026-03-03 19:07:25
花嶼社區發展協會,花嶼76-3號,23.6527,119.5174,True,60,嘉義,44,96.88,Safe,AQI良好或為室內設施,2026-03-03 19:07:25
荷苞建德寺,小坑5號,23.654,120.5914,True,200,嘉義,44,24.17,Safe,AQI良好或為室內設施,2026-03-03 19:07:25
大池社區活動中心,大池村11-5號,23.6541,119.5166,True,28,嘉義,44,96.99,Safe,AQI良好或為室內設施,2026-03-03 19:07:25
信義國小,五塊村北水8號,23.6571,120.2804,True,200,嘉義,44,26.13,Safe,AQI良好或為室內設施,2026-03-03 19:07:25
三條崙海清宮,海清路93號,23.6576,120.1534,True,500,嘉義,44,36.03,Safe,AQI良好或為室內設施,2026-03-03 19:07:25
西南活動中心,中正路二段72巷14號,23.6584,121.4494,True,100,花蓮,28,19.09,Safe,AQI良好或為室內設施,2026-03-03 19:07:25
豐田活動中心,豐田12-1號,23.65841,120.442375,True,50,嘉義,44,19.84,Safe,AQI良好或為室內設施,2026-03-03 19:07:25
和平國小,子茂村4號,23.6586,120.3362,True,200,嘉義,44,22.94,Safe,AQI良好或為室內設施,2026-03-03 19:07:25
下庄活動中心,下庄18-1號,23.6588,120.3853,True,46,嘉義,44,20.91,Safe,AQI良好或為室內設施,2026-03-03 19:07:25
瑞竹社區活動中心,鯉南路305-15號,23.6597,120.6599,True,100,嘉義,44,29.33,Safe,AQI良好或為室內設施,2026-03-03 19:07:25
太巴塱國小,中正路二段23號,23.6601,121.4484,True,100,花蓮,28,19.08,Safe,AQI良好或為室內設施,2026-03-03 19:07:25
綺湖社區?人活動中心,綺湖134號,23.661,120.3601,True,35,嘉義,44,22.07,Safe,AQI良好或為室內設施,2026-03-03 19:07:25
仁和國小,仁和路4號,23.661589,120.420525,True,100,嘉義,44,20.39,Safe,AQI良好或為室內設施,2026-03-03 19:07:25
水碓國小,水碓路97號,23.6623,120.5662,True,200,嘉義,44,23.51,Safe,AQI良好或為室內設施,2026-03-03 19:07:25
大同活動中心,中正路一段370號,23.6633,121.431,True,100,花蓮,28,20.42,Safe,AQI良好或為室內設施,2026-03-03 19:07:25
瑞竹國小活動中心,鯉南路251號,23.664,120.6664,True,100,嘉義,44,30.14,Safe,AQI良好或為室內設施,2026-03-03 19:07:25
嘉隆社區活動中心,東勢鄉嘉隆村守密街51之1號,23.6656,120.2592,True,78,嘉義,44,28.28,Safe,AQI良好或為室內設施,2026-03-03 19:07:25
溪埔寮農民休閒活動中心,溪埔27-2號,23.6666,120.3939,True,113,嘉義,44,21.49,Safe,AQI良好或為室內設施,2026-03-03 19:07:25
橋真國小,延平路二段642號,23.6675,120.4751,True,375,嘉義,44,21.01,Safe,AQI良好或為室內設施,2026-03-03 19:07:25
安南宮,成功路178號,23.6676,120.2098,True,100,嘉義,44,32.09,Safe,AQI良好或為室內設施,2026-03-03 19:07:25
豐丘基督長老教會,高平巷28-1號,23.669128,120.873025,True,60,嘉義,44,48.05,Safe,AQI良好或為室內設施,2026-03-03 19:07:25
田心社區活動中心,田心路59號之1,23.6693,120.5413,True,20,嘉義,44,23.04,Safe,AQI良好或為室內設施,2026-03-03 19:07:25
光復鄉公所,中華路257號,23.6694,121.4233,True,100,花蓮,28,20.8,Safe,AQI良好或為室內設施,2026-03-03 19:07:25
埤腳活動中心,埤腳115-1號,23.67,120.3489,True,67,嘉義,44,23.46,Safe,AQI良好或為室內設施,2026-03-03 19:07:25
豐丘活動中心,高平巷7-1號,23.670189,120.874935,True,100,嘉義,44,48.27,Safe,AQI良好或為室內設施,2026-03-03 19:07:25
光復國中,林森路200號,23.6705,121.4248,True,100,花蓮,28,20.61,Safe,AQI良好或為室內設施,2026-03-03 19:07:25
豐丘體技場,高平巷8號,23.670517,120.875111,True,100,嘉義,44,48.3,Safe,AQI良好或為室內設施,2026-03-03 19:07:25
東勢國民中學活動中心,東勢鄉嘉隆村東榮路65號,23.6724,120.2571,True,200,嘉義,44,28.98,Safe,AQI良好或為室內設施,2026-03-03 19:07:25
高林社區活動中心,高林路61號,23.6737,120.5702,True,20,嘉義,44,24.81,Safe,AQI良好或為室內設施,2026-03-03 19:07:25
東南社區活動中心,東勢鄉東南村東榮路9巷8-1號,23.6739,120.2555,True,81,嘉義,44,29.22,Safe,AQI良好或為室內設施,2026-03-03 19:07:25
坪頂里集會所,坪頂路36號,23.6742,120.6732,True,50,嘉義,44,31.42,Safe,AQI良好或為室內設施,2026-03-03 19:07:25
東勢國民小學活動中心,東榮路29巷9號,23.6743,120.2571,True,238,嘉義,44,29.14,Safe,AQI良好或為室內設施,2026-03-03 19:07:25
"明山大飯店室內空間,儲藏室,大廳",興產路2-3號,23.6743,120.7963,True,300,嘉義,44,41.45,Safe,AQI良好或為室內設施,2026-03-03 19:07:25
東勢鄉賜安宮香客大樓,四安路25號,23.6744,120.2542,True,134,嘉義,44,29.35,Safe,AQI良好或為室內設施,2026-03-03 19:07:25
東勢鄉公所3樓,東勢鄉東南村所前街3號,23.6754,120.2527,True,262,嘉義,44,29.53,Safe,AQI良好或為室內設施,2026-03-03 19:07:25
順安宮明德大樓,長安路126號,23.675538,120.47345,True,240,嘉義,44,21.87,Safe,AQI良好或為室內設施,2026-03-03 19:07:25
鯉南社區活動中心,鯉行路222號,23.6757,120.6562,True,20,嘉義,44,30.31,Safe,AQI良好或為室內設施,2026-03-03 19:07:25
程海社區活動中心,東勢鄉程海村程海路53號,23.6761,120.2325,True,56,嘉義,44,31.02,Safe,AQI良好或為室內設施,2026-03-03 19:07:25
第一老人文康活動中心,新建路1-6號,23.6766,120.388,True,96,嘉義,44,22.72,Safe,AQI良好或為室內設施,2026-03-03 19:07:25
林厝寮順天府,中華路81號,23.677,120.1798,True,150,嘉義,44,35.11,Safe,AQI良好或為室內設施,2026-03-03 19:07:25
東明國中,中興路111號,23.6778,120.4701,True,252,嘉義,44,22.09,Safe,AQI良好或為室內設施,2026-03-03 19:07:25
東北社區活動中心,東勢鄉東北村民權路110號,23.6779,120.2583,True,82,嘉義,44,29.36,Safe,AQI良好或為室內設施,2026-03-03 19:07:25
扶朝活動中心,扶朝40-8號,23.6787,120.3624,True,96,嘉義,44,23.79,Safe,AQI良好或為室內設施,2026-03-03 19:07:25
山內國小,山內村南山路3號,23.6791,120.3124,True,200,嘉義,44,26.15,Safe,AQI良好或為室內設施,2026-03-03 19:07:25
復興社區活動中心,東勢鄉復興村復興路28-1號,23.6798,120.2781,True,56,嘉義,44,28.23,Safe,AQI良好或為室內設施,2026-03-03 19:07:25
斗南國小,文昌路150號,23.6803,120.4795,True,525,嘉義,44,22.48,Safe,AQI良好或為室內設施,2026-03-03 19:07:25
斗南高中,中山路202號,23.6811,120.4772,True,485,嘉義,44,22.53,Safe,AQI良好或為室內設施,2026-03-03 19:07:25
崙?社區活動中心,仁義路38號,23.6811,120.5421,True,50,嘉義,44,24.28,Safe,AQI良好或為室內設施,2026-03-03 19:07:25
嘉東社區活動中心,嘉東中路21號,23.6816,120.5529,True,40,嘉義,44,24.78,Safe,AQI良好或為室內設施,2026-03-03 19:07:25
土庫鎮公所活動中心,中興路175號,23.6822,120.3898,True,44,嘉義,44,23.27,Safe,AQI良好或為室內設施,2026-03-03 19:07:25
月眉社區活動中心,東勢鄉月眉村月興路5-1號,23.683,120.2833,True,54,嘉義,44,28.19,Safe,AQI良好或為室內設施,2026-03-03 19:07:25
深圳社區活動中心,永興路44-1號,23.683011,120.5188,True,60,嘉義,44,23.65,Safe,AQI良好或為室內設施,2026-03-03 19:07:25
尚德國小操場,溪頂12號,23.683116,120.18994,False,150,嘉義,44,34.74,Safe,AQI良好或為室內設施,2026-03-03 19:07:25
他里霧親水公園,西岐段1454-4號,23.683638,120.473687,False,3079,嘉義,44,22.77,Safe,AQI良好或為室內設施,2026-03-03 19:07:25
大荖里活動中心,大荖路47號,23.6842,120.3692,True,60,嘉義,44,24.11,Safe,AQI良好或為室內設施,2026-03-03 19:07:25
東富國小,東富路60號,23.6845,121.4825,True,100,花蓮,28,14.7,Safe,AQI良好或為室內設施,2026-03-03 19:07:25
東和國小,文化路120號,23.6849,120.5686,True,100,嘉義,44,25.82,Safe,AQI良好或為室內設施,2026-03-03 19:07:25
山腳里集會所暨活動中心,虎山路299號,23.685655,120.964468,True,120,嘉義,44,57.28,Safe,AQI良好或為室內設施,2026-03-03 19:07:25
新厝里集會所暨活動中心,新富一街1號,23.686017,120.969481,True,100,嘉義,44,57.76,Safe,AQI良好或為室內設施,2026-03-03 19:07:25
土庫國中樂群堂,復興路318號,23.6862,120.3886,True,400,嘉義,44,23.73,Safe,AQI良好或為室內設施,2026-03-03 19:07:25
棋山國小,棋山49號,23.6864,120.6038,True,100,嘉義,44,27.83,Safe,AQI良好或為室內設施,2026-03-03 19:07:25
風斗避難中心,陽和巷54號,23.689635,120.850886,True,30,嘉義,44,47.11,Safe,AQI良好或為室內設施,2026-03-03 19:07:25
興南社區活動中心,興南57之5號,23.6905,120.4392,True,102,嘉義,44,23.42,Safe,AQI良好或為室內設施,2026-03-03 19:07:25
雲林縣褒忠鄉公所,褒忠鄉中民村中正路451號,23.6912,120.304,True,150,嘉義,44,27.74,Safe,AQI良好或為室內設施,2026-03-03 19:07:25
南聖宮,南聖路301號,23.6921,120.5675,True,200,嘉義,44,26.48,Safe,AQI良好或為室內設施,2026-03-03 19:07:25
龍潭社區活動中心,東勢鄉龍潭村仁愛路43號,23.6924,120.2421,True,56,嘉義,44,31.66,Safe,AQI良好或為室內設施,2026-03-03 19:07:25
福興社區活動中心,鯉南路191號,23.6928,120.6639,True,50,嘉義,44,32.23,Safe,AQI良好或為室內設施,2026-03-03 19:07:25
重光社區活動中心,重光路43號,23.693394,120.56614,True,80,嘉義,44,26.55,Safe,AQI良好或為室內設施,2026-03-03 19:07:25
廣安宮,鯉南路186號,23.6938,120.663,True,50,嘉義,44,32.25,Safe,AQI良好或為室內設施,2026-03-03 19:07:25
五榔農民活動中心,五榔24-2號,23.69461,120.229553,True,150,嘉義,44,32.7,Safe,AQI良好或為室內設施,2026-03-03 19:07:25
昌南社區活動中心,東勢鄉昌南村昌南路119-2號,23.6954,120.2608,True,32,嘉義,44,30.68,Safe,AQI良好或為室內設施,2026-03-03 19:07:25
馬太鞍社區活動中心,5鄰75號,23.696,121.4018,True,80,花蓮,28,21.76,Safe,AQI良好或為室內設施,2026-03-03 19:07:25
長平社區活動中心,長平南路38號,23.6965,120.502,True,80,嘉義,44,24.66,Safe,AQI良好或為室內設施,2026-03-03 19:07:25
雲林縣私立揚子中學活動中心,林森路二段541號,23.696759,120.42327,True,56,嘉義,44,24.23,Safe,AQI良好或為室內設施,2026-03-03 19:07:25
信義國中 -禮堂,玉山路116-1號,23.696888,120.854232,True,150,嘉義,44,47.81,Safe,AQI良好或為室內設施,2026-03-03 19:07:25
三合社區活動中心,舊部31之1號,23.6977,120.4063,True,21,嘉義,44,24.59,Safe,AQI良好或為室內設施,2026-03-03 19:07:25
大鞍國小活動中心,竹寮巷11號,23.699,120.7169,True,100,嘉義,44,36.57,Safe,AQI良好或為室內設施,2026-03-03 19:07:25
褒忠國中,褒忠鄉埔姜村中勝路62號,23.6992,120.3108,True,300,嘉義,44,28.15,Safe,AQI良好或為室內設施,2026-03-03 19:07:25
慈海宮,中山路399巷35-1號,23.6996,120.191,True,350,嘉義,44,35.88,Safe,AQI良好或為室內設施,2026-03-03 19:07:25
馬鳴山鎮安宮,褒忠鄉馬鳴村鎮安路31號,23.6998,120.2787,True,200,嘉義,44,29.97,Safe,AQI良好或為室內設施,2026-03-03 19:07:25
雲林國中,明德路599號,23.699976,120.532757,True,1000,嘉義,44,25.89,Safe,AQI良好或為室內設施,2026-03-03 19:07:25
梅林社區活動中心,內林路77-1號,23.7003,120.6046,True,40,嘉義,44,29.17,Safe,AQI良好或為室內設施,2026-03-03 19:07:25
安海宮,民權路6巷2號,23.7004,120.2009,True,300,嘉義,44,35.21,Safe,AQI良好或為室內設施,2026-03-03 19:07:25
褒忠國小,褒忠鄉埔姜村中勝路72號,23.7008,120.3105,True,300,嘉義,44,28.31,Safe,AQI良好或為室內設施,2026-03-03 19:07:25
芳草社區活動中心,芳草69之1號,23.7008,120.3802,True,122,嘉義,44,25.53,Safe,AQI良好或為室內設施,2026-03-03 19:07:25
臺西國中操場,中山路408號,23.701187,120.191626,False,350,嘉義,44,35.95,Safe,AQI良好或為室內設施,2026-03-03 19:07:25
奉聖宮,竹寮巷19-15號,23.7014,120.7167,True,50,嘉義,44,36.73,Safe,AQI良好或為室內設施,2026-03-03 19:07:25
褒忠鄉立托兒所,褒忠鄉埔姜村中勝路72-2號,23.7015,120.3113,True,200,嘉義,44,28.34,Safe,AQI良好或為室內設施,2026-03-03 19:07:25
安南社區活動中心,東勢鄉安南村安南路2之2號,23.7016,120.2524,True,34,嘉義,44,31.76,Safe,AQI良好或為室內設施,2026-03-03 19:07:25
虎尾科技大學第四期教室,文化路64號（進修推廣部）,23.7017,120.4296,True,63,嘉義,44,24.72,Safe,AQI良好或為室內設施,2026-03-03 19:07:25
虎尾科技大學第三期教室,文化路64號（教務處）,23.7017,120.4296,True,88,嘉義,44,24.72,Safe,AQI良好或為室內設施,2026-03-03 19:07:25
虎尾科技大學第ㄧ期教室,文化路64號（通識中心）,23.7017,120.4296,True,256,嘉義,44,24.72,Safe,AQI良好或為室內設施,2026-03-03 19:07:25
虎尾科技大學第二期教室,文化路64號（教務處）,23.7017,120.4296,True,390,嘉義,44,24.72,Safe,AQI良好或為室內設施,2026-03-03 19:07:25
臺西國小操場,民權路9號,23.701788,120.199483,False,150,嘉義,44,35.42,Safe,AQI良好或為室內設施,2026-03-03 19:07:25
和雅社區活動中心,愛鄉路47-10號,23.7029,120.7753,True,60,嘉義,44,41.46,Safe,AQI良好或為室內設施,2026-03-03 19:07:25
新吉社區活動中心,新吉61之1號,23.7039,120.419,True,103,嘉義,44,25.07,Safe,AQI良好或為室內設施,2026-03-03 19:07:25
西屯社區活動中心,164之1號,23.7044,120.3893,True,117,嘉義,44,25.67,Safe,AQI良好或為室內設施,2026-03-03 19:07:25
南平活動中心,仁愛街31號,23.7045,120.3532,True,74,嘉義,44,26.8,Safe,AQI良好或為室內設施,2026-03-03 19:07:25
東屯社區活動中心,162號,23.7045,120.3903,True,54,嘉義,44,25.66,Safe,AQI良好或為室內設施,2026-03-03 19:07:25
崇修堂,中山路149巷20號,23.704635,120.54064,True,200,嘉義,44,26.65,Safe,AQI良好或為室內設施,2026-03-03 19:07:25
復興國小,褒忠鄉新湖村復興路71號,23.7048,120.2839,True,150,嘉義,44,30.13,Safe,AQI良好或為室內設施,2026-03-03 19:07:25
明利社區活動中心,2鄰34-8號,23.704834,121.412375,True,100,花蓮,28,20.46,Safe,AQI良好或為室內設施,2026-03-03 19:07:25
安南國民小學活動中心,東勢鄉安南村安南路109號,23.705,120.2492,True,234,嘉義,44,32.25,Safe,AQI良好或為室內設施,2026-03-03 19:07:25
梅林國小,梅林路256號,23.705004,120.594878,True,200,嘉義,44,29.09,Safe,AQI良好或為室內設施,2026-03-03 19:07:25
馬光國小學生活動中心,馬光路174號,23.7053,120.3536,True,297,嘉義,44,26.87,Safe,AQI良好或為室內設施,2026-03-03 19:07:25
立仁國小活動中心,立仁街40號,23.7059,120.4283,True,114,嘉義,44,25.2,Safe,AQI良好或為室內設施,2026-03-03 19:07:25
忠孝里集會所活動中心,中正路7號,23.7061,120.5402,True,50,嘉義,44,26.79,Safe,AQI良好或為室內設施,2026-03-03 19:07:25
第二老人文康活動中心,民權路43-2號,23.7066,120.3511,True,111,嘉義,44,27.09,Safe,AQI良好或為室內設施,2026-03-03 19:07:25
信義里集會所活動中心,文化路6號4樓,23.7067,120.5499,True,50,嘉義,44,27.21,Safe,AQI良好或為室內設施,2026-03-03 19:07:25
正心中學,正心路1號,23.7072,120.5363,True,1200,嘉義,44,26.77,Safe,AQI良好或為室內設施,2026-03-03 19:07:25
平和國小地下室,光復路22號,23.707249,120.450732,True,126,嘉義,44,25.26,Safe,AQI良好或為室內設施,2026-03-03 19:07:25
磯崎村辦公處活動中心,71號,23.7085,121.5419,True,0,花蓮,28,8.17,Safe,AQI良好或為室內設施,2026-03-03 19:07:25
愛國活動中心,愛國巷114-1號,23.709187,120.853432,True,100,嘉義,44,48.44,Safe,AQI良好或為室內設施,2026-03-03 19:07:25
北溪社區活動中心,北溪81之1號,23.7095,120.4045,True,97,嘉義,44,25.91,Safe,AQI良好或為室內設施,2026-03-03 19:07:25
國立虎尾高級中學金英館,光復路222號,23.7095,120.4433,True,357,嘉義,44,25.51,Safe,AQI良好或為室內設施,2026-03-03 19:07:25
長橋社區活動中心,長橋路4號,23.7097,121.4195,True,50,花蓮,28,19.62,Safe,AQI良好或為室內設施,2026-03-03 19:07:25
萬榮鄉立幼兒園,1鄰13-3號,23.709766,121.414808,True,50,花蓮,28,20.09,Safe,AQI良好或為室內設施,2026-03-03 19:07:25
下溪社區活動中心,大庄77-1號,23.7102,120.4605,True,69,嘉義,44,25.61,Safe,AQI良好或為室內設施,2026-03-03 19:07:25
內湖國小專科教室2間,興產路71號,23.7113,120.7818,True,150,嘉義,44,42.55,Safe,AQI良好或為室內設施,2026-03-03 19:07:25
同安國小活動中心,東勢鄉同安村同安路67號,23.7116,120.2657,True,91,嘉義,44,31.81,Safe,AQI良好或為室內設施,2026-03-03 19:07:25
多功能活動中心,大成街123號,23.7116,120.4491,True,360,嘉義,44,25.74,Safe,AQI良好或為室內設施,2026-03-03 19:07:25
安慶國小地下室,民主路36號,23.7117,120.4402,True,90,嘉義,44,25.77,Safe,AQI良好或為室內設施,2026-03-03 19:07:25
虎尾鎮立體育場,5鄰水源路10-10號,23.711752,120.432713,False,6000,嘉義,44,25.81,Safe,AQI良好或為室內設施,2026-03-03 19:07:25
斗六國中,育英北街69號,23.7129,120.5512,True,1000,嘉義,44,27.9,Safe,AQI良好或為室內設施,2026-03-03 19:07:25
忠信活動中心,中平巷32-5號,23.712945,120.868377,True,50,嘉義,44,49.96,Safe,AQI良好或為室內設施,2026-03-03 19:07:25
虎尾國小體育館,明正路88號,23.7135,120.4315,True,686,嘉義,44,26.01,Safe,AQI良好或為室內設施,2026-03-03 19:07:25
斗六市老人文康活動中心,莊敬路62號,23.7138,120.5428,True,200,嘉義,44,27.68,Safe,AQI良好或為室內設施,2026-03-03 19:07:25
斗六公園,莊敬路62號前,23.7138,120.5428,False,500,嘉義,44,27.68,Safe,AQI良好或為室內設施,2026-03-03 19:07:25
萬榮社區活動中心,1鄰8號,23.714392,121.410119,True,50,花蓮,28,20.44,Safe,AQI良好或為室內設施,2026-03-03 19:07:25
虎尾高級農工職業學校活動中心,博愛路65號,23.7146,120.4368,True,647,嘉義,44,26.11,Safe,AQI良好或為室內設施,2026-03-03 19:07:25
鯉魚國小活動中心,鯉行路92號,23.7152,120.6545,True,100,嘉義,44,33.49,Safe,AQI良好或為室內設施,2026-03-03 19:07:25
新坤社區活動中心,東勢鄉新坤村新吉路5-5號,23.7156,120.251,True,25,嘉義,44,33.06,Safe,AQI良好或為室內設施,2026-03-03 19:07:25
潮厝國小,褒忠鄉潮厝村潮厝96號,23.7159,120.3352,True,150,嘉義,44,28.67,Safe,AQI良好或為室內設施,2026-03-03 19:07:25
崇德國中桌球館,文科路1530號,23.7171,120.4173,True,357,嘉義,44,26.55,Safe,AQI良好或為室內設施,2026-03-03 19:07:25
石榴國中,光復路66號,23.7176,120.5928,True,600,嘉義,44,30.2,Safe,AQI良好或為室內設施,2026-03-03 19:07:25
森榮里辦公處,林森路113-1號,23.7176,121.3972,True,30,花蓮,28,21.66,Safe,AQI良好或為室內設施,2026-03-03 19:07:25
堀頭社區活動中心,堀頭52號,23.7182,120.4505,True,74,嘉義,44,26.48,Safe,AQI良好或為室內設施,2026-03-03 19:07:25
三塊厝社區活動中心,三塊厝7之2號,23.7182,120.4734,True,39,嘉義,44,26.59,Safe,AQI良好或為室內設施,2026-03-03 19:07:25
中溪社區活動中心,溪埔10之1號,23.7183,120.4614,True,85,嘉義,44,26.52,Safe,AQI良好或為室內設施,2026-03-03 19:07:25
安西府,五港村中央路76號,23.7185,120.2007,True,2510,嘉義,44,36.65,Safe,AQI良好或為室內設施,2026-03-03 19:07:25
堀頭里活動中心,6鄰堀頭86-1號,23.718646,120.451553,True,52,嘉義,44,26.53,Safe,AQI良好或為室內設施,2026-03-03 19:07:25
虎溪社區活動中心,虎溪路67-2號,23.719842,120.522752,True,40,嘉義,44,27.69,Safe,AQI良好或為室內設施,2026-03-03 19:07:25
崙豐國小操場,崙豐路42號,23.720327,120.209759,False,150,嘉義,44,36.17,Safe,AQI良好或為室內設施,2026-03-03 19:07:25
埒內社區活動中心,埒內143之5號,23.7208,120.4455,True,84,嘉義,44,26.77,Safe,AQI良好或為室內設施,2026-03-03 19:07:25
安溪社區活動中心,安溪6號,23.721,120.4432,True,98,嘉義,44,26.79,Safe,AQI良好或為室內設施,2026-03-03 19:07:25
進安府香客大樓,永豐村崙豐65號,23.7218,120.2097,True,120,嘉義,44,36.3,Safe,AQI良好或為室內設施,2026-03-03 19:07:25
四美社區活動中心,東勢鄉四美村四美路65-5號,23.7223,120.2443,True,32,嘉義,44,34.07,Safe,AQI良好或為室內設施,2026-03-03 19:07:25
田子里集會所,田東路43-6號,23.7224,120.6886,True,30,嘉義,44,36.35,Safe,AQI良好或為室內設施,2026-03-03 19:07:25
廉使社區活動中心,廉使1020號,23.723,120.4201,True,80,嘉義,44,27.17,Safe,AQI良好或為室內設施,2026-03-03 19:07:25
龍巖國小,褒忠鄉田洋村民生路28巷15號,23.7233,120.3012,True,150,嘉義,44,30.96,Safe,AQI良好或為室內設施,2026-03-03 19:07:25
榴中社區活動中心,中興路1號,23.7241,120.581,True,100,嘉義,44,30.28,Safe,AQI良好或為室內設施,2026-03-03 19:07:25
虎尾國中活動中心,中興153號,23.7243,120.4559,True,325,嘉義,44,27.16,Safe,AQI良好或為室內設施,2026-03-03 19:07:25
龍潭健康公園,雲林縣議會對面公園,23.7246,120.581,False,200,嘉義,44,30.33,Safe,AQI良好或為室內設施,2026-03-03 19:07:25
明聖宮,溪頂路165-3號,23.724606,120.212596,True,300,嘉義,44,36.33,Safe,AQI良好或為室內設施,2026-03-03 19:07:25
鎮西國小,西平路3號,23.7247,120.5861,True,500,嘉義,44,30.57,Safe,AQI良好或為室內設施,2026-03-03 19:07:25
竹林村集會所,光復路174-7號,23.7256,120.758,True,300,嘉義,44,41.66,Safe,AQI良好或為室內設施,2026-03-03 19:07:25
榴北社區活動中心,南環路86號,23.725612,120.576,True,80,嘉義,44,30.21,Safe,AQI良好或為室內設施,2026-03-03 19:07:25
明德里多功能活動中心,鎮北路712號,23.726344,120.53765,True,50,嘉義,44,28.83,Safe,AQI良好或為室內設施,2026-03-03 19:07:25
湖本活動中心,三權路28號,23.7266,120.6229,True,30,嘉義,44,32.63,Safe,AQI良好或為室內設施,2026-03-03 19:07:25
福田社區活動中心,鯉南路136-1號,23.7278,120.6665,True,15,嘉義,44,35.35,Safe,AQI良好或為室內設施,2026-03-03 19:07:25
過溪國小活動中心,鯉南路136號,23.7278,120.6665,True,100,嘉義,44,35.35,Safe,AQI良好或為室內設施,2026-03-03 19:07:25
惠來社區活動中心,惠來113之1號,23.7291,120.4842,True,103,嘉義,44,27.92,Safe,AQI良好或為室內設施,2026-03-03 19:07:25
鳳信社區活動中心,中正路1段120巷24號,23.7297,121.4434,True,50,花蓮,28,16.8,Safe,AQI良好或為室內設施,2026-03-03 19:07:25
中溪國民小學教室,過溪63號,23.729841,120.461735,True,40,嘉義,44,27.8,Safe,AQI良好或為室內設施,2026-03-03 19:07:25
中溪國民小學運動場,過溪63號,23.729841,120.461735,False,200,嘉義,44,27.8,Safe,AQI良好或為室內設施,2026-03-03 19:07:25
竹豐社區活動中心,光復路92-12號,23.7314,120.75,True,200,嘉義,44,41.48,Safe,AQI良好或為室內設施,2026-03-03 19:07:25
鳳凰社區活動中心,仁義路14-8號,23.7361,120.7846,True,200,嘉義,44,44.48,Safe,AQI良好或為室內設施,2026-03-03 19:07:25
德興里集會所,德興巷43號,23.7365,120.6702,True,100,嘉義,44,36.34,Safe,AQI良好或為室內設施,2026-03-03 19:07:25
郡坑國小,水信路3段303巷8號,23.73696,120.855427,True,200,台中,47,49.27,Safe,AQI良好或為室內設施,2026-03-03 19:07:25
廣興社區活動中心,光復路200號,23.7374,120.7611,True,250,嘉義,44,42.77,Safe,AQI良好或為室內設施,2026-03-03 19:07:25
坪頂集戶,三部三路9號,23.737705,120.857857,True,50,台中,47,49.29,Safe,AQI良好或為室內設施,2026-03-03 19:07:25
秀林里集會所,頂林路369-6號,23.738,120.6877,True,100,嘉義,44,37.59,Safe,AQI良好或為室內設施,2026-03-03 19:07:25
新興國小操場,復興路53號,23.739817,120.222261,False,150,嘉義,44,36.99,Safe,AQI良好或為室內設施,2026-03-03 19:07:25
郡坑派出所,10鄰郡坑巷26號,23.740478,120.858177,False,50,台中,47,49.01,Safe,AQI良好或為室內設施,2026-03-03 19:07:25
光復國小教室,11鄰39號,23.740995,120.401894,True,20,嘉義,44,29.41,Safe,AQI良好或為室內設施,2026-03-03 19:07:25
樂活會館,中華路2號,23.741218,121.449348,True,150,花蓮,28,16.06,Safe,AQI良好或為室內設施,2026-03-03 19:07:25
湖山社區活動中心,楓湖路92號,23.741409,120.555534,True,40,嘉義,44,31.01,Safe,AQI良好或為室內設施,2026-03-03 19:07:25
溪洲國小,萬年路809號,23.741409,120.555534,True,200,嘉義,44,31.01,Safe,AQI良好或為室內設施,2026-03-03 19:07:25
來惠國民小學,惠來路12號,23.7424,120.4163,True,500,嘉義,44,29.36,Safe,AQI良好或為室內設施,2026-03-03 19:07:25
鳳林鎮藝文中心,中正路2段1號,23.7429,121.4472,True,300,花蓮,28,16.26,Safe,AQI良好或為室內設施,2026-03-03 19:07:25
土城里集會所,中正路167之15號,23.743495,120.984755,True,60,台中,47,54.95,Safe,AQI良好或為室內設施,2026-03-03 19:07:25
鳳林國中進德堂,鳳林鎮光復路8號,23.7439,121.4488,True,350,花蓮,28,16.1,Safe,AQI良好或為室內設施,2026-03-03 19:07:25
九芎國小,文化路10號,23.7441,120.6031,True,75,嘉義,44,33.29,Safe,AQI良好或為室內設施,2026-03-03 19:07:25
鳳林鎮公所,光華路124號,23.7447,121.4518,True,80,花蓮,28,15.79,Safe,AQI良好或為室內設施,2026-03-03 19:07:25
吳厝國小,四四號,23.745,120.4229,True,120,嘉義,44,29.58,Safe,AQI良好或為室內設施,2026-03-03 19:07:25
吳厝里活動中心,吳厝81-1號號,23.7456,120.4235,True,50,嘉義,44,29.64,Safe,AQI良好或為室內設施,2026-03-03 19:07:25
鹿谷鄉公所,中正路2段73號,23.7457,120.7532,True,100,嘉義,44,42.8,Safe,AQI良好或為室內設施,2026-03-03 19:07:25
彰雅社區活動中心,和興巷21 號,23.7459,120.7559,True,200,嘉義,44,43.02,Safe,AQI良好或為室內設施,2026-03-03 19:07:25
"鳳禮,鳳智里活動中心",大同街7-1號,23.746,121.451,True,60,花蓮,28,15.86,Safe,AQI良好或為室內設施,2026-03-03 19:07:25
凍頂集會所,凍頂巷10-12號,23.7466,120.7685,True,200,嘉義,44,44.01,Safe,AQI良好或為室內設施,2026-03-03 19:07:25
十三社區活動中心,十三南路3-5號,23.746632,120.569365,True,40,嘉義,44,32.07,Safe,AQI良好或為室內設施,2026-03-03 19:07:25
鎮南宮餐廳,22鄰新興路27-6號,23.7469,120.2518,True,665,嘉義,44,35.84,Safe,AQI良好或為室內設施,2026-03-03 19:07:25
拱範宮停車場香客大樓,中山路3號,23.7469,120.2554,True,0,嘉義,44,35.63,Safe,AQI良好或為室內設施,2026-03-03 19:07:25
??里集會所,鯉南路99-1號,23.7469,120.6758,True,100,嘉義,44,37.6,Safe,AQI良好或為室內設施,2026-03-03 19:07:25
九芎活動中心,中央路160-3號,23.7471,120.6008,True,30,嘉義,44,33.47,Safe,AQI良好或為室內設施,2026-03-03 19:07:25
公館里活動中心,公?109號,23.7474,120.4533,True,50,嘉義,44,29.73,Safe,AQI良好或為室內設施,2026-03-03 19:07:25
興華社區活動中心,16鄰興華50-1號,23.7479,120.2948,True,180,嘉義,44,33.67,Safe,AQI良好或為室內設施,2026-03-03 19:07:25
鹿谷社區活動中心,興農巷50-6號,23.7489,120.7527,True,200,嘉義,44,43.01,Safe,AQI良好或為室內設施,2026-03-03 19:07:25
鳳義社區活動中心,鳳林鎮水源路56-2號,23.7491,121.4393,True,50,花蓮,28,17.04,Safe,AQI良好或為室內設施,2026-03-03 19:07:25
鹿場里活動中心,西螺鎮鹿場里82號,23.7498,120.4735,True,50,嘉義,44,30.09,Safe,AQI良好或為室內設施,2026-03-03 19:07:25
鳳仁社區活動中心,中華路111號,23.7498,121.452,True,50,花蓮,28,15.75,Safe,AQI良好或為室內設施,2026-03-03 19:07:25
莿桐國中,農校路1號,23.750013,120.507665,True,100,嘉義,44,30.6,Safe,AQI良好或為室內設施,2026-03-03 19:07:25
新生社區活動中心,新生路346號,23.7503,120.676,True,150,嘉義,44,37.91,Safe,AQI良好或為室內設施,2026-03-03 19:07:25
新生社區活動中心,新生路346號,23.7503,120.676,True,150,嘉義,44,37.91,Safe,AQI良好或為室內設施,2026-03-03 19:07:25
永隆社區活動中心,仁義路41-12號,23.7508,120.7766,True,300,嘉義,44,44.94,Safe,AQI良好或為室內設施,2026-03-03 19:07:25
三和國民小學,三和路17號,23.7511,120.406,True,500,嘉義,44,30.45,Safe,AQI良好或為室內設施,2026-03-03 19:07:25
坪頂製茶中心,63-5號,23.7511,120.6373,True,50,嘉義,44,35.72,Safe,AQI良好或為室內設施,2026-03-03 19:07:25
鳳仁國小羽球館,鳳林鎮光復路94號,23.7512,121.4518,True,300,花蓮,28,15.77,Safe,AQI良好或為室內設施,2026-03-03 19:07:25
九隆里活動中心,九隆45-1號,23.7522,120.4328,True,50,嘉義,44,30.3,Safe,AQI良好或為室內設施,2026-03-03 19:07:25
榮村社區活動中心,榮村20-1號,23.752278,120.513523,True,70,嘉義,44,30.97,Safe,AQI良好或為室內設施,2026-03-03 19:07:25
桂林里集會所,中山路7-80號,23.7523,120.6914,True,100,嘉義,44,39.06,Safe,AQI良好或為室內設施,2026-03-03 19:07:25
大榮2村社區活動中心,復興路69號,23.7523,121.4676,True,50,花蓮,28,14.16,Safe,AQI良好或為室內設施,2026-03-03 19:07:25
大榮1村社區活動中心,鳳林鎮大榮3路15號,23.7523,121.4676,True,50,花蓮,28,14.16,Safe,AQI良好或為室內設施,2026-03-03 19:07:25
霄仁社區活動中心,霄仁厝47-17號,23.753,120.2747,True,100,嘉義,44,35.16,Safe,AQI良好或為室內設施,2026-03-03 19:07:25
淵明國中,公園路3號,23.7537,120.6144,True,200,嘉義,44,34.77,Safe,AQI良好或為室內設施,2026-03-03 19:07:25
麥寮國小活動中心,中山路260號,23.7538,120.2448,True,200,嘉義,44,36.87,Safe,AQI良好或為室內設施,2026-03-03 19:07:25
包公廟,下橫街一巷27-1號,23.754,120.6854,True,40,嘉義,44,38.82,Safe,AQI良好或為室內設施,2026-03-03 19:07:25
林中國小,公園4號,23.7549,120.6153,False,100,嘉義,44,34.93,Safe,AQI良好或為室內設施,2026-03-03 19:07:25
靈德廟城隍廟,下橫街16號,23.7549,120.6857,True,120,嘉義,44,38.92,Safe,AQI良好或為室內設施,2026-03-03 19:07:25
興天宮,中正巷13-7號,23.7549,120.6971,True,50,嘉義,44,39.65,Safe,AQI良好或為室內設施,2026-03-03 19:07:25
中正社區活動中心,中正巷22號,23.7553,120.6967,True,60,嘉義,44,39.66,Safe,AQI良好或為室內設施,2026-03-03 19:07:25
東興國小,東興路1號,23.755745,120.374054,True,27,嘉義,44,31.59,Safe,AQI良好或為室內設施,2026-03-03 19:07:25
賜福宮,12鄰92號,23.7558,120.4159,True,200,嘉義,44,30.84,Safe,AQI良好或為室內設施,2026-03-03 19:07:25
七座里活動中心,七座25號,23.7559,120.4445,True,50,嘉義,44,30.67,Safe,AQI良好或為室內設施,2026-03-03 19:07:25
竹山鎮第一公有零售市場,橫街90號,23.75611,120.683024,True,80,嘉義,44,38.86,Safe,AQI良好或為室內設施,2026-03-03 19:07:25
延山社區活動中心,大舜巷36-6號,23.7562,120.7252,True,50,嘉義,44,41.64,Safe,AQI良好或為室內設施,2026-03-03 19:07:25
林內國中,長源路200號,23.7563,120.5935,True,100,嘉義,44,34.05,Safe,AQI良好或為室內設施,2026-03-03 19:07:25
雲林國小活動中心,雲林里大明路666號,23.7568,120.677,True,150,嘉義,44,38.55,Safe,AQI良好或為室內設施,2026-03-03 19:07:25
成功國小,坪頂1號,23.7569,120.6403,True,30,嘉義,44,36.43,Safe,AQI良好或為室內設施,2026-03-03 19:07:25
祖師公廟三坪院,竹山路16號,23.757,120.6861,True,40,嘉義,44,39.13,Safe,AQI良好或為室內設施,2026-03-03 19:07:25
莿桐國小,莿桐鄉莿桐中正路147號,23.757197,120.497619,True,299,嘉義,44,31.21,Safe,AQI良好或為室內設施,2026-03-03 19:07:25
中崎社區活動中心,集山路3段1392號,23.7575,120.6687,True,50,嘉義,44,38.1,Safe,AQI良好或為室內設施,2026-03-03 19:07:25
崙背鄉立幼兒園,大同路156號,23.7578,120.3456,True,300,嘉義,44,32.63,Safe,AQI良好或為室內設施,2026-03-03 19:07:25
崙背國中,大成路91號,23.758,120.3489,True,882,嘉義,44,32.54,Safe,AQI良好或為室內設施,2026-03-03 19:07:25
羅厝村活動中心,東興路14鄰33-10號,23.758,120.3673,True,38,嘉義,44,32.01,Safe,AQI良好或為室內設施,2026-03-03 19:07:25
林南活動中心,成功路13號,23.7585,120.6166,True,30,嘉義,44,35.35,Safe,AQI良好或為室內設施,2026-03-03 19:07:25
延祥社區活動中心,鹿山路284巷13號,23.7587,120.7022,True,50,嘉義,44,40.31,Safe,AQI良好或為室內設施,2026-03-03 19:07:25
崙背國小,大成路154號,23.758983,120.347209,True,2267,嘉義,44,32.7,Safe,AQI良好或為室內設施,2026-03-03 19:07:25
林內國小,中正路111號,23.7595,120.6175,True,300,嘉義,44,35.49,Safe,AQI良好或為室內設施,2026-03-03 19:07:25
興華國小活動中心,興化1號,23.7597,120.2882,True,100,嘉義,44,35.15,Safe,AQI良好或為室內設施,2026-03-03 19:07:25
延和國中活動中心,鹿山路40號,23.7603,120.6953,True,50,嘉義,44,40.0,Safe,AQI良好或為室內設施,2026-03-03 19:07:25
竹圍里集會所,7鄰枋坪巷1號,23.7605,120.682,True,40,嘉義,44,39.18,Safe,AQI良好或為室內設施,2026-03-03 19:07:25
奉天宮,中山路280號,23.760759,120.353426,True,225,嘉義,44,32.69,Safe,AQI良好或為室內設施,2026-03-03 19:07:25
莿桐鄉公所4樓禮堂,莿桐鄉莿桐村和平路53號,23.7609,120.5027,True,50,嘉義,44,31.7,Safe,AQI良好或為室內設施,2026-03-03 19:07:25
莿桐鄉公所4樓禮堂,和平路53號,23.761029,120.502474,True,64,嘉義,44,31.71,Safe,AQI良好或為室內設施,2026-03-03 19:07:25
延和里集會所,大和街42號1樓,23.7616,120.6899,True,70,嘉義,44,39.77,Safe,AQI良好或為室內設施,2026-03-03 19:07:25
竹山國小齊賢館,向學街32號,23.7618,120.6875,True,100,嘉義,44,39.64,Safe,AQI良好或為室內設施,2026-03-03 19:07:25
崙背鄉公所,行政街1號,23.761897,120.359259,True,75,嘉義,44,32.64,Safe,AQI良好或為室內設施,2026-03-03 19:07:25
天衡宮,民權路8號,23.7619,120.3573,True,100,嘉義,44,32.7,Safe,AQI良好或為室內設施,2026-03-03 19:07:25
三界公廟,下坪路29號,23.7619,120.6849,True,150,嘉義,44,39.48,Safe,AQI良好或為室內設施,2026-03-03 19:07:25
順安宮,忠孝北街29號,23.762521,120.348649,True,150,嘉義,44,33.03,Safe,AQI良好或為室內設施,2026-03-03 19:07:25
下湳里活動中心,安南81號,23.7632,120.4358,True,50,嘉義,44,31.51,Safe,AQI良好或為室內設施,2026-03-03 19:07:25
大有國小,大有路14號,23.763775,120.308721,True,306,嘉義,44,34.63,Safe,AQI良好或為室內設施,2026-03-03 19:07:25
重興國小,重興15號,23.7641,120.5791,True,100,嘉義,44,34.24,Safe,AQI良好或為室內設施,2026-03-03 19:07:25
"東明,西榮,南陽三村聯合活動中心",民權路386號,23.7645,120.3523,True,296,嘉義,44,33.13,Safe,AQI良好或為室內設施,2026-03-03 19:07:25
照靈廟,坊坪巷18-11號,23.7664,120.6758,True,50,嘉義,44,39.33,Safe,AQI良好或為室內設施,2026-03-03 19:07:25
廣興國小,西螺鎮廣興里五九號,23.7669,120.4581,True,500,嘉義,44,31.9,Safe,AQI良好或為室內設施,2026-03-03 19:07:25
初鄉村集會所,仁愛路259-8號,23.7672,120.7365,True,200,台中,47,42.79,Safe,AQI良好或為室內設施,2026-03-03 19:07:25
北林3村社區活動中心,民和路1號,23.7672,121.471,True,50,花蓮,28,13.91,Safe,AQI良好或為室內設施,2026-03-03 19:07:25
海豐社區活動中心,忠和59號,23.7675,120.2154,True,50,嘉義,44,39.85,Safe,AQI良好或為室內設施,2026-03-03 19:07:25
民生國小,華興路1號,23.7677,120.5971,True,10,嘉義,44,35.36,Safe,AQI良好或為室內設施,2026-03-03 19:07:25
東興里活動中心,東興34號,23.7678,120.4783,True,50,嘉義,44,32.13,Safe,AQI良好或為室內設施,2026-03-03 19:07:25
中和里集會所,中和路96-15號,23.768,120.6629,True,100,嘉義,44,38.72,Safe,AQI良好或為室內設施,2026-03-03 19:07:25
延平國小活動中心,集山路二段1161號,23.768,120.7071,True,150,嘉義,44,41.42,Safe,AQI良好或為室內設施,2026-03-03 19:07:25
廣興里活動中心,84號,23.7682,120.458,True,50,嘉義,44,32.05,Safe,AQI良好或為室內設施,2026-03-03 19:07:25
興中社區活動中心,興中83號,23.7701,120.518,True,143,嘉義,44,33.0,Safe,AQI良好或為室內設施,2026-03-03 19:07:25
頂湳里活動中心,西螺鎮頂湳里頂南24-3號,23.7706,120.4521,True,50,嘉義,44,32.3,Safe,AQI良好或為室內設施,2026-03-03 19:07:25
二崙國民小學,中興路36號,23.7722,120.413,True,1000,嘉義,44,32.69,Safe,AQI良好或為室內設施,2026-03-03 19:07:25
崙後社區活動中心,3鄰沙崙後39-8號,23.772356,120.266569,True,50,嘉義,44,37.44,Safe,AQI良好或為室內設施,2026-03-03 19:07:25
油車國民小學,港後村60號,23.773,120.4124,True,500,嘉義,44,32.78,Safe,AQI良好或為室內設施,2026-03-03 19:07:25
延正里舊社區活動中心,延正路70號,23.773,120.6979,True,80,嘉義,44,41.27,Safe,AQI良好或為室內設施,2026-03-03 19:07:25
埤頭里活動中心,埤頭1-1號,23.7731,120.4751,True,50,嘉義,44,32.69,Safe,AQI良好或為室內設施,2026-03-03 19:07:25
明禮國小活動中心,沙崙後92號,23.7738,120.2656,True,50,嘉義,44,37.63,Safe,AQI良好或為室內設施,2026-03-03 19:07:25
二崙國民中學,中正路88號,23.7738,120.4069,True,1500,嘉義,44,32.94,Safe,AQI良好或為室內設施,2026-03-03 19:07:25
重興活動中心,進興路46-9號,23.7738,120.584,True,30,嘉義,44,35.43,Safe,AQI良好或為室內設施,2026-03-03 19:07:25
興貴社區活動中心,興北101-1號,23.77383,120.518992,True,63,嘉義,44,33.43,Safe,AQI良好或為室內設施,2026-03-03 19:07:25
楊厝社區活動中心,永和2號,23.7752,120.2448,True,50,嘉義,44,38.86,Safe,AQI良好或為室內設施,2026-03-03 19:07:25
林中活動中心,榮興路20號,23.7758,120.6113,True,30,嘉義,44,36.8,Safe,AQI良好或為室內設施,2026-03-03 19:07:25
下坪社區活動中心,下坪路18-50號,23.776,120.6799,True,50,嘉義,44,40.44,Safe,AQI良好或為室內設施,2026-03-03 19:07:25
饒平國小,饒平路1號,23.777725,120.521305,True,300,嘉義,44,33.9,Safe,AQI良好或為室內設施,2026-03-03 19:07:25
人和活動中心,民生巷9-1號,23.779044,120.896546,True,80,台中,47,46.84,Safe,AQI良好或為室內設施,2026-03-03 19:07:25
文賢國小,文賢路一號,23.7793,120.4744,True,300,嘉義,44,33.37,Safe,AQI良好或為室內設施,2026-03-03 19:07:25
坪林台大實驗林?作站,大林巷5號,23.779422,120.841997,True,100,台中,47,44.38,Safe,AQI良好或為室內設施,2026-03-03 19:07:25
南平社區活動中心,自強路368-1號,23.7817,121.4584,True,50,花蓮,28,15.45,Safe,AQI良好或為室內設施,2026-03-03 19:07:25
水璉活動中心,水璉二街21號,23.7817,121.5472,True,41,花蓮,28,6.9,Safe,AQI良好或為室內設施,2026-03-03 19:07:25
延正里新社區活動中心,公正巷30-6號,23.7827,120.6929,True,100,台中,47,40.63,Safe,AQI良好或為室內設施,2026-03-03 19:07:25
秀峰社區活動中心,仁愛路153-5號,23.7831,120.7762,True,200,台中,47,41.86,Safe,AQI良好或為室內設施,2026-03-03 19:07:25
見晴國民小學,7鄰89號,23.783512,121.451955,True,130,花蓮,28,16.14,Safe,AQI良好或為室內設施,2026-03-03 19:07:25
雙龍活動中心,光復巷32號,23.783703,120.947694,True,100,台中,47,49.13,Safe,AQI良好或為室內設施,2026-03-03 19:07:25
永興社區活動中心,林朋巷177-1號,23.783973,120.862437,True,300,台中,47,44.77,Safe,AQI良好或為室內設施,2026-03-03 19:07:25
雙龍國小,光復巷4號,23.785303,120.950204,True,100,台中,47,49.13,Safe,AQI良好或為室內設施,2026-03-03 19:07:25
陽明國小,頂街1號,23.785977,120.35524,True,56,嘉義,44,35.33,Safe,AQI良好或為室內設施,2026-03-03 19:07:25
後安社區活動中心,3鄰後安163號,23.786,120.2393,True,62,嘉義,44,40.17,Safe,AQI良好或為室內設施,2026-03-03 19:07:25
新安里活動中心,新社100號,23.7865,120.4491,True,50,嘉義,44,34.07,Safe,AQI良好或為室內設施,2026-03-03 19:07:25
振興里活動中心,125-1號,23.7879,120.4734,True,50,嘉義,44,34.32,Safe,AQI良好或為室內設施,2026-03-03 19:07:25
文興國小,新社二五七號,23.7882,120.4461,True,300,嘉義,44,34.26,Safe,AQI良好或為室內設施,2026-03-03 19:07:25
雙龍天主教,光復巷23號,23.789469,120.945384,True,200,台中,47,48.47,Safe,AQI良好或為室內設施,2026-03-03 19:07:25
迪巴恩基督長老教會,光復巷50號,23.789961,120.945202,True,100,台中,47,48.41,Safe,AQI良好或為室內設施,2026-03-03 19:07:25
福田里活動中心,社口87號,23.7906,120.4406,True,50,嘉義,44,34.54,Safe,AQI良好或為室內設施,2026-03-03 19:07:25
大新國小,二一六號,23.7909,120.4873,True,500,嘉義,44,34.78,Safe,AQI良好或為室內設施,2026-03-03 19:07:25
大新里活動中心,大新163-2號,23.7912,120.4872,True,50,嘉義,44,34.81,Safe,AQI良好或為室內設施,2026-03-03 19:07:25
豐榮國小,豐榮路21號,23.79152,120.312303,True,675,嘉義,44,37.33,Safe,AQI良好或為室內設施,2026-03-03 19:07:25
清水社區活動中心,仁愛路103號,23.7919,120.7833,True,250,台中,47,41.1,Safe,AQI良好或為室內設施,2026-03-03 19:07:25
中和國小,草湖路2號,23.792293,120.33041,True,27,嘉義,44,36.76,Safe,AQI良好或為室內設施,2026-03-03 19:07:25
西螺國中,興農西路二一七號,23.7928,120.4601,True,600,嘉義,44,34.79,Safe,AQI良好或為室內設施,2026-03-03 19:07:25
示範托兒所,西螺鎮正興里興農西路105巷21-1號,23.7933,120.4633,True,200,嘉義,44,34.86,Safe,AQI良好或為室內設施,2026-03-03 19:07:25
青雲活動中心,開信巷1-1號,23.793542,120.943862,True,100,台中,47,48.01,Safe,AQI良好或為室內設施,2026-03-03 19:07:25
漢光里活動中心,西興南路354號,23.7936,120.4569,True,50,嘉義,44,34.87,Safe,AQI良好或為室內設施,2026-03-03 19:07:25
地利國小,開信巷17號,23.793828,120.943332,True,50,台中,47,47.95,Safe,AQI良好或為室內設施,2026-03-03 19:07:25
西螺農工,大同路四號,23.7946,120.471,True,700,嘉義,44,35.04,Safe,AQI良好或為室內設施,2026-03-03 19:07:25
波石活動中心,波石巷98-3號,23.794817,120.921385,True,100,台中,47,46.62,Safe,AQI良好或為室內設施,2026-03-03 19:07:25
合興村活動中心,鼻倡路20號,23.794879,120.642545,True,127,台中,47,39.36,Safe,AQI良好或為室內設施,2026-03-03 19:07:25
米棧活動中心,米棧路二段21號,23.7951,121.5243,True,34,花蓮,28,9.66,Safe,AQI良好或為室內設施,2026-03-03 19:07:25
施厝聯合活動中心,施厝176-3號,23.7953,120.2824,True,100,嘉義,44,38.95,Safe,AQI良好或為室內設施,2026-03-03 19:07:25
中山國小,新街路二號,23.7953,120.4653,True,500,嘉義,44,35.09,Safe,AQI良好或為室內設施,2026-03-03 19:07:25
永定國民小學,永定路 238 號,23.7959,120.4198,True,500,嘉義,44,35.24,Safe,AQI良好或為室內設施,2026-03-03 19:07:25
舊圖書館,民生路20號,23.7965,120.4655,True,200,嘉義,44,35.22,Safe,AQI良好或為室內設施,2026-03-03 19:07:25
民和社區活動中心,民和路157號,23.797088,120.924508,True,200,台中,47,46.58,Safe,AQI良好或為室內設施,2026-03-03 19:07:25
民和國中禮堂,中學路29號,23.797088,120.924508,True,500,台中,47,46.58,Safe,AQI良好或為室內設施,2026-03-03 19:07:25
三盛社區活動中心,11鄰仁德西路一段26號,23.7975,120.2649,True,100,嘉義,44,39.97,Safe,AQI良好或為室內設施,2026-03-03 19:07:25
中興活動中心,6鄰許厝1街2號,23.797881,120.229235,True,100,嘉義,44,41.84,Safe,AQI良好或為室內設施,2026-03-03 19:07:25
橋頭國小活動中心,仁德?248號,23.797886,120.273868,True,200,嘉義,44,39.59,Safe,AQI良好或為室內設施,2026-03-03 19:07:25
倡和村活動中心,倡和路41-1號,23.797909,120.649193,True,65,台中,47,38.97,Safe,AQI良好或為室內設施,2026-03-03 19:07:25
西螺鎮公所,雲林縣西螺鎮光復西路20號（西螺鎮公所）,23.798,120.4654,True,400,嘉義,44,35.39,Safe,AQI良好或為室內設施,2026-03-03 19:07:25
安定國小,埔心路二一0號,23.7982,120.4393,True,300,嘉義,44,35.39,Safe,AQI良好或為室內設施,2026-03-03 19:07:25
大園里活動中心,西螺鎮大園里光復東路95號,23.7983,120.4725,True,50,嘉義,44,35.46,Safe,AQI良好或為室內設施,2026-03-03 19:07:25
頂崁社區活動中心,圳頭巷27-2號,23.798748,120.865831,True,100,台中,47,43.44,Safe,AQI良好或為室內設施,2026-03-03 19:07:25
河南里活動中心,西螺鎮河南里河南58號,23.7995,120.4414,True,50,嘉義,44,35.52,Safe,AQI良好或為室內設施,2026-03-03 19:07:25
河南里活動中心,河南58號,23.7995,120.4414,True,50,嘉義,44,35.52,Safe,AQI良好或為室內設施,2026-03-03 19:07:25
文昌國小,延平路五０四號,23.7996,120.4489,True,500,嘉義,44,35.53,Safe,AQI良好或為室內設施,2026-03-03 19:07:25
詔安里活動中心,詔安16-1號,23.7997,120.4456,True,50,嘉義,44,35.54,Safe,AQI良好或為室內設施,2026-03-03 19:07:25
安定里活動中心,安定100號號,23.7998,120.4394,True,50,嘉義,44,35.56,Safe,AQI良好或為室內設施,2026-03-03 19:07:25
源泉國小活動中心,彰化縣二水鄉大園村員集路二段316號,23.8,120.6424,True,80,台中,47,38.79,Safe,AQI良好或為室內設施,2026-03-03 19:07:25
修仁村活動中心,修仁路27-3號,23.800055,120.631495,True,131,台中,47,38.89,Safe,AQI良好或為室內設施,2026-03-03 19:07:25
二水鄉公所,南通路2段764號,23.8003,120.6309,True,60,台中,47,38.87,Safe,AQI良好或為室內設施,2026-03-03 19:07:25
禪和宮,公館15-1號,23.8006,120.3637,True,200,嘉義,44,36.68,Safe,AQI良好或為室內設施,2026-03-03 19:07:25
西螺福興宮,延平路180號,23.8013,120.4608,True,120,嘉義,44,35.74,Safe,AQI良好或為室內設施,2026-03-03 19:07:25
聯合里辦公處,中市路31號,23.8018,120.4599,True,100,嘉義,44,35.79,Safe,AQI良好或為室內設施,2026-03-03 19:07:25
東南國中,東南路326號,23.8028,120.4548,True,600,嘉義,44,35.89,Safe,AQI良好或為室內設施,2026-03-03 19:07:25
林榮社區活動中心,永康路54號,23.8035,121.45,True,50,花蓮,28,16.95,Safe,AQI良好或為室內設施,2026-03-03 19:07:25
永豐社區活動中心,南湖一路25號,23.804301,120.857221,True,300,台中,47,42.5,Safe,AQI良好或為室內設施,2026-03-03 19:07:25
大園村活動中心,大園巷 11-9號,23.804774,120.637258,True,108,台中,47,38.31,Safe,AQI良好或為室內設施,2026-03-03 19:07:25
瑞田社區活動中心,仁愛路69-3號,23.8048,120.7929,True,250,台中,47,40.01,Safe,AQI良好或為室內設施,2026-03-03 19:07:25
上安社區老人會館,水信路路3段221巷1號,23.806556,120.835733,True,50,台中,47,41.36,Safe,AQI良好或為室內設施,2026-03-03 19:07:25
上安社區活動中心,三部三路9號,23.806556,120.835733,True,200,台中,47,41.36,Safe,AQI良好或為室內設施,2026-03-03 19:07:25
玉峰社區活動中心,仁愛路7-19號,23.806556,120.835733,True,400,台中,47,41.36,Safe,AQI良好或為室內設施,2026-03-03 19:07:25
雷厝活動中心,6鄰雷厝62-2號,23.8067,120.2891,True,50,嘉義,44,39.81,Safe,AQI良好或為室內設施,2026-03-03 19:07:25
惠民村活動中心,山腳路一段48-1號,23.806923,120.632285,True,127,台中,47,38.12,Safe,AQI良好或為室內設施,2026-03-03 19:07:25
受玄宮,裕民巷53號,23.807484,120.618217,True,160,台中,47,38.25,Safe,AQI良好或為室內設施,2026-03-03 19:07:25
新吉社區活動中心,新吉69號,23.8076,120.2763,True,30,嘉義,44,40.45,Safe,AQI良好或為室內設施,2026-03-03 19:07:25
海豐村活動中心,山腳路一段113-5號,23.808275,120.631193,True,53,台中,47,37.99,Safe,AQI良好或為室內設施,2026-03-03 19:07:25
社寮國中教室及活動中心,集山路一段1729號,23.8095,120.7205,True,100,台中,47,37.91,Safe,AQI良好或為室內設施,2026-03-03 19:07:25
二水村活動中心,員集路三段625號,23.80974,120.615818,True,21,台中,47,38.04,Safe,AQI良好或為室內設施,2026-03-03 19:07:25
圖書館二樓,溪邊巷72號,23.809958,120.616648,True,114,台中,47,38.0,Safe,AQI良好或為室內設施,2026-03-03 19:07:25
水里國小禮堂,民族路151號,23.810077,120.854753,True,500,台中,47,41.81,Safe,AQI良好或為室內設施,2026-03-03 19:07:25
水里國中體育館,民生路2號,23.811019,120.857053,True,500,台中,47,41.82,Safe,AQI良好或為室內設施,2026-03-03 19:07:25
水里鄉公所,民生路112號,23.811322,120.856075,True,200,台中,47,41.75,Safe,AQI良好或為室內設施,2026-03-03 19:07:25
文化村活動中心,文化一 巷1號,23.811622,120.618783,True,56,台中,47,37.78,Safe,AQI良好或為室內設施,2026-03-03 19:07:25
中州國小活動中心,集山路1段955號,23.8118,120.738,True,80,台中,47,37.92,Safe,AQI良好或為室內設施,2026-03-03 19:07:25
三村集會所,博愛路37號,23.812232,120.853693,True,100,台中,47,41.55,Safe,AQI良好或為室內設施,2026-03-03 19:07:25
第三立體停車場三樓,北埔街96號,23.81304,120.853008,True,500,台中,47,41.44,Safe,AQI良好或為室內設施,2026-03-03 19:07:25
富州社區活動中心,集山路1段422號,23.8141,120.747,True,50,台中,47,37.84,Safe,AQI良好或為室內設施,2026-03-03 19:07:25
光化村活動中心,光進一巷20-1號,23.814279,120.615971,True,64,台中,47,37.53,Safe,AQI良好或為室內設施,2026-03-03 19:07:25
潮洋國小,彰化縣溪州鄉潮洋村陸軍路1段146號,23.8143,120.5195,True,42,嘉義,44,37.85,Safe,AQI良好或為室內設施,2026-03-03 19:07:25
中央社區活動中心,集山路1段1236巷6號,23.8145,120.7334,True,43,台中,47,37.54,Safe,AQI良好或為室內設施,2026-03-03 19:07:25
五伯村活動中心,過圳路222號,23.814864,120.612113,True,31,台中,47,37.53,Safe,AQI良好或為室內設施,2026-03-03 19:07:25
中央社區活動中心,中正路116號,23.814914,120.852127,True,500,台中,47,41.21,Safe,AQI良好或為室內設施,2026-03-03 19:07:25
大庄國小,彰化縣溪州鄉大?村中橫巷1號,23.816,120.5675,True,42,台中,47,38.43,Safe,AQI良好或為室內設施,2026-03-03 19:07:25
日月潭特色遊學中心原光明國小,銃櫃巷18號,23.8169,120.8851,True,30,台中,47,42.6,Safe,AQI良好或為室內設施,2026-03-03 19:07:25
水里鄉農會倉庫,民生路158號,23.817226,120.854148,True,300,台中,47,41.07,Safe,AQI良好或為室內設施,2026-03-03 19:07:25
社寮社區活動中心,大公街75號,23.8174,120.7223,True,80,台中,47,37.06,Safe,AQI良好或為室內設施,2026-03-03 19:07:25
義民廟,民權路335號,23.817421,120.848799,True,20,台中,47,40.81,Safe,AQI良好或為室內設施,2026-03-03 19:07:25
潭南活動中心,和平巷36-2號,23.817457,120.940118,True,40,台中,47,45.62,Safe,AQI良好或為室內設施,2026-03-03 19:07:25
新民村集會所,外埔巷11之28號,23.8185,120.6924,True,30,台中,47,36.66,Safe,AQI良好或為室內設施,2026-03-03 19:07:25
過圳村活動中心,三義巷30-7號,23.818606,120.607488,True,64,台中,47,37.2,Safe,AQI良好或為室內設施,2026-03-03 19:07:25
憫世寶宮,山頂巷192號,23.818731,120.852233,True,300,台中,47,40.83,Safe,AQI良好或為室內設施,2026-03-03 19:07:25
溪口活動中心,溪口路103巷2號,23.8195,121.4734,True,50,花蓮,28,15.51,Safe,AQI良好或為室內設施,2026-03-03 19:07:25
成城國小會議室、105-106、201-208教室,中山路二段150號,23.819695,120.848389,True,400,台中,47,40.57,Safe,AQI良好或為室內設施,2026-03-03 19:07:25
埔中村民眾活動中心,埔中巷11-12號,23.821,120.6436,True,30,台中,47,36.46,Safe,AQI良好或為室內設施,2026-03-03 19:07:25
潭南國小,和平巷48號,23.821418,120.93987,True,60,台中,47,45.26,Safe,AQI良好或為室內設施,2026-03-03 19:07:25
頭社社區活動中心會所三聖宮,平和巷40之2號,23.8234,120.908,True,50,台中,47,43.21,Safe,AQI良好或為室內設施,2026-03-03 19:07:25
合和村活動中心,番田一巷46號,23.823503,120.612473,True,142,台中,47,36.58,Safe,AQI良好或為室內設施,2026-03-03 19:07:25
成功國小,彰化縣溪州鄉成功村登山路2段365號,23.8261,120.5448,True,42,台中,47,38.08,Safe,AQI良好或為室內設施,2026-03-03 19:07:25
三條國小,彰化縣溪州鄉三條村中央路2段31號,23.8269,120.4945,True,42,嘉義,44,38.84,Safe,AQI良好或為室內設施,2026-03-03 19:07:25
炭寮村集會所,炭寮巷1之50號,23.8284,120.679,True,50,台中,47,35.51,Safe,AQI良好或為室內設施,2026-03-03 19:07:25
十五村活動中心,十五路33-1號,23.828596,120.601502,True,22,台中,47,36.23,Safe,AQI良好或為室內設施,2026-03-03 19:07:25
復興村活動中心,員集路5段472號,23.829548,120.604775,True,113,台中,47,36.06,Safe,AQI良好或為室內設施,2026-03-03 19:07:25
濁水村集會所,福興巷14號（福興宮旁）,23.8308,120.7121,True,40,台中,47,35.45,Safe,AQI良好或為室內設施,2026-03-03 19:07:25
車埕國小禮堂,民權巷127號,23.831567,120.865694,True,200,台中,47,40.21,Safe,AQI良好或為室內設施,2026-03-03 19:07:25
集集里里集會所暨社區活動中心,成功路205號,23.831643,120.785291,True,50,台中,47,36.93,Safe,AQI良好或為室內設施,2026-03-03 19:07:25
英文堂廣場,集里路34號,23.8318,120.894,True,25,台中,47,41.66,Safe,AQI良好或為室內設施,2026-03-03 19:07:25
昭天宮廣場,大安路2段312號,23.831884,120.594904,False,181,台中,47,36.02,Safe,AQI良好或為室內設施,2026-03-03 19:07:25
水尾國小,彰化縣溪州鄉水尾村太平路137號,23.8319,120.4716,True,42,嘉義,44,39.19,Safe,AQI良好或為室內設施,2026-03-03 19:07:25
車埕社區活動中心,民權巷33-1號,23.833623,120.86443,True,50,台中,47,39.94,Safe,AQI良好或為室內設施,2026-03-03 19:07:25
松嶺社區活動中心,豐柏路38號,23.8342,120.6339,True,60,台中,47,35.09,Safe,AQI良好或為室內設施,2026-03-03 19:07:25
永昌里里集會所暨社區活動中心,柴橋巷3-1號,23.83455,120.817036,True,20,台中,47,37.75,Safe,AQI良好或為室內設施,2026-03-03 19:07:25
松柏村集會所,名松路二段216之1號,23.8346,120.6355,True,40,台中,47,35.03,Safe,AQI良好或為室內設施,2026-03-03 19:07:25
豐坪活動中心,豐坪路2段73號,23.8351,121.5096,True,32,花蓮,28,13.53,Safe,AQI良好或為室內設施,2026-03-03 19:07:25
崁腳村民眾活動中心,名松路一段350號,23.8353,120.66,True,30,台中,47,34.76,Safe,AQI良好或為室內設施,2026-03-03 19:07:25
聯勤兵整中心,龍泉巷15號,23.8363,120.7509,True,300,台中,47,35.51,Safe,AQI良好或為室內設施,2026-03-03 19:07:25
南雅村集會所,市場巷20-2號,23.837014,120.702841,True,20,台中,47,34.67,Safe,AQI良好或為室內設施,2026-03-03 19:07:25
頭社國小,平和巷105號,23.8373,120.9027,True,75,台中,47,41.63,Safe,AQI良好或為室內設施,2026-03-03 19:07:25
田頭國小,光明路60號,23.837309,120.448869,True,200,嘉義,44,39.72,Safe,AQI良好或為室內設施,2026-03-03 19:07:25
公所中山堂,彰南路40-1號,23.8382,120.7033,True,50,台中,47,34.55,Safe,AQI良好或為室內設施,2026-03-03 19:07:25
圳寮國小,彰化縣溪州鄉圳寮村下樹巷29號,23.8391,120.5229,True,42,台中,47,37.57,Safe,AQI良好或為室內設施,2026-03-03 19:07:25
永光國小,青埔路7-8號,23.83961,120.300323,True,100,嘉義,44,42.75,Safe,AQI良好或為室內設施,2026-03-03 19:07:25
大安國小,大安路1段200號,23.840611,120.594376,True,181,台中,47,35.08,Safe,AQI良好或為室內設施,2026-03-03 19:07:25
樹湖活動中心,大樹腳59號,23.8407,121.4692,True,38,花蓮,28,17.12,Safe,AQI良好或為室內設施,2026-03-03 19:07:25
中山村集會所,名松路一段83號,23.8419,120.6932,True,50,台中,47,34.06,Safe,AQI良好或為室內設施,2026-03-03 19:07:25
羅厝國小,文昌東路100號,23.842,120.51,True,100,台中,47,37.84,Safe,AQI良好或為室內設施,2026-03-03 19:07:25
萬安宮,古山路57號,23.842146,120.31032,True,100,嘉義,44,42.67,Safe,AQI良好或為室內設施,2026-03-03 19:07:25
上山社區活動中心,大山路2-1號,23.842192,120.318028,True,100,嘉義,44,42.42,Safe,AQI良好或為室內設施,2026-03-03 19:07:25
新厝村集會所,新厝路74號,23.8427,120.6591,True,60,台中,47,33.95,Safe,AQI良好或為室內設施,2026-03-03 19:07:25
成功國小西畔分校,廣一巷24號,23.8429,120.5399,True,42,台中,47,36.51,Safe,AQI良好或為室內設施,2026-03-03 19:07:25
僑義國小,彰化縣溪州鄉溪厝村中山路2段362號,23.8442,120.4791,True,33,台中,47,39.11,Safe,AQI良好或為室內設施,2026-03-03 19:07:25
樹腳社區活動中心,福田路6號,23.844303,120.447765,True,50,嘉義,44,40.5,Safe,AQI良好或為室內設施,2026-03-03 19:07:25
臺西社區活動中心,許厝巷10號,23.844414,120.272574,True,100,嘉義,44,44.32,Safe,AQI良好或為室內設施,2026-03-03 19:07:25
豐山國小,中山路41號,23.8464,121.4918,True,50,花蓮,28,15.72,Safe,AQI良好或為室內設施,2026-03-03 19:07:25
新廣社區活動中心,光明路廣福巷57號,23.846486,120.430132,True,100,嘉義,44,40.79,Safe,AQI良好或為室內設施,2026-03-03 19:07:25
三崙社區活動中心,中庄巷7號,23.8468,120.6367,True,30,台中,47,33.67,Safe,AQI良好或為室內設施,2026-03-03 19:07:25
長安國小,東陽路二段123號,23.847335,120.386672,False,100,嘉義,44,41.33,Safe,AQI良好或為室內設施,2026-03-03 19:07:25
豐山活動中心,中山路127巷15號,23.8478,121.4936,True,47,花蓮,28,15.69,Safe,AQI良好或為室內設施,2026-03-03 19:07:25
頂庄國小,東厝路63-1號,23.848336,120.282454,True,100,嘉義,44,44.32,Safe,AQI良好或為室內設施,2026-03-03 19:07:25
德化國小,中正路211巷1號,23.8485,120.9355,True,150,台中,47,42.6,Safe,AQI良好或為室內設施,2026-03-03 19:07:25
土庫國小,東陽路一段362號,23.84954,120.409448,True,100,嘉義,44,41.28,Safe,AQI良好或為室內設施,2026-03-03 19:07:25
竹圍社區活動中心,竹圍路187號,23.850218,120.454562,True,50,台中,47,39.87,Safe,AQI良好或為室內設施,2026-03-03 19:07:25
溪州國中,中央路三段300號,23.8504,120.4951,True,78,台中,47,37.7,Safe,AQI良好或為室內設施,2026-03-03 19:07:25
弓鞋社區活動中心,弓鞋巷16之2號,23.8504,120.6262,True,30,台中,47,33.41,Safe,AQI良好或為室內設施,2026-03-03 19:07:25
沙崙社區活動中心,沙崙路281號,23.851096,120.583072,True,181,台中,47,34.24,Safe,AQI良好或為室內設施,2026-03-03 19:07:25
老人文康活動中心,圳南路138號,23.851238,120.497777,True,42,台中,47,37.49,Safe,AQI良好或為室內設施,2026-03-03 19:07:25
溪州國小,彰化縣溪州鄉尾厝村中山路3段415號,23.8526,120.4971,True,584,台中,47,37.39,Safe,AQI良好或為室內設施,2026-03-03 19:07:25
大城國中,彰化縣大城鄉大城村中平路132號,23.8529,120.324,True,100,嘉義,44,43.37,Safe,AQI良好或為室內設施,2026-03-03 19:07:25
大城演藝廳,彰化縣大城鄉大城村中平路176號,23.853,120.3203,True,100,嘉義,44,43.49,Safe,AQI良好或為室內設施,2026-03-03 19:07:25
大城國小,彰化縣大城鄉東城村南平路224號,23.853,120.3203,True,100,嘉義,44,43.49,Safe,AQI良好或為室內設施,2026-03-03 19:07:25
南州國小,彰化縣溪州鄉溪州村公園路95號,23.853,120.4909,True,363,台中,47,37.66,Safe,AQI良好或為室內設施,2026-03-03 19:07:25
彰化縣田中鎮內安國民小學,中南路三段 54 號,23.8537,120.5997,True,100,台中,47,33.54,Safe,AQI良好或為室內設施,2026-03-03 19:07:25
新民國小,公館路320號,23.85428,120.585674,True,181,台中,47,33.83,Safe,AQI良好或為室內設施,2026-03-03 19:07:25
大新國小,大新路556號,23.85495,120.557239,True,440,台中,47,34.63,Safe,AQI良好或為室內設施,2026-03-03 19:07:25
西林社區活動中心,8鄰134號,23.855288,121.342737,True,100,花蓮,28,29.21,Safe,AQI良好或為室內設施,2026-03-03 19:07:25
陸嘉社區活動中心,中華路434號,23.855657,120.470711,True,15,台中,47,38.46,Safe,AQI良好或為室內設施,2026-03-03 19:07:25
仁和村集會所,山腳巷17-2號,23.8562,120.7057,True,50,台中,47,32.58,Safe,AQI良好或為室內設施,2026-03-03 19:07:25
新庄社區活動中心,中山街134號,23.856537,120.594252,True,141,台中,47,33.36,Safe,AQI良好或為室內設施,2026-03-03 19:07:25
田中鎮立圖書館,中新路229號,23.856625,120.588689,True,320,台中,47,33.5,Safe,AQI良好或為室內設施,2026-03-03 19:07:25
廈新社區活動中心,大廈巷30號,23.8568,120.6758,True,40,台中,47,32.35,Safe,AQI良好或為室內設施,2026-03-03 19:07:25
彰化縣立景崧文化教育園區-龍江館,中州路一段416號,23.8571,120.5821,True,150,台中,47,33.62,Safe,AQI良好或為室內設施,2026-03-03 19:07:25
田中國小,中州路1段177號,23.857342,120.587487,True,272,台中,47,33.45,Safe,AQI良好或為室內設施,2026-03-03 19:07:25
西林天主堂,7鄰103號,23.8576,121.3593,True,100,花蓮,28,27.78,Safe,AQI良好或為室內設施,2026-03-03 19:07:25
竹圍村社區活動中心,竹圍巷39號,23.8582,120.6382,True,50,台中,47,32.39,Safe,AQI良好或為室內設施,2026-03-03 19:07:25
赤水社區活動中心,南田路258之10號,23.8595,120.6317,True,20,台中,47,32.33,Safe,AQI良好或為室內設施,2026-03-03 19:07:25
新庄社區活動中心,光華路124號,23.859739,120.483697,True,20,台中,47,37.38,Safe,AQI良好或為室內設施,2026-03-03 19:07:25
竹林社區活動中心,竹鹿路保安巷45號,23.860386,120.40292,True,50,台中,47,42.15,Safe,AQI良好或為室內設施,2026-03-03 19:07:25
大坑村集會所,武東巷11之2號,23.8605,120.6578,True,60,台中,47,31.98,Safe,AQI良好或為室內設施,2026-03-03 19:07:25
田中鎮公所公共造產公有第一零售市場,員集路2段462號,23.8606,120.585,True,150,台中,47,33.17,Safe,AQI良好或為室內設施,2026-03-03 19:07:25
西港國小二樓,東港村中央路2號,23.860997,120.286532,True,100,嘉義,44,45.47,Safe,AQI良好或為室內設施,2026-03-03 19:07:25
竹塘國小,文化街20號,23.861033,120.428771,True,200,台中,47,40.43,Safe,AQI良好或為室內設施,2026-03-03 19:07:25
田中鎮民活動中心,斗中路1段210號,23.861492,120.580803,True,75,台中,47,33.19,Safe,AQI良好或為室內設施,2026-03-03 19:07:25
虎坑社區活動中心,虎坑巷6之1號,23.8622,120.6955,True,60,台中,47,31.82,Safe,AQI良好或為室內設施,2026-03-03 19:07:25
幸福國小,頂興路83巷1弄1號,23.862946,120.971916,True,200,台中,47,43.83,Safe,AQI良好或為室內設施,2026-03-03 19:07:25
楓樹國小,光峰路277號,23.862946,120.971916,True,200,台中,47,43.83,Safe,AQI良好或為室內設施,2026-03-03 19:07:25
東仁社區活動中心,大老巷34號,23.8652,120.7,True,60,台中,47,31.53,Safe,AQI良好或為室內設施,2026-03-03 19:07:25
三潭國小,員集路2段715號,23.865501,120.586202,True,272,台中,47,32.61,Safe,AQI良好或為室內設施,2026-03-03 19:07:25
大湖社區活動中心,大湖路260號,23.8659,120.4528,True,40,台中,47,38.53,Safe,AQI良好或為室內設施,2026-03-03 19:07:25
中和社區活動中心,彰化縣北斗中和里中圳路305號,23.8661,120.5462,True,150,台中,47,33.88,Safe,AQI良好或為室內設施,2026-03-03 19:07:25
明潭國小,中山路191號,23.8674,120.9098,True,100,台中,47,39.33,Safe,AQI良好或為室內設施,2026-03-03 19:07:25
東和國小,山腳路4段188巷109號,23.867482,120.6062,True,181,台中,47,31.9,Safe,AQI良好或為室內設施,2026-03-03 19:07:25
龍潭社區活動中心,大社路1段216巷100弄20號,23.867615,120.580809,True,121,台中,47,32.54,Safe,AQI良好或為室內設施,2026-03-03 19:07:25
月眉國小,月眉路3段24號,23.867967,121.556384,True,50,花蓮,28,13.88,Safe,AQI良好或為室內設施,2026-03-03 19:07:25
月眉國小-米棧分校,米棧路一段53號,23.8681,121.5564,True,45,花蓮,28,13.9,Safe,AQI良好或為室內設施,2026-03-03 19:07:25
明潭國中,中山路190號,23.8684,120.9113,True,150,台中,47,39.34,Safe,AQI良好或為室內設施,2026-03-03 19:07:25
壽豐活動中心,壽豐路1段97號,23.8691,121.5099,True,13,花蓮,28,16.33,Safe,AQI良好或為室內設施,2026-03-03 19:07:25
菜寮社區活動中心,東平路6號,23.869103,120.312409,True,100,嘉義,44,45.44,Safe,AQI良好或為室內設施,2026-03-03 19:07:25
共和活動中心,農墾2街38號,23.8693,121.5308,True,31,花蓮,28,15.17,Safe,AQI良好或為室內設施,2026-03-03 19:07:25
元埔社區活動中心,文化路495巷11號,23.869502,120.503333,True,35,台中,47,35.44,Safe,AQI良好或為室內設施,2026-03-03 19:07:25
田仔社區活動中心,田仔巷41之2號,23.8702,120.6751,True,50,台中,47,30.86,Safe,AQI良好或為室內設施,2026-03-03 19:07:25
萬來國小,彰化縣北斗鎮西德里文賢街35號,23.8703,120.5221,True,500,台中,47,34.47,Safe,AQI良好或為室內設施,2026-03-03 19:07:25
壽豐鄉公所,壽山路26號,23.8704,121.5091,False,50,花蓮,28,16.5,Safe,AQI良好或為室內設施,2026-03-03 19:07:25
文化中心,公園路30號,23.8704,121.5091,True,50,花蓮,28,16.5,Safe,AQI良好或為室內設施,2026-03-03 19:07:25
芙朝社區活動中心,文化路829號,23.870694,120.482115,True,25,台中,47,36.43,Safe,AQI良好或為室內設施,2026-03-03 19:07:25
螺青國小,彰化縣北斗鎮斗中路712號,23.871139,120.534312,True,440,台中,47,33.85,Safe,AQI良好或為室內設施,2026-03-03 19:07:25
鹽寮活動中心,鹽寮165號,23.871385,121.59829,True,15,花蓮,28,13.31,Safe,AQI良好或為室內設施,2026-03-03 19:07:25
北斗鎮公所,彰化縣北斗鎮西德里公所街二號,23.8714,120.5218,True,70,台中,47,34.38,Safe,AQI良好或為室內設施,2026-03-03 19:07:25
大庄村集會所,大廈巷82-4號,23.8722,120.6551,True,30,台中,47,30.69,Safe,AQI良好或為室內設施,2026-03-03 19:07:25
錦梓社區活動中心,皮子寮巷21號,23.8734,120.6324,True,40,台中,47,30.79,Safe,AQI良好或為室內設施,2026-03-03 19:07:25
五庄社區活動中心,竹五路222號,23.873491,120.431604,True,50,台中,47,39.16,Safe,AQI良好或為室內設施,2026-03-03 19:07:25
彰化縣田中鎮明禮國民國小,民光路一段394號,23.8755,120.5661,True,100,台中,47,32.18,Safe,AQI良好或為室內設施,2026-03-03 19:07:25
北斗國小,彰化縣北斗鎮新政里文苑路一段32號,23.875762,120.523284,True,230,台中,47,33.87,Safe,AQI良好或為室內設施,2026-03-03 19:07:25
三光社區活動中心,民光路1段392巷25號,23.875905,120.566974,True,70,台中,47,32.1,Safe,AQI良好或為室內設施,2026-03-03 19:07:25
北斗國中,文苑路136號,23.875935,120.521586,True,170,台中,47,33.94,Safe,AQI良好或為室內設施,2026-03-03 19:07:25
螺陽國小,斗苑路2段150號,23.87624,120.514719,True,420,台中,47,34.23,Safe,AQI良好或為室內設施,2026-03-03 19:07:25
中寮社區活動中心,鄉林巷23號,23.8763,120.7732,True,30,台中,47,31.83,Safe,AQI良好或為室內設施,2026-03-03 19:07:25
崁頂社區活動中心,永平路104號,23.8763,120.7732,True,50,台中,47,31.83,Safe,AQI良好或為室內設施,2026-03-03 19:07:25
下社區活動中心,大岩巷30之8號,23.8764,120.6355,True,60,台中,47,30.41,Safe,AQI良好或為室內設施,2026-03-03 19:07:25
中寮社區活動中心,彰化縣北斗中寮里中央路30巷31號,23.8781,120.5109,True,310,台中,47,34.23,Safe,AQI良好或為室內設施,2026-03-03 19:07:25
北斗家商,彰化縣北斗鎮大道里學府路50號,23.8785,120.5221,True,470,台中,47,33.66,Safe,AQI良好或為室內設施,2026-03-03 19:07:25
內城社區活動中心,龍南路6-3號,23.879,120.7628,True,100,台中,47,31.22,Safe,AQI良好或為室內設施,2026-03-03 19:07:25
豐美社區活動中心,平和路5號,23.879191,120.306808,True,100,嘉義,44,46.68,Safe,AQI良好或為室內設施,2026-03-03 19:07:25
新街村集會所,彰南路472號,23.8797,120.6934,True,20,台中,47,29.87,Safe,AQI良好或為室內設施,2026-03-03 19:07:25
仙樂社區活動中心,仙鹿巷,23.8798,120.7641,True,50,台中,47,31.18,Safe,AQI良好或為室內設施,2026-03-03 19:07:25
埤頭國中,中學路67號,23.880113,120.460262,True,50,台中,47,36.81,Safe,AQI良好或為室內設施,2026-03-03 19:07:25
頂興社區活動中心,永平路48-12號,23.8805,120.7724,True,50,台中,47,31.36,Safe,AQI良好或為室內設施,2026-03-03 19:07:25
光榮活動中心,光榮1街26之1號,23.8817,121.5143,True,39,花蓮,28,17.22,Safe,AQI良好或為室內設施,2026-03-03 19:07:25
大林村集會所,永川巷5號,23.8823,120.9442,True,25,台中,47,40.33,Safe,AQI良好或為室內設施,2026-03-03 19:07:25
萬丹社區活動中心,新丹巷38-2號,23.8827,120.7063,True,50,台中,47,29.65,Safe,AQI良好或為室內設施,2026-03-03 19:07:25
爽文老人活動中心,龍南路209-1號,23.8828,120.7992,True,100,台中,47,32.1,Safe,AQI良好或為室內設施,2026-03-03 19:07:25
金安老人會館,有水巷28-2號,23.8834,120.9233,True,30,台中,47,38.82,Safe,AQI良好或為室內設施,2026-03-03 19:07:25
平和活動中心,平和路32號,23.8837,121.5197,True,49,花蓮,28,17.12,Safe,AQI良好或為室內設施,2026-03-03 19:07:25
睦宜社區活動中心,聖德巷162號,23.884051,120.549163,True,42,台中,47,31.92,Safe,AQI良好或為室內設施,2026-03-03 19:07:25
新興老人會館,新興巷10-6號,23.884867,120.872715,True,500,台中,47,35.54,Safe,AQI良好或為室內設施,2026-03-03 19:07:25
天乙宮,建平路一段66號,23.885121,120.527114,True,90,台中,47,32.77,Safe,AQI良好或為室內設施,2026-03-03 19:07:25
八仙社區活動中心,永樂路36-1號,23.8857,120.7572,True,50,台中,47,30.35,Safe,AQI良好或為室內設施,2026-03-03 19:07:25
老人文康中心,彰化縣竹塘鄉民靖村金山路40號,23.886404,120.41144,True,100,台中,47,39.41,Safe,AQI良好或為室內設施,2026-03-03 19:07:25
南鎮國小,光復路一段295號,23.886533,120.560701,True,150,台中,47,31.22,Safe,AQI良好或為室內設施,2026-03-03 19:07:25
大林社區活動中心,嵩山巷27號,23.8872,120.949,True,25,台中,47,40.27,Safe,AQI良好或為室內設施,2026-03-03 19:07:25
五城村活動中心,五城巷24-2號,23.8874,120.8879,True,75,台中,47,36.21,Safe,AQI良好或為室內設施,2026-03-03 19:07:25
鄉立托兒所,彰水路3段352巷45號,23.8888,120.4601,True,40,台中,47,36.04,Safe,AQI良好或為室內設施,2026-03-03 19:07:25
清聖宮,清興路50巷71號,23.888885,120.605951,True,300,台中,47,29.59,Safe,AQI良好或為室內設施,2026-03-03 19:07:25
仁里社區活動中心,中正路二段103巷9號,23.888979,120.534111,True,84,台中,47,32.07,Safe,AQI良好或為室內設施,2026-03-03 19:07:25
花與樹博物館,光復路2段575號,23.888979,120.534111,True,350,台中,47,32.07,Safe,AQI良好或為室內設施,2026-03-03 19:07:25
老人文康中心,安康街72號,23.889,120.46,True,25,台中,47,36.03,Safe,AQI良好或為室內設施,2026-03-03 19:07:25
永安社區活動中心,復興巷22號,23.8892,120.7369,True,50,台中,47,29.45,Safe,AQI良好或為室內設施,2026-03-03 19:07:25
新生社區活動中心,延平路150號,23.88931,120.548715,True,84,台中,47,31.41,Safe,AQI良好或為室內設施,2026-03-03 19:07:25
四武宮辦公室,埔尾路51號,23.889782,120.487282,True,30,台中,47,34.36,Safe,AQI良好或為室內設施,2026-03-03 19:07:25
社頭鄉公所大禮堂,社斗路一段295號,23.8898,120.585,True,50,台中,47,30.06,Safe,AQI良好或為室內設施,2026-03-03 19:07:25
東光村避難所,慶隆巷31-9號,23.8898,120.9665,True,25,台中,47,41.32,Safe,AQI良好或為室內設施,2026-03-03 19:07:25
福田社區活動中心,光復路一段98巷181號,23.889989,120.562711,True,60,台中,47,30.79,Safe,AQI良好或為室內設施,2026-03-03 19:07:25
東光國小,慶隆巷36號,23.8905,120.9667,True,200,台中,47,41.28,Safe,AQI良好或為室內設施,2026-03-03 19:07:25
五城國小,華龍巷1-2號,23.8909,120.8891,True,100,台中,47,35.98,Safe,AQI良好或為室內設施,2026-03-03 19:07:25
正義社區活動中心,中正路一段232號,23.891782,120.516759,True,34,台中,47,32.61,Safe,AQI良好或為室內設施,2026-03-03 19:07:25
田尾國小,中山路一段449號,23.891877,120.528588,True,500,台中,47,32.03,Safe,AQI良好或為室內設施,2026-03-03 19:07:25
南鎮社區活動中心,平和路一段140號,23.892145,120.554772,True,78,台中,47,30.87,Safe,AQI良好或為室內設施,2026-03-03 19:07:25
中明活動中心,文正巷5-10號,23.8922,120.9206,True,25,台中,47,37.9,Safe,AQI良好或為室內設施,2026-03-03 19:07:25
永和社區活動中心,龍南路321-11號,23.8925,120.7764,True,50,台中,47,30.24,Safe,AQI良好或為室內設施,2026-03-03 19:07:25
埤頭國小,中南路145號,23.892504,120.478352,True,50,台中,47,34.62,Safe,AQI良好或為室內設施,2026-03-03 19:07:25
永興里災民收容所社區活動中心,八卦路58巷20號,23.8926,120.6389,True,150,台中,47,28.58,Safe,AQI良好或為室內設施,2026-03-03 19:07:25
南曾社區活動中心,福德巷185號,23.892743,120.534173,True,84,台中,47,31.69,Safe,AQI良好或為室內設施,2026-03-03 19:07:25
嘉和里災民收容所嘉和里神木社區活動中心,樂利三街2號,23.8928,120.6696,True,100,台中,47,28.35,Safe,AQI良好或為室內設施,2026-03-03 19:07:25
社頭鄉老人文康活動中心,南勢巷9-16號,23.893,120.595,True,150,台中,47,29.42,Safe,AQI良好或為室內設施,2026-03-03 19:07:25
千秋里災民收容所社區活動中心,千秋路222號,23.893,120.706,True,150,台中,47,28.51,Safe,AQI良好或為室內設施,2026-03-03 19:07:25
圖書館一樓,文鄉路135號,23.8933,120.4587,True,40,台中,47,35.73,Safe,AQI良好或為室內設施,2026-03-03 19:07:25
中和國小活動中心,溪林路284號,23.8933,120.4587,True,50,台中,47,35.73,Safe,AQI良好或為室內設施,2026-03-03 19:07:25
三豐社區活動中心,平康路13號,23.893532,120.299171,True,100,台中,47,47.38,Safe,AQI良好或為室內設施,2026-03-03 19:07:25
合興國小,文鄉路161號,23.894074,120.459432,True,50,台中,47,35.62,Safe,AQI良好或為室內設施,2026-03-03 19:07:25
北曾社區活動中心,福德巷359號,23.894834,120.53401,True,90,台中,47,31.49,Safe,AQI良好或為室內設施,2026-03-03 19:07:25
爽文社區活動中心,龍南路190號,23.8949,120.7244,True,100,台中,47,28.58,Safe,AQI良好或為室內設施,2026-03-03 19:07:25
嘉和里、嘉興里災民收容所嘉和里集會所,嘉和一路232巷2號,23.8955,120.6871,True,250,台中,47,28.08,Safe,AQI良好或為室內設施,2026-03-03 19:07:25
嘉和里災民收容所嘉和里集會所,嘉和一路232巷2號,23.8955,120.6871,True,250,台中,47,28.08,Safe,AQI良好或為室內設施,2026-03-03 19:07:25
路上國小,新上路12號,23.8961,120.3283,True,150,台中,47,44.86,Safe,AQI良好或為室內設施,2026-03-03 19:07:25
中興國小,光復路73號,23.8963,120.427,True,100,台中,47,37.53,Safe,AQI良好或為室內設施,2026-03-03 19:07:25
永芳社區活動中心,龍南路269-1號,23.8966,120.7145,True,50,台中,47,28.23,Safe,AQI良好或為室內設施,2026-03-03 19:07:25
社頭鄉運動公園體育館,彰化縣社頭鄉美雅村中山路1段172號,23.8968,120.5858,True,500,台中,47,29.29,Safe,AQI良好或為室內設施,2026-03-03 19:07:25
北鎮社區活動中心,平和路二段151號,23.897327,120.552144,True,78,台中,47,30.45,Safe,AQI良好或為室內設施,2026-03-03 19:07:25
溪頂社區活動中心,三溪路一段209號,23.897399,120.508138,True,45,台中,47,32.51,Safe,AQI良好或為室內設施,2026-03-03 19:07:25
田尾社區活動中心,光復路三段538巷1號,23.897399,120.508138,True,84,台中,47,32.51,Safe,AQI良好或為室內設施,2026-03-03 19:07:25
社頭國小,社斗路一段258號,23.897442,120.584451,True,300,台中,47,29.26,Safe,AQI良好或為室內設施,2026-03-03 19:07:25
二林鎮鎮立幼兒園,斗苑路四段586號,23.8976,120.3707,True,200,台中,47,41.47,Safe,AQI良好或為室內設施,2026-03-03 19:07:25
興華社區活動中心,中農路15號,23.898143,120.366378,True,75,台中,47,41.76,Safe,AQI良好或為室內設施,2026-03-03 19:07:25
萬興國中,二溪路6段626號,23.898143,120.366378,True,121,台中,47,41.76,Safe,AQI良好或為室內設施,2026-03-03 19:07:25
圓和宮,鎮平巷1號,23.898143,120.366378,True,121,台中,47,41.76,Safe,AQI良好或為室內設施,2026-03-03 19:07:25
民眾活動中心,文明巷3號,23.898143,120.366378,True,121,台中,47,41.76,Safe,AQI良好或為室內設施,2026-03-03 19:07:25
育德國小,中南巷41-1號,23.898143,120.366378,True,121,台中,47,41.76,Safe,AQI良好或為室內設施,2026-03-03 19:07:25
梅芳社區活動中心,太平路72-1號,23.898143,120.366378,True,151,台中,47,41.76,Safe,AQI良好或為室內設施,2026-03-03 19:07:25
慈靈宮,同安巷80-1號,23.898143,120.366378,True,227,台中,47,41.76,Safe,AQI良好或為室內設施,2026-03-03 19:07:25
廣福宮,新榮巷1-2號,23.898143,120.366378,True,303,台中,47,41.76,Safe,AQI良好或為室內設施,2026-03-03 19:07:25
東興社區活動中心,福建巷45-1號,23.898143,120.366378,True,303,台中,47,41.76,Safe,AQI良好或為室內設施,2026-03-03 19:07:25
麒麟宮代化堂集會所,新店巷35號,23.8983,120.9396,True,50,台中,47,38.72,Safe,AQI良好或為室內設施,2026-03-03 19:07:25
永豐社區活動中心,東西路621號,23.898467,120.450794,True,25,台中,47,35.78,Safe,AQI良好或為室內設施,2026-03-03 19:07:25
新興社區活動中心,新興路280號,23.898593,120.558394,True,90,台中,47,30.07,Safe,AQI良好或為室內設施,2026-03-03 19:07:25
魚池國小,瓊文巷41號,23.899,120.9373,True,300,台中,47,38.5,Safe,AQI良好或為室內設施,2026-03-03 19:07:25
長興長寮尾活動中心,長興巷8之11號,23.8992,120.9533,True,50,台中,47,39.63,Safe,AQI良好或為室內設施,2026-03-03 19:07:25
龍安社區活動中心,龍南路94-5號,23.8996,120.7592,True,50,台中,47,28.92,Safe,AQI良好或為室內設施,2026-03-03 19:07:25
月眉活動中心,月眉路三段108號,23.8996,121.554,True,53,花蓮,28,17.28,Safe,AQI良好或為室內設施,2026-03-03 19:07:25
三鹿社區活動中心,三鹿里自強路293號,23.899861,120.364822,True,224,台中,47,41.75,Safe,AQI良好或為室內設施,2026-03-03 19:07:25
二林國小,彰化縣二林鎮豐田里斗苑路五段22號,23.8999,120.3716,True,200,台中,47,41.23,Safe,AQI良好或為室內設施,2026-03-03 19:07:25
中正國小,建興街80號,23.8999,120.3773,True,150,台中,47,40.8,Safe,AQI良好或為室內設施,2026-03-03 19:07:25
新厝社區活動中心,光明巷54號,23.899999,120.503867,True,30,台中,47,32.49,Safe,AQI良好或為室內設施,2026-03-03 19:07:25
原斗國小,斗苑路一段865號,23.9005,120.3754,True,100,台中,47,40.9,Safe,AQI良好或為室內設施,2026-03-03 19:07:25
社頭國中,中興路1號,23.901267,120.582081,True,300,台中,47,28.94,Safe,AQI良好或為室內設施,2026-03-03 19:07:25
仁豐國小,中正路二段101號,23.902513,120.508227,True,100,台中,47,32.02,Safe,AQI良好或為室內設施,2026-03-03 19:07:25
三和里災民收容所里集會所,彰南路一段992號,23.9026,120.6859,True,250,台中,47,27.28,Safe,AQI良好或為室內設施,2026-03-03 19:07:25
豐田社區活動中心,光復路四段114號,23.903422,120.510873,True,60,台中,47,31.8,Safe,AQI良好或為室內設施,2026-03-03 19:07:25
三興里災民收容所南投高商活動中心,彰南路一段993號,23.9039,120.6853,True,250,台中,47,27.14,Safe,AQI良好或為室內設施,2026-03-03 19:07:25
打簾社區活動中心,民生路一段245號,23.904866,120.529979,True,60,台中,47,30.69,Safe,AQI良好或為室內設施,2026-03-03 19:07:25
志學活動中心,中正路120巷13號,23.9053,121.5322,True,40,花蓮,28,18.66,Safe,AQI良好或為室內設施,2026-03-03 19:07:25
崇文里災民收容所南投國小活動中心,彰南路一段1059號,23.9058,120.6839,True,250,台中,47,26.92,Safe,AQI良好或為室內設施,2026-03-03 19:07:25
彰仁里災民收容所南投國小活動中心,彰南路一段1059號,23.9058,120.6839,True,250,台中,47,26.92,Safe,AQI良好或為室內設施,2026-03-03 19:07:25
新城村避難所,通文巷8號,23.9059,120.9259,True,50,台中,47,37.14,Safe,AQI良好或為室內設施,2026-03-03 19:07:25
中寮國小活動中心,永平路316號,23.906,120.8067,True,100,台中,47,30.08,Safe,AQI良好或為室內設施,2026-03-03 19:07:25
新莊社區活動中心,永社路75-1號,23.906852,120.553913,True,26,台中,47,29.41,Safe,AQI良好或為室內設施,2026-03-03 19:07:25
永靖國中,錫壽路123號,23.906852,120.553913,True,472,台中,47,29.41,Safe,AQI良好或為室內設施,2026-03-03 19:07:25
原斗社區活動中心,中正巷13號,23.907276,120.436185,True,10,台中,47,36.0,Safe,AQI良好或為室內設施,2026-03-03 19:07:25
西斗社區活動中心,再發路46號,23.907276,120.436185,True,12,台中,47,36.0,Safe,AQI良好或為室內設施,2026-03-03 19:07:25
東和里集會所,照西路176巷1號,23.907276,120.436185,True,18,台中,47,36.0,Safe,AQI良好或為室內設施,2026-03-03 19:07:25
大永社區活動中心,大永路17號,23.907276,120.436185,True,91,台中,47,36.0,Safe,AQI良好或為室內設施,2026-03-03 19:07:25
東勢社區活動中心,面前巷2號,23.907276,120.436185,True,91,台中,47,36.0,Safe,AQI良好或為室內設施,2026-03-03 19:07:25
新興宮,成田巷2號之4,23.907276,120.436185,True,136,台中,47,36.0,Safe,AQI良好或為室內設施,2026-03-03 19:07:25
復豐社區活動中心,漏瑤巷30號,23.907276,120.436185,True,151,台中,47,36.0,Safe,AQI良好或為室內設施,2026-03-03 19:07:25
慈聖?,路東巷1-23號,23.907276,120.436185,True,200,台中,47,36.0,Safe,AQI良好或為室內設施,2026-03-03 19:07:25
南光社區活動中心,懷仁街8號,23.907276,120.436185,True,200,台中,47,36.0,Safe,AQI良好或為室內設施,2026-03-03 19:07:25
中正村社區活動中心,光明路58號,23.907318,120.98989,True,100,台中,47,41.79,Safe,AQI良好或為室內設施,2026-03-03 19:07:25
朝興國小,社石路91號,23.908289,120.604063,True,200,台中,47,27.54,Safe,AQI良好或為室內設施,2026-03-03 19:07:25
養靈社區活動養靈社區活動中心山楂腳,山楂腳巷16-1號,23.9089,120.9149,True,25,台中,47,36.13,Safe,AQI良好或為室內設施,2026-03-03 19:07:25
振興里災民收容所里辦公處,振興巷29巷18號,23.9095,120.6961,True,100,台中,47,26.59,Safe,AQI良好或為室內設施,2026-03-03 19:07:25
仁和里災民收容所市區7里聯合辦公處,民生街33-3號,23.9101,120.6858,True,150,台中,47,26.45,Safe,AQI良好或為室內設施,2026-03-03 19:07:25
南投里災民收容所市區七里聯合辦公處,民生街33之3號,23.9101,120.6858,True,150,台中,47,26.45,Safe,AQI良好或為室內設施,2026-03-03 19:07:25
三民里災民收容所南投高中,建國路137號,23.9105,120.6809,True,300,台中,47,26.39,Safe,AQI良好或為室內設施,2026-03-03 19:07:25
湳港社區活動中心,湳港村永社路205號,23.910928,120.548393,True,230,台中,47,29.24,Safe,AQI良好或為室內設施,2026-03-03 19:07:25
五福社區活動中心,五福村五福巷99-1號,23.911429,120.541084,True,67,台中,47,29.52,Safe,AQI良好或為室內設施,2026-03-03 19:07:25
溪畔社區活動中心,溪畔巷157號,23.912249,120.536106,True,36,台中,47,29.67,Safe,AQI良好或為室內設施,2026-03-03 19:07:25
福山里災民收容所社區活動中心,八卦路521之12號,23.9131,120.6376,True,150,台中,47,26.34,Safe,AQI良好或為室內設施,2026-03-03 19:07:25
平和里災民收容所平和國小活動中心,育樂路62號,23.9132,120.6912,True,250,台中,47,26.14,Safe,AQI良好或為室內設施,2026-03-03 19:07:25
龍泉里災民收容所康壽國小活動中心,南陽路269號,23.9133,120.6863,True,150,台中,47,26.1,Safe,AQI良好或為室內設施,2026-03-03 19:07:25
康壽里災民收容所康壽國小活動中心,南陽路269號,23.9133,120.6863,True,150,台中,47,26.1,Safe,AQI良好或為室內設施,2026-03-03 19:07:25
漳和里災民收容所漳和里活動中心,文化路532號,23.9134,120.6738,True,150,台中,47,26.05,Safe,AQI良好或為室內設施,2026-03-03 19:07:25
漳和里災民收容所南投國中活動中心,祖祠路361號,23.9137,120.6769,True,250,台中,47,26.02,Safe,AQI良好或為室內設施,2026-03-03 19:07:25
武界基督長老教會,界山巷62號,23.913769,121.042737,True,200,台中,47,45.63,Safe,AQI良好或為室內設施,2026-03-03 19:07:25
港西社區活動中心,福德巷36-1號,23.914104,120.541515,True,34,台中,47,29.23,Safe,AQI良好或為室內設施,2026-03-03 19:07:25
漳興里災民收容所社區活動中心,漳興巷51號,23.9146,120.681,True,200,台中,47,25.93,Safe,AQI良好或為室內設施,2026-03-03 19:07:25
大雁村集會所,大雁巷2-1號,23.9166,120.9193,True,25,台中,47,35.82,Safe,AQI良好或為室內設施,2026-03-03 19:07:25
豐崙國小,校前路50號,23.9172,120.4602,True,50,台中,47,33.56,Safe,AQI良好或為室內設施,2026-03-03 19:07:25
陸豐國小,民生路3段200號,23.917345,120.505044,True,120,台中,47,30.81,Safe,AQI良好或為室內設施,2026-03-03 19:07:25
永南社區活動中心,永西路155號,23.918325,120.542396,True,37,台中,47,28.78,Safe,AQI良好或為室內設施,2026-03-03 19:07:25
福興社區活動中心,福興村中肚巷52號,23.918644,120.513506,True,37,台中,47,30.22,Safe,AQI良好或為室內設施,2026-03-03 19:07:25
橋頭國小,員集路三段528號,23.9187,120.579834,True,300,台中,47,27.19,Safe,AQI良好或為室內設施,2026-03-03 19:07:25
沛霖宮,中正路三段271號,23.918704,120.498374,True,80,台中,47,31.07,Safe,AQI良好或為室內設施,2026-03-03 19:07:25
獨鰲社區活動中心,獨鰲路192巷1-9號,23.919024,120.531449,True,116,台中,47,29.24,Safe,AQI良好或為室內設施,2026-03-03 19:07:25
共和國小,五馬巷57-1號,23.9192,120.9663,True,75,台中,47,39.1,Safe,AQI良好或為室內設施,2026-03-03 19:07:25
池南活動中心,池南路2段17號,23.9197,121.506,True,53,花蓮,28,21.28,Safe,AQI良好或為室內設施,2026-03-03 19:07:25
浮圳社區活動中心,浮圳路409號,23.920049,120.560075,True,45,台中,47,27.82,Safe,AQI良好或為室內設施,2026-03-03 19:07:25
湳雅國小,山腳路三段395號,23.920353,120.601444,True,300,台中,47,26.32,Safe,AQI良好或為室內設施,2026-03-03 19:07:25
崙美社區活動中心,獨鰲路270巷8-1號,23.920355,120.538616,True,96,台中,47,28.76,Safe,AQI良好或為室內設施,2026-03-03 19:07:25
軍功里災民收容所里活動中心,軍功路140巷76號,23.9208,120.7003,True,150,台中,47,25.38,Safe,AQI良好或為室內設施,2026-03-03 19:07:25
後寮國小,芳寮路30號,23.9209,120.3417,True,150,台中,47,42.1,Safe,AQI良好或為室內設施,2026-03-03 19:07:25
陸豐社區活動中心,陸豐路48號,23.920935,120.50099,True,45,台中,47,30.71,Safe,AQI良好或為室內設施,2026-03-03 19:07:25
張厝村集會所,張厝村大圳巷9-6號,23.920935,120.50099,True,50,台中,47,30.71,Safe,AQI良好或為室內設施,2026-03-03 19:07:25
平山里災民收容所平山里辦公處,平山二路47巷2號,23.921,120.6749,True,150,台中,47,25.21,Safe,AQI良好或為室內設施,2026-03-03 19:07:25
甘霖宮,永福路一段12號,23.92112,120.541331,True,50,台中,47,28.55,Safe,AQI良好或為室內設施,2026-03-03 19:07:25
福盛社區活動中心,永樂路88-8號,23.9236,120.7318,True,50,台中,47,25.61,Safe,AQI良好或為室內設施,2026-03-03 19:07:25
東山里災民收容所觀音寺,東山路13號,23.9238,120.7167,True,150,台中,47,25.28,Safe,AQI良好或為室內設施,2026-03-03 19:07:25
聖興宮,興寧路196號,23.923805,120.569898,True,197,台中,47,27.03,Safe,AQI良好或為室內設施,2026-03-03 19:07:25
竹子社區活動中心,竹中巷41號,23.924464,120.503855,True,45,台中,47,30.22,Safe,AQI良好或為室內設施,2026-03-03 19:07:25
鳳鳴里災民收容所鳳鳴國中禮堂,八卦路896號,23.9248,120.6397,True,250,台中,47,25.02,Safe,AQI良好或為室內設施,2026-03-03 19:07:25
四芳社區活動中心,四湳路106-1號,23.925579,120.522486,True,73,台中,47,29.08,Safe,AQI良好或為室內設施,2026-03-03 19:07:25
同安社區活動中心,西畔巷11-1號,23.925671,120.528556,True,145,台中,47,28.75,Safe,AQI良好或為室內設施,2026-03-03 19:07:25
光雲社區活動中心,意善巷78-1號,23.92713,120.555617,True,88,台中,47,27.3,Safe,AQI良好或為室內設施,2026-03-03 19:07:25
湳墘社區活動中心,忠心路13-1號,23.92828,120.532649,True,39,台中,47,28.29,Safe,AQI良好或為室內設施,2026-03-03 19:07:25
同仁社區活動中心,同仁村東畔路7-1號,23.92828,120.532649,True,43,台中,47,28.29,Safe,AQI良好或為室內設施,2026-03-03 19:07:25
新興里災民收容所新豐國小禮堂,彰南路三段221號,23.9294,120.6724,True,250,台中,47,24.27,Safe,AQI良好或為室內設施,2026-03-03 19:07:25
麒麟國小,武界路7號,23.9304,120.99,True,280,台中,47,40.2,Safe,AQI良好或為室內設施,2026-03-03 19:07:25
崙子社區活動中心,九分路192-1號,23.930578,120.566311,True,35,台中,47,26.49,Safe,AQI良好或為室內設施,2026-03-03 19:07:25
五汴社區活動中心,五汴巷1號,23.9307,120.558809,True,35,台中,47,26.8,Safe,AQI良好或為室內設施,2026-03-03 19:07:25
西勢社區活動中心,西安路117巷36號,23.931225,120.476644,True,30,台中,47,31.3,Safe,AQI良好或為室內設施,2026-03-03 19:07:25
愛蘭里集會所,梅村路110號,23.9314,120.9902,True,50,台中,47,40.15,Safe,AQI良好或為室內設施,2026-03-03 19:07:25
和興社區活動中心,永樂路143-2號,23.9322,120.7501,True,50,台中,47,25.19,Safe,AQI良好或為室內設施,2026-03-03 19:07:25
內興里災民收容所德興國小活動中心,中興路200號,23.9325,120.693,True,250,台中,47,24.01,Safe,AQI良好或為室內設施,2026-03-03 19:07:25
光華活動中心,光華二街200號,23.934,121.578,True,37,花蓮,28,20.46,Safe,AQI良好或為室內設施,2026-03-03 19:07:25
義和村集會所,永平路513-12號,23.9349,120.7601,True,100,台中,47,25.24,Safe,AQI良好或為室內設施,2026-03-03 19:07:25
內新里災民收容所內新里集會所,南營路283號,23.9357,120.6903,True,150,台中,47,23.63,Safe,AQI良好或為室內設施,2026-03-03 19:07:25
義和社區活動中心,永平路447-12號,23.9359,120.7589,True,50,台中,47,25.09,Safe,AQI良好或為室內設施,2026-03-03 19:07:25
港源社區五榖宮,南港路26號,23.9366,120.8663,True,50,台中,47,30.56,Safe,AQI良好或為室內設施,2026-03-03 19:07:25
龍岩村集會所,龍南路154號,23.9376,120.7629,True,50,台中,47,25.06,Safe,AQI良好或為室內設施,2026-03-03 19:07:25
珠格里集會所,珠生路36-5號,23.9376,120.9584,True,30,台中,47,37.18,Safe,AQI良好或為室內設施,2026-03-03 19:07:25
太平國小,太平路289號,23.938168,120.552667,True,200,台中,47,26.34,Safe,AQI良好或為室內設施,2026-03-03 19:07:25
埔心鄉立幼兒園,太平路336號,23.9385,120.5513,True,100,台中,47,26.37,Safe,AQI良好或為室內設施,2026-03-03 19:07:25
永豐里災民收容所里辦公處,中華路190巷50號,23.9385,120.6703,True,100,台中,47,23.26,Safe,AQI良好或為室內設施,2026-03-03 19:07:25
湳底社區活動中心,湳底路27-6號,23.940604,120.507252,True,30,台中,47,28.56,Safe,AQI良好或為室內設施,2026-03-03 19:07:25
鳳山里災民收容所鳳山里集會所,八卦路1310號,23.9409,120.6379,True,100,台中,47,23.28,Safe,AQI良好或為室內設施,2026-03-03 19:07:25
金龍宮,水頭路18號,23.9409,120.9707,True,30,台中,47,37.93,Safe,AQI良好或為室內設施,2026-03-03 19:07:25
媽厝國小,湳底路67號,23.941071,120.496339,True,100,台中,47,29.19,Safe,AQI良好或為室內設施,2026-03-03 19:07:25
清水社區活動中心,瀧林巷2-6號,23.9415,120.7725,True,100,台中,47,25.03,Safe,AQI良好或為室內設施,2026-03-03 19:07:25
光明里災民收容所光復國小導師室地下室,光明一路67號,23.9416,120.7024,True,150,台中,47,23.1,Safe,AQI良好或為室內設施,2026-03-03 19:07:25
桃米里集會所,桃米巷48-1號,23.9424,120.9269,True,50,台中,47,34.39,Safe,AQI良好或為室內設施,2026-03-03 19:07:25
營南里災民收容所營南里集會所,營盤路113號,23.9438,120.6754,True,150,台中,47,22.67,Safe,AQI良好或為室內設施,2026-03-03 19:07:25
福興里災民收容所福興里集會所永興宮,彰南路三段953號,23.944121,120.665769,True,50,台中,47,22.65,Safe,AQI良好或為室內設施,2026-03-03 19:07:25
水頭里集會所,中正路121號,23.9446,120.9799,True,30,台中,47,38.44,Safe,AQI良好或為室內設施,2026-03-03 19:07:25
廣福國小活動中心,內城巷3-2號,23.9447,120.7883,True,100,台中,47,25.4,Safe,AQI良好或為室內設施,2026-03-03 19:07:25
美港社區活動中心,中山路一段118號,23.944818,120.562457,True,50,台中,47,25.23,Safe,AQI良好或為室內設施,2026-03-03 19:07:25
溪南里集會所醒覺堂,珠生路59-1號,23.945,120.9567,True,60,台中,47,36.53,Safe,AQI良好或為室內設施,2026-03-03 19:07:25
福興里災民收容所三玄宮,吉利路126號,23.9467,120.6593,True,150,台中,47,22.4,Safe,AQI良好或為室內設施,2026-03-03 19:07:25
永福社區活動中心,永平路400號,23.9471,120.791,True,50,台中,47,25.29,Safe,AQI良好或為室內設施,2026-03-03 19:07:25
萬豐國小,清華巷8號,23.947392,121.07602,True,200,台中,47,46.54,Safe,AQI良好或為室內設施,2026-03-03 19:07:25
干城活動中心,干城一街97巷1號,23.9474,121.545,True,35,花蓮,28,22.63,Safe,AQI良好或為室內設施,2026-03-03 19:07:25
文蘭活動中心,6鄰79號,23.9479,121.5068,True,100,花蓮,28,24.05,Safe,AQI良好或為室內設施,2026-03-03 19:07:25
舊館國小,員鹿路4段201號,23.948035,120.525928,True,600,台中,47,26.79,Safe,AQI良好或為室內設施,2026-03-03 19:07:25
二林工商,斗苑路4段500號,23.9482,120.4428,True,200,台中,47,32.27,Safe,AQI良好或為室內設施,2026-03-03 19:07:25
大庭社區活動中心,崙仔腳路34-1號,23.949215,120.498582,True,40,台中,47,28.34,Safe,AQI良好或為室內設施,2026-03-03 19:07:25
光榮里災民收容所省政府青少年活動中心,中學路1號,23.9498,120.6962,True,200,台中,47,22.12,Safe,AQI良好或為室內設施,2026-03-03 19:07:25
國立暨南大學體育健康中心,大學路1號,23.950278,120.93,True,2200,台中,47,34.06,Safe,AQI良好或為室內設施,2026-03-03 19:07:25
南港國小1甲-6甲與3間專科教室,南港路112之8號,23.9504,120.8693,True,60,台中,47,29.6,Safe,AQI良好或為室內設施,2026-03-03 19:07:25
南港社區活動中心,南港路112之11號,23.9508,120.8695,True,50,台中,47,29.58,Safe,AQI良好或為室內設施,2026-03-03 19:07:25
明聖國小,西安南路178號,23.951445,120.557191,True,400,台中,47,24.82,Safe,AQI良好或為室內設施,2026-03-03 19:07:25
仁安活動中心,南海三街71號,23.9517,121.5968,True,63,花蓮,28,22.24,Safe,AQI良好或為室內設施,2026-03-03 19:07:25
光華里災民收容所光華國小活動中心,光華四路2號,23.9522,120.6908,True,100,台中,47,21.81,Safe,AQI良好或為室內設施,2026-03-03 19:07:25
營北里災民收容所營北里辦公處,中正路152-7號,23.9524,120.6877,True,100,台中,47,21.76,Safe,AQI良好或為室內設施,2026-03-03 19:07:25
員林市育英國小,光明街31號,23.9526,120.5742,True,230,台中,47,23.93,Safe,AQI良好或為室內設施,2026-03-03 19:07:25
南華活動中心,南華四街123號,23.9527,121.5513,True,63,花蓮,28,23.03,Safe,AQI良好或為室內設施,2026-03-03 19:07:25
埔心鄉公所,員鹿路二段344號,23.9531,120.5435,True,100,台中,47,25.35,Safe,AQI良好或為室內設施,2026-03-03 19:07:25
埔心國小,員鹿路二段254號,23.953935,120.544016,True,500,台中,47,25.25,Safe,AQI良好或為室內設施,2026-03-03 19:07:25
東溪國小,員鹿路一段538號,23.953975,120.497939,True,50,台中,47,27.97,Safe,AQI良好或為室內設施,2026-03-03 19:07:25
埔心國中,忠義北路51號,23.95404,120.543018,True,700,台中,47,25.29,Safe,AQI良好或為室內設施,2026-03-03 19:07:25
稻香活動中心,慶豐路79號,23.9548,121.5757,True,40,花蓮,28,22.78,Safe,AQI良好或為室內設施,2026-03-03 19:07:25
永興活動中心,永興七街86號,23.955,121.5683,True,53,花蓮,28,22.92,Safe,AQI良好或為室內設施,2026-03-03 19:07:25
仁和活動中心,南海三街314號,23.9563,121.5876,True,101,花蓮,28,22.81,Safe,AQI良好或為室內設施,2026-03-03 19:07:25
田中社區活動中心,田中央路275巷42弄113號,23.956799,120.46673,True,30,台中,47,29.86,Safe,AQI良好或為室內設施,2026-03-03 19:07:25
老人文康中心,德華街17號,23.956882,120.47851,True,100,台中,47,29.03,Safe,AQI良好或為室內設施,2026-03-03 19:07:25
成功里集會所,種瓜路87-2號,23.9575,120.8946,True,100,台中,47,30.84,Safe,AQI良好或為室內設施,2026-03-03 19:07:25
枇杷里集會所,和二街1號,23.9579,120.9766,True,80,台中,47,37.31,Safe,AQI良好或為室內設施,2026-03-03 19:07:25
草湖國中,彰化縣芳苑鄉草湖村功湖路草湖段140號,23.9583,120.3784,True,400,台中,47,36.63,Safe,AQI良好或為室內設施,2026-03-03 19:07:25
員林市西區體館,雙景街50號,23.9587,120.5642,True,200,台中,47,23.77,Safe,AQI良好或為室內設施,2026-03-03 19:07:25
杷城里集會所,民有二街69號,23.9588,120.9699,True,100,台中,47,36.69,Safe,AQI良好或為室內設施,2026-03-03 19:07:25
員林市公所三樓禮堂,三民街18號,23.9591,120.5743,True,100,台中,47,23.27,Safe,AQI良好或為室內設施,2026-03-03 19:07:25
溪湖鎮公所,大溪路2段423號,23.95923,120.478529,True,100,台中,47,28.84,Safe,AQI良好或為室內設施,2026-03-03 19:07:25
溪湖國小,二溪路一段35號,23.95923,120.478529,True,100,台中,47,28.84,Safe,AQI良好或為室內設施,2026-03-03 19:07:25
同聲集會所,光華街115號,23.9594,120.9655,True,100,台中,47,36.29,Safe,AQI良好或為室內設施,2026-03-03 19:07:25
湖西國小,北聖路20號,23.959709,120.467753,True,60,台中,47,29.56,Safe,AQI良好或為室內設施,2026-03-03 19:07:25
南埔社區活動中心,青宅巷56號,23.9599,120.6633,True,50,台中,47,20.91,Safe,AQI良好或為室內設施,2026-03-03 19:07:25
光輝里災民收容所里集會所,府西路79號,23.9601,120.6861,True,150,台中,47,20.9,Safe,AQI良好或為室內設施,2026-03-03 19:07:25
紫微宮,草溪路214號,23.9611,120.6689,True,30,台中,47,20.75,Safe,AQI良好或為室內設施,2026-03-03 19:07:25
南埔里集會所,中正路305號,23.9611,120.6845,True,80,台中,47,20.78,Safe,AQI良好或為室內設施,2026-03-03 19:07:25
草屯國小禮堂,玉屏路210號,23.9629,120.6845,True,200,台中,47,20.58,Safe,AQI良好或為室內設施,2026-03-03 19:07:25
河東社區活動中心,河東路281號,23.962975,120.448106,True,30,台中,47,30.76,Safe,AQI良好或為室內設施,2026-03-03 19:07:25
薰化里集會所,育英街18號2樓,23.9635,120.9623,True,25,台中,47,35.76,Safe,AQI良好或為室內設施,2026-03-03 19:07:25
清新里集會所,育英街18號1樓,23.9635,120.9623,True,30,台中,47,35.76,Safe,AQI良好或為室內設施,2026-03-03 19:07:25
南門里集會所,南昌街115巷2號,23.9637,120.9669,True,60,台中,47,36.13,Safe,AQI良好或為室內設施,2026-03-03 19:07:25
義民祠,南村路8-1號,23.9638,120.9446,True,30,台中,47,34.28,Safe,AQI良好或為室內設施,2026-03-03 19:07:25
湖東國小,大溪路二段423號,23.963927,120.482373,True,100,台中,47,28.19,Safe,AQI良好或為室內設施,2026-03-03 19:07:25
福安宮,信善街1號,23.96397,120.479389,True,30,台中,47,28.39,Safe,AQI良好或為室內設施,2026-03-03 19:07:25
王功國小,育嬰巷75號,23.9642,120.342,True,400,台中,47,39.37,Safe,AQI良好或為室內設施,2026-03-03 19:07:25
虎山國小禮堂,新生路76號,23.9648,120.6809,True,200,台中,47,20.35,Safe,AQI良好或為室內設施,2026-03-03 19:07:25
銅門收容所,9鄰53號,23.965,121.4944,True,70,花蓮,28,26.3,Safe,AQI良好或為室內設施,2026-03-03 19:07:25
湖北國小,地政路201號,23.965221,120.47679,True,100,台中,47,28.48,Safe,AQI良好或為室內設施,2026-03-03 19:07:25
春陽活動中心,3鄰龍山巷67-1號,23.965785,121.211132,True,100,花蓮,28,46.73,Safe,AQI良好或為室內設施,2026-03-03 19:07:25
東昌活動中心,東海六街74號,23.9658,121.5953,True,47,花蓮,28,23.81,Safe,AQI良好或為室內設施,2026-03-03 19:07:25
太清宮,太平路二段114號,23.9669,120.739,True,30,台中,47,21.17,Safe,AQI良好或為室內設施,2026-03-03 19:07:25
員林市僑信國小,中山路二段280號,23.967,120.5716,True,200,台中,47,22.61,Safe,AQI良好或為室內設施,2026-03-03 19:07:25
泰安里集會所,民族二街58號,23.9671,120.9756,True,50,台中,47,36.65,Safe,AQI良好或為室內設施,2026-03-03 19:07:25
平林里集會所,健行路65巷31號,23.9673,120.7397,True,100,台中,47,21.15,Safe,AQI良好或為室內設施,2026-03-03 19:07:25
員林市東山國小,山腳路四段212號,23.9678,120.601,True,300,台中,47,21.32,Safe,AQI良好或為室內設施,2026-03-03 19:07:25
石川里集會所,石川路37-37號,23.968,120.7451,True,100,台中,47,21.26,Safe,AQI良好或為室內設施,2026-03-03 19:07:25
西門里集會所,中正路511號,23.9681,120.9643,True,50,台中,47,35.64,Safe,AQI良好或為室內設施,2026-03-03 19:07:25
仁里活動中心,仁里五街1號,23.9684,121.5925,True,90,花蓮,28,24.12,Safe,AQI良好或為室內設施,2026-03-03 19:07:25
親愛村活動中心,高平路4號,23.968466,121.107902,True,100,台中,47,48.39,Safe,AQI良好或為室內設施,2026-03-03 19:07:25
御史里舊集會所,東山路27號,23.9686,120.6685,True,50,台中,47,19.92,Safe,AQI良好或為室內設施,2026-03-03 19:07:25
主農社區活動中心,中順街77號,23.9688,121.5968,True,50,花蓮,28,24.14,Safe,AQI良好或為室內設施,2026-03-03 19:07:25
福興活動中心,福德街1號,23.9689,121.5624,True,106,花蓮,28,24.55,Safe,AQI良好或為室內設施,2026-03-03 19:07:25
土城國小禮堂,中正路189號,23.9691,120.6763,True,200,台中,47,19.86,Safe,AQI良好或為室內設施,2026-03-03 19:07:25
坪頂國小禮堂,南坪路40-2號,23.9692,120.6657,True,200,台中,47,19.86,Safe,AQI良好或為室內設施,2026-03-03 19:07:25
鳳霞國小,五通南路82號,23.969739,120.526197,True,363,台中,47,24.81,Safe,AQI良好或為室內設施,2026-03-03 19:07:25
敦和國小禮堂,敦和路72-6號,23.9698,120.668,True,200,台中,47,19.79,Safe,AQI良好或為室內設施,2026-03-03 19:07:25
南昌活動中心,文化七街64號,23.9704,121.5797,True,72,花蓮,28,24.45,Safe,AQI良好或為室內設施,2026-03-03 19:07:25
梧鳳國小,大溪路三段175號,23.970465,120.512005,True,363,台中,47,25.64,Safe,AQI良好或為室內設施,2026-03-03 19:07:25
慈恩社區活動中心,九成街46號,23.9712,120.9598,True,50,台中,47,35.07,Safe,AQI良好或為室內設施,2026-03-03 19:07:25
中正國小,中正路210號,23.9717,121.5997,True,187,花蓮,28,24.45,Safe,AQI良好或為室內設施,2026-03-03 19:07:25
中原國小文中三國中預定地,中原路531號,23.9718,121.5964,True,85,花蓮,28,24.47,Safe,AQI良好或為室內設施,2026-03-03 19:07:25
石川社區活動中心,石川路46-10號,23.9719,120.6606,True,50,台中,47,19.59,Safe,AQI良好或為室內設施,2026-03-03 19:07:25
加老里集會所,加老路268號,23.972,120.6837,True,50,台中,47,19.56,Safe,AQI良好或為室內設施,2026-03-03 19:07:25
大城社區活動中心,大城路18號,23.9721,120.9589,True,50,台中,47,34.93,Safe,AQI良好或為室內設施,2026-03-03 19:07:25
中竹社區活動中心,竹福路181號,23.973162,120.504958,True,40,台中,47,25.88,Safe,AQI良好或為室內設施,2026-03-03 19:07:25
新興社區活動中心,新興巷6-3號,23.973249,120.537435,True,30,台中,47,23.82,Safe,AQI良好或為室內設施,2026-03-03 19:07:25
虎山社區活動中心,虎耳一街40號,23.9734,120.9777,True,120,台中,47,36.46,Safe,AQI良好或為室內設施,2026-03-03 19:07:25
吉安國小,吉安路二段97號,23.9734,121.5628,True,223,花蓮,28,25.03,Safe,AQI良好或為室內設施,2026-03-03 19:07:25
花蓮城隍廟香客大樓,成功街169號,23.9734,121.6058,True,100,花蓮,28,24.63,Safe,AQI良好或為室內設施,2026-03-03 19:07:25
恆吉活動中心,大城路259號,23.9736,120.9498,True,60,台中,47,34.08,Safe,AQI良好或為室內設施,2026-03-03 19:07:25
吉安活動中心,中興路355巷7號,23.9736,121.5643,True,32,花蓮,28,25.03,Safe,AQI良好或為室內設施,2026-03-03 19:07:25
通天宮,員鹿路269-1號,23.973695,120.47264,True,30,台中,47,28.12,Safe,AQI良好或為室內設施,2026-03-03 19:07:25
五穀宮,中山路三段99巷18號,23.974,121.5742,True,70,花蓮,28,24.92,Safe,AQI良好或為室內設施,2026-03-03 19:07:25
親愛國小萬大分校,大安路87號,23.974175,121.127976,True,200,台中,47,50.01,Safe,AQI良好或為室內設施,2026-03-03 19:07:25
雙冬社區活動中心,中正路83-1號,23.9749,120.7039,True,100,台中,47,19.46,Safe,AQI良好或為室內設施,2026-03-03 19:07:25
勝安活動中心,慈惠一街30號,23.9754,121.5869,True,38,花蓮,28,24.93,Safe,AQI良好或為室內設施,2026-03-03 19:07:25
宜昌活動中心,吉祥六街52巷9號,23.9756,121.5832,True,49,花蓮,28,24.99,Safe,AQI良好或為室內設施,2026-03-03 19:07:25
忠孝國小,中華路298號,23.9756,121.5986,True,47,花蓮,28,24.89,Safe,AQI良好或為室內設施,2026-03-03 19:07:25
主權社區活動中心,中原路666號,23.9757,121.5938,True,72,花蓮,28,24.92,Safe,AQI良好或為室內設施,2026-03-03 19:07:25
蜈蚣里集會所,蜈蚣路36號,23.9767,120.9897,True,50,台中,47,37.3,Safe,AQI良好或為室內設施,2026-03-03 19:07:25
南村里集會所,中山路四段373號,23.976883,120.919707,True,70,台中,47,31.39,Safe,AQI良好或為室內設施,2026-03-03 19:07:25
碧洲社區活動中心,立人路763巷59號,23.9773,120.6864,True,100,台中,47,18.99,Safe,AQI良好或為室內設施,2026-03-03 19:07:25
勝安宮,慈惠三街118號,23.9777,121.5867,True,1300,花蓮,28,25.19,Safe,AQI良好或為室內設施,2026-03-03 19:07:25
敦和里集會所,仁愛街156號,23.9778,120.7005,True,50,台中,47,19.09,Safe,AQI良好或為室內設施,2026-03-03 19:07:25
聖地慈惠堂,慈惠三街136號,23.978,121.586,True,700,花蓮,28,25.23,Safe,AQI良好或為室內設施,2026-03-03 19:07:25
中正體育館,公園路53號,23.978,121.6142,True,593,花蓮,28,25.15,Safe,AQI良好或為室內設施,2026-03-03 19:07:25
國風國中,林政街7號,23.9785,121.5954,True,800,花蓮,28,25.22,Safe,AQI良好或為室內設施,2026-03-03 19:07:25
新寶國小,芳漢路129巷100號,23.978617,120.35004,True,150,台中,47,37.85,Safe,AQI良好或為室內設施,2026-03-03 19:07:25
山腳社區活動中心,信洋街40號,23.9788,120.7257,True,20,台中,47,19.51,Safe,AQI良好或為室內設施,2026-03-03 19:07:25
碧峰里集會所,碧峰路135巷6號,23.9789,120.7177,True,100,台中,47,19.3,Safe,AQI良好或為室內設施,2026-03-03 19:07:25
明義國小,明義街107號,23.979,121.6029,True,185,花蓮,28,25.26,Safe,AQI良好或為室內設施,2026-03-03 19:07:25
房里里集會所,房里路7-1號,23.9791,120.9493,True,40,台中,47,33.69,Safe,AQI良好或為室內設施,2026-03-03 19:07:25
南埔將軍廟文教中心,中正路288-41號,23.9797,120.6982,True,100,台中,47,18.85,Safe,AQI良好或為室內設施,2026-03-03 19:07:25
大園國小,彰化縣埔鹽鄉豐澤村埔打路45之1號,23.9798,120.4882,True,150,台中,47,26.51,Safe,AQI良好或為室內設施,2026-03-03 19:07:25
旭光高中禮堂,中正路568-23號,23.9799,120.6866,True,200,台中,47,18.71,Safe,AQI良好或為室內設施,2026-03-03 19:07:25
富寮里集會所,富頂路一段267號,23.9801,120.6947,True,20,台中,47,18.76,Safe,AQI良好或為室內設施,2026-03-03 19:07:25
平林國小禮堂,健行路65巷90號,23.9801,120.721,True,200,台中,47,19.25,Safe,AQI良好或為室內設施,2026-03-03 19:07:25
新庄里集會所,芬草路二段342號,23.9803,120.6806,True,50,台中,47,18.63,Safe,AQI良好或為室內設施,2026-03-03 19:07:25
上林老人活動中心,草溪路599巷2弄8號,23.9804,120.6799,True,60,台中,47,18.61,Safe,AQI良好或為室內設施,2026-03-03 19:07:25
北山國中,中正路4段157號,23.9805,120.8736,True,50,台中,47,27.53,Safe,AQI良好或為室內設施,2026-03-03 19:07:25
北山國小1甲-6甲與6間專科教室,中正路4段19之1號,23.9808,120.8939,True,50,台中,47,29.06,Safe,AQI良好或為室內設施,2026-03-03 19:07:25
籃城社區活動中心,籃城路21號,23.981,120.9567,True,100,台中,47,34.2,Safe,AQI良好或為室內設施,2026-03-03 19:07:25
加興宮,加老南路282-1號,23.9813,120.6872,True,30,台中,47,18.55,Safe,AQI良好或為室內設施,2026-03-03 19:07:25
龍泉宮,玉屏巷24-2號,23.9815,120.7911,True,20,台中,47,22.0,Safe,AQI良好或為室內設施,2026-03-03 19:07:25
碧峰國小禮堂,立人路439號,23.9817,120.6775,True,200,台中,47,18.46,Safe,AQI良好或為室內設施,2026-03-03 19:07:25
南天宮,中正路4段160-1號,23.9817,120.8724,True,50,台中,47,27.35,Safe,AQI良好或為室內設施,2026-03-03 19:07:25
嘉長宮,加老東路68號,23.9818,120.7911,True,30,台中,47,21.97,Safe,AQI良好或為室內設施,2026-03-03 19:07:25
花蓮市公所,林森路252號,23.9821,121.6068,True,37,花蓮,28,25.6,Safe,AQI良好或為室內設施,2026-03-03 19:07:25
慶豐活動中心,慶北一街237號,23.9825,121.5632,True,61,花蓮,28,26.02,Safe,AQI良好或為室內設施,2026-03-03 19:07:25
敦和宮,敦和路74號,23.9835,120.664,True,200,台中,47,18.28,Safe,AQI良好或為室內設施,2026-03-03 19:07:25
國立花蓮農業職業學校,建國路161號,23.9836,121.599,True,382,花蓮,28,25.78,Safe,AQI良好或為室內設施,2026-03-03 19:07:25
中原國小禮堂,坪腳巷20號,23.984,120.7428,True,200,台中,47,19.51,Safe,AQI良好或為室內設施,2026-03-03 19:07:25
大西國小,大崙路10號之1,23.9841,120.5261,True,100,台中,47,23.56,Safe,AQI良好或為室內設施,2026-03-03 19:07:25
永和宮,中和路57-1號,23.9841,120.6638,True,20,台中,47,18.22,Safe,AQI良好或為室內設施,2026-03-03 19:07:25
永安宮,玉屏路129號,23.9847,120.7951,True,20,台中,47,21.92,Safe,AQI良好或為室內設施,2026-03-03 19:07:25
天盛國小,彰化縣埔鹽鄉天盛村番金路68之1號,23.985,120.4288,True,150,台中,47,30.74,Safe,AQI良好或為室內設施,2026-03-03 19:07:25
坪頂社區活動中心,南坪路29號,23.9852,120.7206,True,30,台中,47,18.69,Safe,AQI良好或為室內設施,2026-03-03 19:07:25
擺塘社區活動中心,擺塘橫巷1-1號,23.985318,120.559998,True,30,台中,47,21.43,Safe,AQI良好或為室內設施,2026-03-03 19:07:25
埔鹽鄉立幼兒園,彰化縣埔鹽鄉新水村6鄰大新路1巷12-80巷32號,23.9858,120.4423,True,200,台中,47,29.59,Safe,AQI良好或為室內設施,2026-03-03 19:07:25
新水國小,彰化縣埔鹽鄉新水村大新路15號,23.9858,120.4453,True,200,台中,47,29.35,Safe,AQI良好或為室內設施,2026-03-03 19:07:25
花蓮高商,中山路418號,23.9865,121.6025,True,266,花蓮,28,26.09,Safe,AQI良好或為室內設施,2026-03-03 19:07:25
北昌活動中心,南華四街123號,23.987,121.5947,True,83,花蓮,28,26.17,Safe,AQI良好或為室內設施,2026-03-03 19:07:25
守成社區活動中心,守城二巷1號,23.9872,120.9863,True,50,台中,47,36.42,Safe,AQI良好或為室內設施,2026-03-03 19:07:25
草屯國中禮堂,虎山路808號,23.9876,120.7183,True,200,台中,47,18.37,Safe,AQI良好或為室內設施,2026-03-03 19:07:25
富功國小禮堂,中正路567號,23.9877,120.6624,True,200,台中,47,17.83,Safe,AQI良好或為室內設施,2026-03-03 19:07:25
中原里集會所,中和路57號,23.9879,120.7183,True,100,台中,47,18.34,Safe,AQI良好或為室內設施,2026-03-03 19:07:25
南港國小,彰化縣埔鹽鄉南港村埔菜路29之2號,23.988,120.4958,True,200,台中,47,25.32,Safe,AQI良好或為室內設施,2026-03-03 19:07:25
貢旗社區活動中心,大崙路2-1號,23.988147,120.538159,True,50,台中,47,22.45,Safe,AQI良好或為室內設施,2026-03-03 19:07:25
大村國中,中山路2段240號,23.9882,120.5655,True,100,台中,47,20.86,Safe,AQI良好或為室內設施,2026-03-03 19:07:25
村上社區活動中心,中正東路98巷2號,23.988403,120.566488,True,50,台中,47,20.78,Safe,AQI良好或為室內設施,2026-03-03 19:07:25
加錫社區活動中心,加錫二巷16-3號,23.988689,120.524909,True,50,台中,47,23.25,Safe,AQI良好或為室內設施,2026-03-03 19:07:25
向善里集會所,向善路75號,23.9887,120.9253,True,40,台中,47,31.07,Safe,AQI良好或為室內設施,2026-03-03 19:07:25
南美崙營區,新興路80號,23.9887,121.6157,True,300,花蓮,28,26.35,Safe,AQI良好或為室內設施,2026-03-03 19:07:25
村上國小,中山路2段242號,23.9889,120.5648,True,150,台中,47,20.83,Safe,AQI良好或為室內設施,2026-03-03 19:07:25
永安活動中心,太昌路488號,23.989,121.5731,True,156,花蓮,28,26.58,Safe,AQI良好或為室內設施,2026-03-03 19:07:25
北投里新集會所,北投路185號,23.9892,120.6913,True,100,台中,47,17.72,Safe,AQI良好或為室內設施,2026-03-03 19:07:25
大石社區活動中心,中正路3段235之3號,23.9893,120.8616,True,50,台中,47,25.97,Safe,AQI良好或為室內設施,2026-03-03 19:07:25
新豐里集會所,稻香路56號,23.9909,120.6894,True,60,台中,47,17.51,Safe,AQI良好或為室內設施,2026-03-03 19:07:25
忠孝國小,守城路28號,23.991,120.9798,True,180,台中,47,35.64,Safe,AQI良好或為室內設施,2026-03-03 19:07:25
御史里新集會所,登輝路163號,23.9911,120.7643,True,150,台中,47,19.7,Safe,AQI良好或為室內設施,2026-03-03 19:07:25
中華國小,國盛二街22號,23.992,121.607,True,189,花蓮,28,26.7,Safe,AQI良好或為室內設施,2026-03-03 19:07:25
雙冬國小禮堂,中正路34-7號,23.9922,120.6722,True,200,台中,47,17.29,Safe,AQI良好或為室內設施,2026-03-03 19:07:25
鎮立幼兒園,復興路475號,23.9923,120.7624,True,100,台中,47,19.49,Safe,AQI良好或為室內設施,2026-03-03 19:07:25
埔鹽國小,彰化縣埔鹽鄉埔南村彰水路一段252號,23.9927,120.4766,True,200,台中,47,26.4,Safe,AQI良好或為室內設施,2026-03-03 19:07:25
坪頂里集會所,南坪路40-1號,23.9927,120.7423,True,100,台中,47,18.59,Safe,AQI良好或為室內設施,2026-03-03 19:07:25
過溝社區活動中心,過溝三巷36-2號,23.992766,120.554649,True,30,台中,47,21.04,Safe,AQI良好或為室內設施,2026-03-03 19:07:25
鑄強國小,永興路20號,23.9928,121.6255,True,293,花蓮,28,26.85,Safe,AQI良好或為室內設施,2026-03-03 19:07:25
村東國小,山腳路102號之1,23.9934,120.5856,True,50,台中,47,19.34,Safe,AQI良好或為室內設施,2026-03-03 19:07:25
大村鄉公所,中正西路338號,23.9935,120.5472,True,90,台中,47,21.42,Safe,AQI良好或為室內設施,2026-03-03 19:07:25
太昌活動中心,太昌路488號,23.9936,121.5639,True,80,花蓮,28,27.23,Safe,AQI良好或為室內設施,2026-03-03 19:07:25
大村國小,中正西路381號,23.9937,120.5454,True,200,台中,47,21.51,Safe,AQI良好或為室內設施,2026-03-03 19:07:25
集仙宮,史館路集仙巷17弄16號,23.9938,120.6496,True,30,台中,47,17.29,Safe,AQI良好或為室內設施,2026-03-03 19:07:25
老人文康中心,彰化縣埔鹽鄉埔南村6鄰彰水路1段340巷32號,23.9946,120.4783,True,150,台中,47,26.13,Safe,AQI良好或為室內設施,2026-03-03 19:07:25
大橋社區活動中心,中山路三段193巷69號,23.994646,120.560413,True,50,台中,47,20.54,Safe,AQI良好或為室內設施,2026-03-03 19:07:25
明廉國小,中山路903號,23.995,121.5947,True,51,花蓮,28,27.06,Safe,AQI良好或為室內設施,2026-03-03 19:07:25
紫雲宮,中正路83號,23.9951,120.6679,True,20,台中,47,16.98,Safe,AQI良好或為室內設施,2026-03-03 19:07:25
新庄國小禮堂,新庄三路32號,23.9957,120.7173,True,200,台中,47,17.47,Safe,AQI良好或為室內設施,2026-03-03 19:07:25
朝陽宮,史館路239號,23.9958,120.7173,True,30,台中,47,17.46,Safe,AQI良好或為室內設施,2026-03-03 19:07:25
田洋社區活動中心,田洋巷11號,23.996098,120.533553,True,50,台中,47,22.05,Safe,AQI良好或為室內設施,2026-03-03 19:07:25
"慈濟大學附設國民中學,小學",介仁街176號,23.997,121.5746,True,344,花蓮,28,27.45,Safe,AQI良好或為室內設施,2026-03-03 19:07:25
美崙國中,化道路40巷1號,23.9978,121.6277,True,193,花蓮,28,27.43,Safe,AQI良好或為室內設施,2026-03-03 19:07:25
自強國中,裕祥路89號,23.9979,121.5991,True,330,花蓮,28,27.36,Safe,AQI良好或為室內設施,2026-03-03 19:07:25
碧洲里集會所,碧峰路669巷21號,23.9984,120.6568,True,30,台中,47,16.69,Safe,AQI良好或為室內設施,2026-03-03 19:07:25
大村村社區活動中心,茄苳路一段203號,23.99852,120.544791,True,50,台中,47,21.12,Safe,AQI良好或為室內設施,2026-03-03 19:07:25
花蓮高工,府前路27號,23.9987,121.6199,True,310,花蓮,28,27.48,Safe,AQI良好或為室內設施,2026-03-03 19:07:25
慈濟大學人文社會學院,介仁街67號,23.9997,121.5734,True,316,花蓮,28,27.76,Safe,AQI良好或為室內設施,2026-03-03 19:07:25
富寮社區活動中心,富頂路一段103號,23.9999,120.6757,True,30,台中,47,16.44,Safe,AQI良好或為室內設施,2026-03-03 19:07:25
德安市民活動中心,安康路二段183巷13-4號,24.0,121.0,True,22,台中,47,36.98,Safe,AQI良好或為室內設施,2026-03-03 19:07:25
永樂福利園區,彰化縣埔鹽鄉永樂村永樂路435號,24.0004,120.4345,True,150,台中,47,29.28,Safe,AQI良好或為室內設施,2026-03-03 19:07:25
私立四維高級中學,中山路1段200號,24.0004,121.5916,True,500,花蓮,28,27.67,Safe,AQI良好或為室內設施,2026-03-03 19:07:25
永樂國小,彰化縣埔鹽鄉永樂村永樂路600號,24.0005,120.4313,True,150,台中,47,29.55,Safe,AQI良好或為室內設施,2026-03-03 19:07:25
埔鹽鄉公所,彰化縣埔鹽鄉好修村中正路192號,24.0005,120.4637,True,100,台中,47,26.87,Safe,AQI良好或為室內設施,2026-03-03 19:07:25
復興里集會所,復興路432-1號,24.0007,120.6665,True,100,台中,47,16.36,Safe,AQI良好或為室內設施,2026-03-03 19:07:25
大葉大學,學府路168號,24.0012,120.5963,True,70,台中,47,18.08,Safe,AQI良好或為室內設施,2026-03-03 19:07:25
北勢里集會所,玉屏路129-1號,24.0012,120.6564,True,100,台中,47,16.38,Safe,AQI良好或為室內設施,2026-03-03 19:07:25
聯合里辦公處,炎峰街青年巷1號,24.0013,120.6501,True,60,台中,47,16.45,Safe,AQI良好或為室內設施,2026-03-03 19:07:25
楓林活動中心,楓林路56號,24.001311,121.067987,True,50,台中,47,43.22,Safe,AQI良好或為室內設施,2026-03-03 19:07:25
行政院國軍退除役官兵輔導委員會花,府前路29號,24.0017,121.6182,True,10,花蓮,28,27.8,Safe,AQI良好或為室內設施,2026-03-03 19:07:25
民孝社區活動中心,林園一街16號,24.0022,121.631,True,54,花蓮,28,27.94,Safe,AQI良好或為室內設施,2026-03-03 19:07:25
衛生福利部東區老人之家養護院區,嘉南路2巷13號,24.0035,121.6142,True,180,花蓮,28,27.99,Safe,AQI良好或為室內設施,2026-03-03 19:07:25
水源收容所,107號,24.0038,121.554,True,60,花蓮,28,28.52,Safe,AQI良好或為室內設施,2026-03-03 19:07:25
大陳二村活動中心,民光483-1號,24.0039,121.6168,True,63,花蓮,28,28.04,Safe,AQI良好或為室內設施,2026-03-03 19:07:25
花蓮縣立體育場,達固湖灣大路23號,24.004,121.582,True,527,花蓮,28,28.14,Safe,AQI良好或為室內設施,2026-03-03 19:07:25
育民國小,民生街262號,24.004341,120.505354,True,50,台中,47,23.36,Safe,AQI良好或為室內設施,2026-03-03 19:07:25
嘉新社區活動中心,6鄰嘉南一街43巷5號,24.0055,121.6123,True,71,花蓮,28,28.2,Safe,AQI良好或為室內設施,2026-03-03 19:07:25
昭德堂,西安路二段397號,24.0056,120.9571,True,50,台中,47,32.83,Safe,AQI良好或為室內設施,2026-03-03 19:07:25
漢寶活動中心,成功一路45號,24.0058,120.3688,True,100,台中,47,34.73,Safe,AQI良好或為室內設施,2026-03-03 19:07:25
下崙惠來社區活動中心,民生街206號天慈宮,24.006258,120.502367,True,30,台中,47,23.44,Safe,AQI良好或為室內設施,2026-03-03 19:07:25
史港里集會所,宣安路27號,24.0067,120.9575,True,70,台中,47,32.81,Safe,AQI良好或為室內設施,2026-03-03 19:07:25
史港國小,獅子路9號,24.0067,120.9575,True,130,台中,47,32.81,Safe,AQI良好或為室內設施,2026-03-03 19:07:25
陝西社區活動中心,埔南巷92號,24.006705,120.517821,True,30,台中,47,22.27,Safe,AQI良好或為室內設施,2026-03-03 19:07:25
陝西社區活動中心,埔南巷92號,24.006705,120.517821,True,30,台中,47,22.27,Safe,AQI良好或為室內設施,2026-03-03 19:07:25
帝君廟活動中心,永興路29號,24.0068,120.9321,True,30,台中,47,30.56,Safe,AQI良好或為室內設施,2026-03-03 19:07:25
南豐村眉溪天主堂,中正路14號,24.00694,121.095971,True,100,台中,47,45.65,Safe,AQI良好或為室內設施,2026-03-03 19:07:25
好修國小,彰化縣埔鹽鄉好修村員鹿路二段149號,24.0072,120.4596,True,200,台中,47,26.76,Safe,AQI良好或為室內設施,2026-03-03 19:07:25
利河伯社福基金會附設私立基督仁愛之家,福興路146巷48號,24.0074,120.9756,True,30,台中,47,34.4,Safe,AQI良好或為室內設施,2026-03-03 19:07:25
福興里集會所,福興路54-4號,24.0074,120.9756,True,50,台中,47,34.4,Safe,AQI良好或為室內設施,2026-03-03 19:07:25
花蓮港天宮,中山路1段500巷15號,24.0076,121.5872,True,300,花蓮,28,28.5,Safe,AQI良好或為室內設施,2026-03-03 19:07:25
茄苳社區活動中心,茄苳路二段141巷31號,24.00841,120.538835,True,50,台中,47,20.67,Safe,AQI良好或為室內設施,2026-03-03 19:07:25
三和社區活動中心,南興街78號,24.00954,120.406752,True,100,台中,47,31.14,Safe,AQI良好或為室內設施,2026-03-03 19:07:25
柑林社區活動中心,中正路3段235之1號,24.0097,120.8488,True,50,台中,47,23.49,Safe,AQI良好或為室內設施,2026-03-03 19:07:25
福龜社區北玄宮,富久巷21之3號,24.0098,120.8169,True,30,台中,47,21.14,Safe,AQI良好或為室內設施,2026-03-03 19:07:25
長春社區活動中心,彰員路1段172巷45號,24.010247,120.575939,True,30,台中,47,18.22,Safe,AQI良好或為室內設施,2026-03-03 19:07:25
國福社區活動中心,沙基拉雅街111號,24.0104,121.5819,True,35,花蓮,28,28.85,Safe,AQI良好或為室內設施,2026-03-03 19:07:25
福龜國小1甲-6甲與2間專科教室,長壽巷83號,24.0114,120.823,True,50,台中,47,21.44,Safe,AQI良好或為室內設施,2026-03-03 19:07:25
陜西國小,番花路261號,24.011726,120.517437,True,150,台中,47,21.91,Safe,AQI良好或為室內設施,2026-03-03 19:07:25
芬園國小,彰南路4段27巷28號,24.012375,120.628002,True,300,台中,47,15.74,Safe,AQI良好或為室內設施,2026-03-03 19:07:25
芬園鄉公所,芬草路二段300號,24.013628,120.628926,True,100,台中,47,15.58,Safe,AQI良好或為室內設施,2026-03-03 19:07:25
茄荖國小,嘉北街96號,24.014864,120.643044,True,300,台中,47,15.09,Safe,AQI良好或為室內設施,2026-03-03 19:07:25
玉陵宮廣場,番花路450巷46號,24.0149,120.505552,True,50,台中,47,22.56,Safe,AQI良好或為室內設施,2026-03-03 19:07:25
華南國小活動中心,中橋街226號,24.016243,120.551257,True,40,台中,47,19.18,Safe,AQI良好或為室內設施,2026-03-03 19:07:25
花壇鄉公所,彰化縣花壇鄉南口村中山路二段182號,24.0163,120.5664,True,40,台中,47,18.22,Safe,AQI良好或為室內設施,2026-03-03 19:07:25
三春國小,三芬路47號,24.016307,120.566415,True,100,台中,47,18.22,Safe,AQI良好或為室內設施,2026-03-03 19:07:25
楓灣宮廣場,楓?巷128號,24.016991,120.562948,False,80,台中,47,18.37,Safe,AQI良好或為室內設施,2026-03-03 19:07:25
"育樂國小1甲-6甲與2間專科教室,圖書室,禮堂",中正路2段85號,24.0173,120.8459,True,50,台中,47,22.72,Safe,AQI良好或為室內設施,2026-03-03 19:07:25
三汴社區活動中心,彰水路346巷47號,24.018321,120.485889,True,100,台中,47,23.88,Safe,AQI良好或為室內設施,2026-03-03 19:07:25
金興上興宮社區活動中心,新興街125號,24.018535,120.517401,True,30,台中,47,21.39,Safe,AQI良好或為室內設施,2026-03-03 19:07:25
李家宗祠,隴西二巷62號,24.019029,120.564167,False,60,台中,47,18.11,Safe,AQI良好或為室內設施,2026-03-03 19:07:25
仁愛國小,山農巷5號,24.02061,121.133046,True,300,台中,47,48.73,Safe,AQI良好或為室內設施,2026-03-03 19:07:25
曾厝社區活動中心,大厝巷臨66號,24.020649,120.509332,True,30,台中,47,21.86,Safe,AQI良好或為室內設施,2026-03-03 19:07:25
佳林社區活動中心,民有2街29號,24.0211,121.6023,True,36,花蓮,28,29.94,Safe,AQI良好或為室內設施,2026-03-03 19:07:25
穀豐宮,長壽巷34-1號,24.0222,120.8269,True,50,台中,47,20.9,Safe,AQI良好或為室內設施,2026-03-03 19:07:25
花壇村活動中心,彰化縣花壇鄉花壇村平和街76號,24.0228,120.5281,True,40,台中,47,20.27,Safe,AQI良好或為室內設施,2026-03-03 19:07:25
橋頭社區活動中心,花橋街117-1號,24.023454,120.549491,True,60,台中,47,18.7,Safe,AQI良好或為室內設施,2026-03-03 19:07:25
長沙社區活動中心,彰員路2段286-1號,24.024199,120.554321,True,30,台中,47,18.31,Safe,AQI良好或為室內設施,2026-03-03 19:07:25
國軍805醫院,嘉里路163號,24.0244,121.6074,True,100,花蓮,28,30.3,Safe,AQI良好或為室內設施,2026-03-03 19:07:25
受鎮宮,西安路三段88號,24.025,120.9498,True,100,台中,47,31.18,Safe,AQI良好或為室內設施,2026-03-03 19:07:25
廣成里社區活動中心,西安路3段88號,24.025,120.9498,True,100,台中,47,31.18,Safe,AQI良好或為室內設施,2026-03-03 19:07:25
永豐國小,80號,24.025656,120.452946,True,100,台中,47,26.19,Safe,AQI良好或為室內設施,2026-03-03 19:07:25
仁愛國中,信義巷28號,24.02587,121.137109,True,100,台中,47,48.96,Safe,AQI良好或為室內設施,2026-03-03 19:07:25
花壇國小,學前路108號,24.02619,120.543046,True,300,台中,47,18.93,Safe,AQI良好或為室內設施,2026-03-03 19:07:25
明正國小,彰水路二段341號,24.026497,120.493159,True,200,台中,47,22.74,Safe,AQI良好或為室內設施,2026-03-03 19:07:25
富山國小,大埔路6號,24.027045,120.619987,True,100,台中,47,14.48,Safe,AQI良好或為室內設施,2026-03-03 19:07:25
七星潭社區活動中心,明潭街27號,24.0271,121.6298,True,27,花蓮,28,30.69,Safe,AQI良好或為室內設施,2026-03-03 19:07:25
基督教芥菜種會,北埔路13號,24.0275,121.6062,True,41,花蓮,28,30.65,Safe,AQI良好或為室內設施,2026-03-03 19:07:25
南勢里活動中心,光明路280-2號,24.027631,120.673656,True,50,台中,47,13.35,Safe,AQI良好或為室內設施,2026-03-03 19:07:25
乾峰國小1甲-6甲與4間專科教室,西東巷1之1號,24.0279,120.8246,True,20,台中,47,20.31,Safe,AQI良好或為室內設施,2026-03-03 19:07:25
秀水港墘社區活動中心,開南巷82號,24.027939,120.522912,True,61,台中,47,20.28,Safe,AQI良好或為室內設施,2026-03-03 19:07:25
秀水社區活動中心,花秀路46號對面,24.027939,120.522912,True,61,台中,47,20.28,Safe,AQI良好或為室內設施,2026-03-03 19:07:25
管嶼國小,沿海路3段100號,24.027997,120.410328,True,100,台中,47,29.86,Safe,AQI良好或為室內設施,2026-03-03 19:07:25
萬豐國小北棟教室,中正路224號,24.02802,120.698322,True,1830,台中,47,13.54,Safe,AQI良好或為室內設施,2026-03-03 19:07:25
春陽國小,5鄰永樂巷58號,24.02827,121.148717,True,100,台中,47,50.02,Safe,AQI良好或為室內設施,2026-03-03 19:07:25
東區幼兒園,彰化縣福興鄉橋頭村彰鹿路7段495號,24.0288,120.474,True,100,台中,47,24.19,Safe,AQI良好或為室內設施,2026-03-03 19:07:25
乾溝義民祠,中西巷36號,24.0293,120.8141,True,20,台中,47,19.41,Safe,AQI良好或為室內設施,2026-03-03 19:07:25
乾溝社區活動中心,西東巷1之1號,24.0294,120.824,True,50,台中,47,20.15,Safe,AQI良好或為室內設施,2026-03-03 19:07:25
福安社區活動中心清龍巖,民意街64號,24.029756,120.494877,True,30,台中,47,22.39,Safe,AQI良好或為室內設施,2026-03-03 19:07:25
花壇鄉舊營區,橋頭段6地號彰員路2段586號附近,24.030566,120.549226,False,300,台中,47,18.14,Safe,AQI良好或為室內設施,2026-03-03 19:07:25
莊雅社區活動中心,秀中街82巷67弄3號,24.031813,120.507116,True,99,台中,47,21.25,Safe,AQI良好或為室內設施,2026-03-03 19:07:25
莊雅社區活動中心,秀中街82巷67弄臨15號,24.031813,120.507116,True,99,台中,47,21.25,Safe,AQI良好或為室內設施,2026-03-03 19:07:25
文祥國小,花秀路446號,24.034076,120.523698,True,100,台中,47,19.78,Safe,AQI良好或為室內設施,2026-03-03 19:07:25
北埔社區活動中心,北埔路259號,24.0341,121.6032,True,35,花蓮,28,31.38,Safe,AQI良好或為室內設施,2026-03-03 19:07:25
秀水高工,中山路364號,24.03447,120.496818,True,100,台中,47,21.92,Safe,AQI良好或為室內設施,2026-03-03 19:07:25
太平社區活動中心,西安路167巷3弄7號,24.0345,120.924,True,50,台中,47,28.36,Safe,AQI良好或為室內設施,2026-03-03 19:07:25
秀水鄉農會,中山路328號,24.034949,120.501234,True,200,台中,47,21.52,Safe,AQI良好或為室內設施,2026-03-03 19:07:25
秀水國小,中山路257號,24.03508,120.503149,True,200,台中,47,21.36,Safe,AQI良好或為室內設施,2026-03-03 19:07:25
精英村辦公處,中華巷18-1號,24.035156,121.185665,True,80,花蓮,28,53.14,Safe,AQI良好或為室內設施,2026-03-03 19:07:25
合成社區活動中心,西安路三段221號,24.0363,120.9247,True,40,台中,47,28.34,Safe,AQI良好或為室內設施,2026-03-03 19:07:25
大漢社區活動中心,19鄰民有街101號,24.0368,121.61,True,70,花蓮,28,31.68,Safe,AQI良好或為室內設施,2026-03-03 19:07:25
國姓社區活動中心,民族路40號,24.0376,120.855,True,50,台中,47,22.11,Safe,AQI良好或為室內設施,2026-03-03 19:07:25
復興南營區,民有街2號,24.038,121.6119,True,120,花蓮,28,31.82,Safe,AQI良好或為室內設施,2026-03-03 19:07:25
華龍國小,花秀路51號,24.038279,120.51409,True,150,台中,47,20.25,Safe,AQI良好或為室內設施,2026-03-03 19:07:25
秀水鄉老人文康中心,中山路99號,24.038285,120.507324,True,50,台中,47,20.81,Safe,AQI良好或為室內設施,2026-03-03 19:07:25
僑愛國小,中山路2段471號,24.038331,120.535034,True,40,台中,47,18.59,Safe,AQI良好或為室內設施,2026-03-03 19:07:25
安東社區活動中心,枋林巷60號,24.039226,120.501248,True,61,台中,47,21.25,Safe,AQI良好或為室內設施,2026-03-03 19:07:25
國姓國小活動中心,國姓路311號,24.0396,120.8567,True,50,台中,47,22.13,Safe,AQI良好或為室內設施,2026-03-03 19:07:25
新城鄉立圖書館,光復路572號,24.0399,121.6042,True,58,花蓮,28,32.03,Safe,AQI良好或為室內設施,2026-03-03 19:07:25
新城鄉原住民文化館,大安街1號,24.0405,121.6048,True,90,花蓮,28,32.09,Safe,AQI良好或為室內設施,2026-03-03 19:07:25
樹林腳社區活動中心,樹林街57巷9號,24.040698,121.597687,True,39,花蓮,28,32.13,Safe,AQI良好或為室內設施,2026-03-03 19:07:25
北勢里活動中心,丁台路571巷7號,24.040961,120.669669,True,50,台中,47,11.88,Safe,AQI良好或為室內設施,2026-03-03 19:07:25
福興國中,彰化縣福興鄉福興村福興路51巷12號,24.041,120.4367,True,200,台中,47,26.81,Safe,AQI良好或為室內設施,2026-03-03 19:07:25
溪尾國小教學大樓2樓綜合教室,溪岸路26號,24.0411,120.6397,True,80,台中,47,12.34,Safe,AQI良好或為室內設施,2026-03-03 19:07:25
花壇鄉立圖書館,彰化縣花壇鄉長沙村中正路72號,24.0415,120.5322,True,30,台中,47,18.59,Safe,AQI良好或為室內設施,2026-03-03 19:07:25
國姓國中禮堂,東三巷36之1號,24.0423,120.8585,True,200,台中,47,22.13,Safe,AQI良好或為室內設施,2026-03-03 19:07:25
護國宮,國姓路207-5號,24.0425,120.8616,True,50,台中,47,22.38,Safe,AQI良好或為室內設施,2026-03-03 19:07:25
文德宮香客大樓,彰員路3段6號,24.042943,120.547443,True,100,台中,47,17.31,Safe,AQI良好或為室內設施,2026-03-03 19:07:25
復興國小-課後照顧教室,信義路50號,24.043054,120.69726,True,895,台中,47,11.88,Safe,AQI良好或為室內設施,2026-03-03 19:07:25
光復國中小國中部地下室,柳豐路535號,24.044171,120.689245,True,1095,台中,47,11.62,Safe,AQI良好或為室內設施,2026-03-03 19:07:25
岩竹社區活動中心,虎山街137號,24.044817,120.554382,True,25,台中,47,16.65,Safe,AQI良好或為室內設施,2026-03-03 19:07:25
安溪社區活動中心,安溪街98號,24.04494,120.510015,True,103,台中,47,20.16,Safe,AQI良好或為室內設施,2026-03-03 19:07:25
西區幼兒園,彰化縣福興鄉西勢村員鹿路2段270號,24.0451,120.4272,True,100,台中,47,27.49,Safe,AQI良好或為室內設施,2026-03-03 19:07:25
花壇鄉立老人文康中心,彰化縣花壇鄉永春村長青路25號,24.0457,120.5352,True,40,台中,47,18.06,Safe,AQI良好或為室內設施,2026-03-03 19:07:25
白沙社區活動中心,溪北街187號,24.046307,120.545254,True,50,台中,47,17.23,Safe,AQI良好或為室內設施,2026-03-03 19:07:25
福興鄉公所,彰化縣福興鄉外埔村復興路15之15號,24.0479,120.4439,True,200,台中,47,25.82,Safe,AQI良好或為室內設施,2026-03-03 19:07:25
街尾里活動中心,力行街45號,24.048477,120.435661,True,100,台中,47,26.55,Safe,AQI良好或為室內設施,2026-03-03 19:07:25
龍山寺,金門巷81號,24.049074,120.43454,True,303,台中,47,26.63,Safe,AQI良好或為室內設施,2026-03-03 19:07:25
秀水鄉立體育館,瓦瑤街17號,24.050373,120.505332,True,100,台中,47,20.22,Safe,AQI良好或為室內設施,2026-03-03 19:07:25
菜園社區活動中心,三民路232號,24.05102,120.432859,True,60,台中,47,26.7,Safe,AQI良好或為室內設施,2026-03-03 19:07:25
莊德堂,興化街1號,24.051194,120.435768,True,60,台中,47,26.42,Safe,AQI良好或為室內設施,2026-03-03 19:07:25
鹿港鎮立停車場,公園一路2號,24.053493,120.432607,True,333,台中,47,26.61,Safe,AQI良好或為室內設施,2026-03-03 19:07:25
康樂社區活動中心,廣安1街112號,24.053809,121.609904,True,30,花蓮,28,33.57,Safe,AQI良好或為室內設施,2026-03-03 19:07:25
佳民國小收容所,119號,24.0539,121.5994,True,60,花蓮,28,33.59,Safe,AQI良好或為室內設施,2026-03-03 19:07:25
玉皇大帝神明會館,中山路183號,24.054169,120.434782,True,75,台中,47,26.38,Safe,AQI良好或為室內設施,2026-03-03 19:07:25
洛津國小,公園三路51號,24.054635,120.430906,True,151,台中,47,26.72,Safe,AQI良好或為室內設施,2026-03-03 19:07:25
東崎社區活動中心,東崎七巷1號,24.056173,120.474947,True,60,台中,47,22.59,Safe,AQI良好或為室內設施,2026-03-03 19:07:25
文開國小,文開路60號,24.056602,120.430026,True,151,台中,47,26.72,Safe,AQI良好或為室內設施,2026-03-03 19:07:25
景福社區發展協會,萬壽路244號,24.057183,120.436563,True,181,台中,47,26.08,Safe,AQI良好或為室內設施,2026-03-03 19:07:25
高賓土雞城,東隆路236號,24.057261,120.438339,True,100,台中,47,25.91,Safe,AQI良好或為室內設施,2026-03-03 19:07:25
北港村集會所,國姓路31-12號,24.057935,120.913738,True,50,台中,47,26.34,Safe,AQI良好或為室內設施,2026-03-03 19:07:25
文康安養活動中心,彰化縣鹿港鎮順興里忠孝路403號4樓,24.0582,120.4339,True,200,台中,47,26.29,Safe,AQI良好或為室內設施,2026-03-03 19:07:25
鹿東國小,長安路125號,24.058411,120.443296,True,181,台中,47,25.4,Safe,AQI良好或為室內設施,2026-03-03 19:07:25
鶴鳴社區活動中心,明山街臨182號,24.058427,120.502822,True,30,台中,47,19.98,Safe,AQI良好或為室內設施,2026-03-03 19:07:25
鶴鳴社區活動中心,明山街41號,24.058427,120.502822,True,30,台中,47,19.98,Safe,AQI良好或為室內設施,2026-03-03 19:07:25
楞嚴宮,大長路592-1號,24.0591,120.8777,True,30,台中,47,22.94,Safe,AQI良好或為室內設施,2026-03-03 19:07:25
合作國小學生活動中心,平生路23號,24.0595,121.1922,True,300,台中,47,53.54,Safe,AQI良好或為室內設施,2026-03-03 19:07:25
四德里活動中心,四德路533號2樓,24.060807,120.667048,True,50,台中,47,9.68,Safe,AQI良好或為室內設施,2026-03-03 19:07:25
四德國小禮堂,四德路504號,24.060827,120.667937,True,1425,台中,47,9.68,Safe,AQI良好或為室內設施,2026-03-03 19:07:25
鹿港高中,中山路661號,24.06098,120.423682,True,212,台中,47,27.14,Safe,AQI良好或為室內設施,2026-03-03 19:07:25
霧峰區圖書館3樓,大同路8號,24.061924,120.700564,True,500,台中,47,9.92,Safe,AQI良好或為室內設施,2026-03-03 19:07:25
馬興國小,培英巷1號,24.061957,120.496892,True,150,台中,47,20.31,Safe,AQI良好或為室內設施,2026-03-03 19:07:25
喀哩國小北棟1樓自然教室,溪南路2段370號,24.06228,120.642879,True,200,台中,47,10.0,Safe,AQI良好或為室內設施,2026-03-03 19:07:25
碧雲宮,北圳巷26-1號,24.0626,120.9248,True,50,台中,47,27.2,Safe,AQI良好或為室內設施,2026-03-03 19:07:25
馬興社區活動中心,西銘巷6-1號,24.062724,120.495508,True,69,台中,47,20.4,Safe,AQI良好或為室內設施,2026-03-03 19:07:25
馬興社區活動中心,西銘巷6-1號,24.062724,120.495508,True,69,台中,47,20.4,Safe,AQI良好或為室內設施,2026-03-03 19:07:25
鹿港文創會館,中正路588號,24.06311,120.435873,True,242,台中,47,25.9,Safe,AQI良好或為室內設施,2026-03-03 19:07:25
淨蓮禪寺,長北路53-2號,24.0637,120.8979,True,100,台中,47,24.61,Safe,AQI良好或為室內設施,2026-03-03 19:07:25
溝墘社區發展協會,棋盤巷32之2號,24.064293,120.475495,True,30,台中,47,22.14,Safe,AQI良好或為室內設施,2026-03-03 19:07:25
桐林國小青銅林廣場,民生路672號,24.066166,120.735954,True,385,台中,47,11.06,Safe,AQI良好或為室內設施,2026-03-03 19:07:25
互助村中原活動中心,原名路169號,24.066472,120.972709,True,200,台中,47,31.67,Safe,AQI良好或為室內設施,2026-03-03 19:07:25
德林念佛寺,北原路48之1號,24.0666,120.9364,True,150,台中,47,28.16,Safe,AQI良好或為室內設施,2026-03-03 19:07:25
義興社區活動中心,義興街13號,24.066695,120.491039,True,73,台中,47,20.6,Safe,AQI良好或為室內設施,2026-03-03 19:07:25
義興社區活動中心,義興街70號,24.066695,120.491039,True,73,台中,47,20.6,Safe,AQI良好或為室內設施,2026-03-03 19:07:25
長流國小1甲-6甲及2間專科教室,大長路559號,24.0667,120.8763,True,50,台中,47,22.46,Safe,AQI良好或為室內設施,2026-03-03 19:07:25
本鄉里活動中心,民生路95號,24.067116,120.7008,True,25,台中,47,9.38,Safe,AQI良好或為室內設施,2026-03-03 19:07:25
南瑤宮,南瑤路43號,24.06767,120.538264,True,100,台中,47,16.37,Safe,AQI良好或為室內設施,2026-03-03 19:07:25
甲寅里活動中心,民生路125巷8號2樓,24.068272,120.701315,True,50,台中,47,9.27,Safe,AQI良好或為室內設施,2026-03-03 19:07:25
僑榮國小樂群樓地下室,民生路156號,24.069926,120.703193,True,750,台中,47,9.15,Safe,AQI良好或為室內設施,2026-03-03 19:07:25
曾家社區活動中心,曾家路72號,24.070115,120.545169,True,60,台中,47,15.63,Safe,AQI良好或為室內設施,2026-03-03 19:07:25
長流社區活動中心,大長路427號,24.0708,120.8762,True,100,台中,47,22.27,Safe,AQI良好或為室內設施,2026-03-03 19:07:25
海埔里民集會所,鹿草路2段197號,24.071142,120.43939,True,90,台中,47,25.25,Safe,AQI良好或為室內設施,2026-03-03 19:07:25
溪南國中北棟教室2樓,烏日區溪埧里溪南路一段731號,24.0715,120.6442,True,150,台中,47,8.98,Safe,AQI良好或為室內設施,2026-03-03 19:07:25
追分國小多功能教室,沙田路一段364號,24.07197,120.34069,True,100,台中,47,34.82,Safe,AQI良好或為室內設施,2026-03-03 19:07:25
新興國小,某旦巷85號,24.072394,120.456784,True,121,台中,47,23.54,Safe,AQI良好或為室內設施,2026-03-03 19:07:25
霧峰農工向陽樓,中正路1222號,24.073209,120.699599,True,1070,台中,47,8.69,Safe,AQI良好或為室內設施,2026-03-03 19:07:25
五福國小康寧樓,新埔路239號,24.07347,120.667351,True,1655,台中,47,8.28,Safe,AQI良好或為室內設施,2026-03-03 19:07:25
奉天宮,大長路307-1號,24.0739,120.8776,True,30,台中,47,22.27,Safe,AQI良好或為室內設施,2026-03-03 19:07:25
松崗活動中心,博望巷42號,24.074957,121.170939,True,100,台中,47,51.12,Safe,AQI良好或為室內設施,2026-03-03 19:07:25
東湖活動中心廣場,東南路207巷36號,24.076807,120.693182,False,20,台中,47,8.13,Safe,AQI良好或為室內設施,2026-03-03 19:07:25
長豐社區活動中心,東三巷36之1號,24.0774,120.8711,True,30,台中,47,21.52,Safe,AQI良好或為室內設施,2026-03-03 19:07:25
草湖國民小學禮堂/操場,西湖路32號,24.078248,120.689997,True,1100,台中,47,7.9,Safe,AQI良好或為室內設施,2026-03-03 19:07:25
吉峰國小三期校舍地下室,民生路349號,24.079603,120.7191,True,856,台中,47,8.87,Safe,AQI良好或為室內設施,2026-03-03 19:07:25
德鹿谷長老教會,和氣巷49號,24.080452,121.26806,True,80,花蓮,28,50.2,Safe,AQI良好或為室內設施,2026-03-03 19:07:25
介壽生活藝文館,民生路259號,24.080673,120.544605,True,115,台中,47,15.06,Safe,AQI良好或為室內設施,2026-03-03 19:07:25
景美活動中心,加灣106號,24.0825,121.6067,True,100,花蓮,28,36.76,Safe,AQI良好或為室內設施,2026-03-03 19:07:25
合作活動中心,平生路56號,24.083307,121.215808,True,60,花蓮,28,54.19,Safe,AQI良好或為室內設施,2026-03-03 19:07:25
東園國小體育館,溪南路一段238巷198號,24.083915,120.639937,True,150,台中,47,7.87,Safe,AQI良好或為室內設施,2026-03-03 19:07:25
美群國民小學地下室/風雨操場,美群路99號,24.084163,120.708825,True,2000,台中,47,7.92,Safe,AQI良好或為室內設施,2026-03-03 19:07:25
塗城活動中心,塗城路1-26號,24.084237,120.723743,True,115,台中,47,8.7,Safe,AQI良好或為室內設施,2026-03-03 19:07:25
德興民眾活動中心,線東路二段447號,24.084258,120.519016,True,50,台中,47,17.2,Safe,AQI良好或為室內設施,2026-03-03 19:07:25
源埤社區活動中心,南安路105號,24.0853,120.5107,True,150,台中,47,17.93,Safe,AQI良好或為室內設施,2026-03-03 19:07:25
夏田活動中心廣場,頂厝路125號,24.085406,120.668552,False,40,台中,47,6.95,Safe,AQI良好或為室內設施,2026-03-03 19:07:25
瑞城國民小學活動中心/操場,美村街196 號,24.08609,120.702842,True,1300,台中,47,7.47,Safe,AQI良好或為室內設施,2026-03-03 19:07:25
瑞城活動中心,瑞和街36號,24.086128,120.703756,True,100,台中,47,7.5,Safe,AQI良好或為室內設施,2026-03-03 19:07:25
老人文康中心,三民路436號,24.086545,120.549124,True,74,台中,47,14.35,Safe,AQI良好或為室內設施,2026-03-03 19:07:25
頂番社區活動中心,彰化縣鹿港鎮頂番里彰頂路326巷138號,24.0867,120.4848,True,100,台中,47,20.33,Safe,AQI良好或為室內設施,2026-03-03 19:07:25
大榮國小,嘉佃路296號,24.087,120.501,True,200,台中,47,18.77,Safe,AQI良好或為室內設施,2026-03-03 19:07:25
鎮平社區活動中心,南平路11號,24.088,120.509,True,60,台中,47,17.98,Safe,AQI良好或為室內設施,2026-03-03 19:07:25
頂番國小,頂草路一段100號,24.088748,120.479839,True,181,台中,47,20.73,Safe,AQI良好或為室內設施,2026-03-03 19:07:25
竹仔坑社區活動中心,校前路27號,24.089117,120.72904,True,45,台中,47,8.61,Safe,AQI良好或為室內設施,2026-03-03 19:07:25
健民國民小學演奏廳/操場,校前路26號,24.089412,120.727899,True,1000,台中,47,8.51,Safe,AQI良好或為室內設施,2026-03-03 19:07:25
嘉犁社區活動中心,東坡路8巷2號,24.09,120.516,True,100,台中,47,17.23,Safe,AQI良好或為室內設施,2026-03-03 19:07:25
金城活動中心,塗城路923巷19號,24.090127,120.695431,True,100,台中,47,6.77,Safe,AQI良好或為室內設施,2026-03-03 19:07:25
竹坑營區,健民路86號,24.09039,120.730206,True,60,台中,47,8.58,Safe,AQI良好或為室內設施,2026-03-03 19:07:25
詔安社區活動中心,彰和路二段176巷1號,24.091,120.528,True,150,台中,47,16.07,Safe,AQI良好或為室內設施,2026-03-03 19:07:25
新厝社區活動中心,新厝巷臨51之1號,24.091044,120.447463,True,60,台中,47,23.8,Safe,AQI良好或為室內設施,2026-03-03 19:07:25
頭崙里集會所,頂草路2段150號,24.091441,120.476961,True,150,台中,47,20.91,Safe,AQI良好或為室內設施,2026-03-03 19:07:25
"長福國小1甲-6甲,音樂室,圖書室",大長路71號,24.0927,120.888,True,50,台中,47,22.6,Safe,AQI良好或為室內設施,2026-03-03 19:07:25
仁德活動中心,文化街119號,24.092829,120.699929,True,100,台中,47,6.66,Safe,AQI良好或為室內設施,2026-03-03 19:07:25
塗城國民小學南棟教學大樓地下室/運動場,文化街120號,24.093045,120.700282,True,500,台中,47,6.65,Safe,AQI良好或為室內設施,2026-03-03 19:07:25
成功國民中學操場,至善路157號,24.094049,120.699273,False,1200,台中,47,6.51,Safe,AQI良好或為室內設施,2026-03-03 19:07:25
五光國小西棟1樓舞蹈教室,光明路40號,24.094481,120.647007,True,50,台中,47,6.5,Safe,AQI良好或為室內設施,2026-03-03 19:07:25
大里高中中正堂/操場,國中路365號,24.095124,120.678963,True,1500,台中,47,5.87,Safe,AQI良好或為室內設施,2026-03-03 19:07:25
光正國民中學風雨操場/操場,鳳凰路68號,24.096178,120.718063,False,2500,台中,47,7.29,Safe,AQI良好或為室內設施,2026-03-03 19:07:25
大嘉國小,彰和路3段50號,24.0966,120.511,True,200,台中,47,17.45,Safe,AQI良好或為室內設施,2026-03-03 19:07:25
新庄社區活動中心,彰化縣和美鎮新庄里東發路100巷36-1號,24.0971,120.5336,True,100,台中,47,15.28,Safe,AQI良好或為室內設施,2026-03-03 19:07:25
福興宮,福興街1號,24.098079,120.677457,True,100,台中,47,5.53,Safe,AQI良好或為室內設施,2026-03-03 19:07:25
面前社區活動中心,雅安路265號,24.099,120.488,True,100,台中,47,19.6,Safe,AQI良好或為室內設施,2026-03-03 19:07:25
農特產品產銷中心,山林巷175之18號,24.099167,121.030694,True,200,台中,47,36.64,Safe,AQI良好或為室內設施,2026-03-03 19:07:25
大新活動中心,新興路99巷16弄56號,24.099619,120.675852,True,200,台中,47,5.35,Safe,AQI良好或為室內設施,2026-03-03 19:07:25
大里運動公園,勝利二街與大里路與國光路交叉口,24.100053,120.685353,False,2000,台中,47,5.43,Safe,AQI良好或為室內設施,2026-03-03 19:07:25
大里國民小學運動場,新興路50號,24.100547,120.677018,False,620,台中,47,5.25,Safe,AQI良好或為室內設施,2026-03-03 19:07:25
國光里活動中心,勝利二路1號,24.10083,120.683161,True,45,台中,47,5.3,Safe,AQI良好或為室內設施,2026-03-03 19:07:25
立德里活動中心,甲提南路10號,24.100964,120.694601,True,75,台中,47,5.62,Safe,AQI良好或為室內設施,2026-03-03 19:07:25
內新國民小學北棟地下室/操場,東昇里日新路8號,24.100964,120.69486,True,350,台中,47,5.63,Safe,AQI良好或為室內設施,2026-03-03 19:07:25
自治公園,五光路971號,24.101386,120.628046,False,4000,台中,47,6.92,Safe,AQI良好或為室內設施,2026-03-03 19:07:25
大霞社區活動中心,彰和路3段422號,24.1017,120.5037,True,250,台中,47,17.98,Safe,AQI良好或為室內設施,2026-03-03 19:07:25
行政院原住民族委員會青年?藝研習中心,東關路3段3之8號,24.102225,120.548274,True,1200,台中,47,13.69,Safe,AQI良好或為室內設施,2026-03-03 19:07:25
大元國民小學新元館/操場,現岱路60號,24.102746,120.691079,True,1120,台中,47,5.3,Safe,AQI良好或為室內設施,2026-03-03 19:07:25
東汴里活動中心,長龍路3段135號,24.1035,120.7716,True,189,台中,47,11.09,Safe,AQI良好或為室內設施,2026-03-03 19:07:25
和仁國小,仁愛路279號,24.104,120.494,True,150,台中,47,18.86,Safe,AQI良好或為室內設施,2026-03-03 19:07:25
新庄國小,彰新路2段500號,24.104,120.533,True,200,台中,47,15.07,Safe,AQI良好或為室內設施,2026-03-03 19:07:25
草中社區活動中心,彰化縣鹿港鎮草中里草中巷2-16號,24.1041,120.4626,True,100,台中,47,21.95,Safe,AQI良好或為室內設施,2026-03-03 19:07:25
立新國民中學勤學樓地下室/風雨操場,甲堤路236號,24.104365,120.696923,True,200,台中,47,5.37,Safe,AQI良好或為室內設施,2026-03-03 19:07:25
光隆國小〈圖書室2樓〉,太平區光隆里光興路487巷5號,24.1046,120.7277,True,1773,台中,47,7.29,Safe,AQI良好或為室內設施,2026-03-03 19:07:25
烏日國民中學第1棟2樓,新興路457號,24.104763,120.617307,True,200,台中,47,7.45,Safe,AQI良好或為室內設施,2026-03-03 19:07:25
光德國中B、C棟教室2樓,烏日區仁德里信義街99號,24.1051,120.6408,True,320,台中,47,5.79,Safe,AQI良好或為室內設施,2026-03-03 19:07:25
立新國民小學D棟大樓地下室/風雨操場,立新街338號,24.10543,120.699567,True,250,台中,47,5.39,Safe,AQI良好或為室內設施,2026-03-03 19:07:25
北三棧社區活動中心,順安52-2號,24.1057,121.621,True,35,花蓮,28,39.37,Safe,AQI良好或為室內設施,2026-03-03 19:07:25
三和里公兒九公園,三榮路一段與三榮三路口,24.106312,120.608039,False,1000,台中,47,8.09,Safe,AQI良好或為室內設施,2026-03-03 19:07:25
草中社區發展協會,草中巷2-16號,24.106537,120.463263,True,60,台中,47,21.83,Safe,AQI良好或為室內設施,2026-03-03 19:07:25
益民國民小學後棟地下室/運動場,益民路二段48號,24.107,120.6873,True,525,台中,47,4.73,Safe,AQI良好或為室內設施,2026-03-03 19:07:25
烏日社區活動中心,烏日區烏日里光日路228號,24.1075,120.6257,True,80,台中,47,6.6,Safe,AQI良好或為室內設施,2026-03-03 19:07:25
爽文國民中學活動中心/操場,永隆三街1號,24.107882,120.677165,True,1470,台中,47,4.44,Safe,AQI良好或為室內設施,2026-03-03 19:07:25
糖友社區活動中心,糖友一街80-82號2樓,24.108,120.5342,True,200,台中,47,14.82,Safe,AQI良好或為室內設施,2026-03-03 19:07:25
新仁活動中心,立新街71號,24.108,120.705297,True,50,台中,47,5.46,Safe,AQI良好或為室內設施,2026-03-03 19:07:25
僑仁國小體育館,中山路一段341號,24.108288,120.640795,True,300,台中,47,5.5,Safe,AQI良好或為室內設施,2026-03-03 19:07:25
樹王活動中心,樹王路335號,24.108368,120.66758,True,75,台中,47,4.42,Safe,AQI良好或為室內設施,2026-03-03 19:07:25
和美鎮公所,彰化縣和美鎮鹿和路6段337號,24.1085,120.4943,True,150,台中,47,18.71,Safe,AQI良好或為室內設施,2026-03-03 19:07:25
和東國小,彰美路5段210號,24.1093,120.5015,True,500,台中,47,17.98,Safe,AQI良好或為室內設施,2026-03-03 19:07:25
九德國民小學風雨操場,長春街300號,24.109863,120.638956,False,300,台中,47,5.48,Safe,AQI良好或為室內設施,2026-03-03 19:07:25
和美鎮立幼兒園,忠孝路329號,24.11,120.5,True,100,台中,47,18.11,Safe,AQI良好或為室內設施,2026-03-03 19:07:25
光榮國民中學光榮館/操場,東榮路280號,24.110479,120.686909,True,600,台中,47,4.35,Safe,AQI良好或為室內設施,2026-03-03 19:07:25
兒童青少年福利服務中心,新光路32號,24.110647,120.691871,True,200,台中,47,4.52,Safe,AQI良好或為室內設施,2026-03-03 19:07:25
永隆國民小學活動中心/操場,永隆五街二號,24.110842,120.676497,True,1100,台中,47,4.11,Safe,AQI良好或為室內設施,2026-03-03 19:07:25
和美國小,和平路19號,24.111,120.495,True,500,台中,47,18.58,Safe,AQI良好或為室內設施,2026-03-03 19:07:25
柑井社區活動中心,柑竹路331巷21號,24.111,120.514,True,100,台中,47,16.7,Safe,AQI良好或為室內設施,2026-03-03 19:07:25
和群國中,美寮路一段390號,24.111,120.519,True,300,台中,47,16.21,Safe,AQI良好或為室內設施,2026-03-03 19:07:25
光隆營區,大平區黃竹里光興路1001號,24.111229,120.730485,True,35,台中,47,7.05,Safe,AQI良好或為室內設施,2026-03-03 19:07:25
下犁民眾活動中心,下犁路139之1號,24.111237,120.469995,True,80,台中,47,21.06,Safe,AQI良好或為室內設施,2026-03-03 19:07:25
旭光國小旭光廳2樓,烏日區榮泉里健行路501號,24.111637,120.592633,True,120,台中,47,9.14,Safe,AQI良好或為室內設施,2026-03-03 19:07:25
僑泰中學育才大樓,樹王路342號,24.11179,120.666962,True,250,台中,47,4.05,Safe,AQI良好或為室內設施,2026-03-03 19:07:25
中圍社區活動中心,竹社路123號,24.112,120.532,True,100,台中,47,14.91,Safe,AQI良好或為室內設施,2026-03-03 19:07:25
樹義國小樂群樓及操場,福田路11號,24.112,120.6574,True,953,台中,47,4.3,Safe,AQI良好或為室內設施,2026-03-03 19:07:25
興隆里活動中心,興隆路76號,24.112,120.7323,True,204,台中,47,7.16,Safe,AQI良好或為室內設施,2026-03-03 19:07:25
永隆里活動中心,永隆六街29號,24.112793,120.673837,True,60,台中,47,3.88,Safe,AQI良好或為室內設施,2026-03-03 19:07:25
和美高中,彰化縣和美鎮和西里西園路31號,24.113,120.4936,True,500,台中,47,18.67,Safe,AQI良好或為室內設施,2026-03-03 19:07:25
中寮社區活動中心,東興路25號,24.113,120.538,True,60,台中,47,14.29,Safe,AQI良好或為室內設施,2026-03-03 19:07:25
長億高中〈體育館.操場〉,長億六街一號,24.1131,120.7216,True,5386,台中,47,6.21,Safe,AQI良好或為室內設施,2026-03-03 19:07:25
內新里活動中心,中新街9號,24.113152,120.690859,True,75,台中,47,4.22,Safe,AQI良好或為室內設施,2026-03-03 19:07:25
福崙宮,崙尾巷77-1號,24.113156,120.447793,True,106,台中,47,23.23,Safe,AQI良好或為室內設施,2026-03-03 19:07:25
東興活動中心,永興路260號,24.113398,120.681226,True,50,台中,47,3.89,Safe,AQI良好或為室內設施,2026-03-03 19:07:25
四張社區活動中心,鎮西路74號,24.114,120.485,True,100,台中,47,19.5,Safe,AQI良好或為室內設施,2026-03-03 19:07:25
崇光國民小學崇光樓地下室/操場,大明路181號,24.115191,120.68357,True,1000,台中,47,3.75,Safe,AQI良好或為室內設施,2026-03-03 19:07:25
發祥活動中心,瑞和路1-1號,24.115564,121.160619,True,100,台中,47,49.55,Safe,AQI良好或為室內設施,2026-03-03 19:07:25
臺中高工操場,高工路191號,24.116,120.6612,False,780,台中,47,3.74,Safe,AQI良好或為室內設施,2026-03-03 19:07:25
楓樹兒童青少年活動中心,南屯區楓樹里楓樹西街二00號,24.1161,120.6289,True,50,台中,47,5.74,Safe,AQI良好或為室內設施,2026-03-03 19:07:25
私立大明高級中學體育場/禮堂,新仁路三段210號,24.116491,120.685976,True,270,台中,47,3.69,Safe,AQI良好或為室內設施,2026-03-03 19:07:25
大崙國小塗溝分校-室外,1-1號,24.1165,120.6132,False,500,台中,47,7.04,Safe,AQI良好或為室內設施,2026-03-03 19:07:25
竹營社區活動中心,和頭路237號,24.117,120.5011,True,100,台中,47,17.83,Safe,AQI良好或為室內設施,2026-03-03 19:07:25
臺中市南區聯合辦公大樓,工學路72號5樓,24.1171,120.6638,True,61,台中,47,3.54,Safe,AQI良好或為室內設施,2026-03-03 19:07:25
順安農宅示範中心,草林158號,24.1172,121.6365,True,23,花蓮,28,40.73,Safe,AQI良好或為室內設施,2026-03-03 19:07:25
東汴國小〈行政教學大樓.操場〉,太平區東汴里山田路100號,24.1174,120.7958,True,575,台中,47,12.85,Safe,AQI良好或為室內設施,2026-03-03 19:07:25
秀林國小收容所,秀林路76號,24.118,121.6244,True,100,花蓮,28,40.75,Safe,AQI良好或為室內設施,2026-03-03 19:07:25
臺中市立大里幼兒園-日新分班,日新路383號,24.11811,120.692373,True,80,台中,47,3.8,Safe,AQI良好或為室內設施,2026-03-03 19:07:25
竹園社區活動中心,彰新路4段115號,24.119,120.525,True,60,台中,47,15.41,Safe,AQI良好或為室內設施,2026-03-03 19:07:25
長億永成里活動中心,長億路1-1號,24.1192,120.7209,True,815,台中,47,5.75,Safe,AQI良好或為室內設施,2026-03-03 19:07:25
大慶活動中心,德富路100號,24.1196,120.6542,True,30,台中,47,3.69,Safe,AQI良好或為室內設施,2026-03-03 19:07:25
南區圖書館,五權南路335號,24.1201,120.6697,True,57,台中,47,3.09,Safe,AQI良好或為室內設施,2026-03-03 19:07:25
祥興活動中心,中興路二段祥興3巷10弄34號,24.120351,120.685927,True,20,台中,47,3.29,Safe,AQI良好或為室內設施,2026-03-03 19:07:25
和平國小和平館及操場,復興路二段57號,24.1213,120.6607,True,513,台中,47,3.21,Safe,AQI良好或為室內設施,2026-03-03 19:07:25
梅村長老教會,西門巷7號,24.121767,121.11075,True,100,台中,47,44.45,Safe,AQI良好或為室內設施,2026-03-03 19:07:25
月眉社區活動中心,和厝路一段276號,24.122,120.495,True,100,台中,47,18.35,Safe,AQI良好或為室內設施,2026-03-03 19:07:25
犁盛社區活動中心,東平路225巷9號,24.122,120.527,True,100,台中,47,15.15,Safe,AQI良好或為室內設施,2026-03-03 19:07:25
信義國小信義館及操場,五權南路325號,24.1222,120.668571,True,1440,台中,47,2.88,Safe,AQI良好或為室內設施,2026-03-03 19:07:25
曉陽國小,頂犁路158-1號,24.1227,120.478,True,100,台中,47,20.04,Safe,AQI良好或為室內設施,2026-03-03 19:07:25
中平國中〈活動中心.操場〉,中平村太平路 300 號,24.1231,120.7183,True,972,台中,47,5.3,Safe,AQI良好或為室內設施,2026-03-03 19:07:25
頭汴國小〈行政大樓B1〉,北田路 20 號,24.1232,120.7515,True,1820,台中,47,8.36,Safe,AQI良好或為室內設施,2026-03-03 19:07:25
頂犁民眾活動中心,頂犁路48之1號,24.123229,120.480918,True,100,台中,47,19.74,Safe,AQI良好或為室內設施,2026-03-03 19:07:25
頭汴里活動中心,長龍路二段11巷18號,24.1239,120.7507,True,278,台中,47,8.26,Safe,AQI良好或為室內設施,2026-03-03 19:07:25
建平國小〈會議室1樓、操場〉,精美路201號,24.1241,120.7245,True,1419,台中,47,5.79,Safe,AQI良好或為室內設施,2026-03-03 19:07:25
國光國小國光堂及操場,國光路261號,24.1245,120.6801,True,707,台中,47,2.66,Safe,AQI良好或為室內設施,2026-03-03 19:07:25
中興活動中心,復新街89號B1,24.1247,120.6759,True,50,台中,47,2.57,Safe,AQI良好或為室內設施,2026-03-03 19:07:25
頭前社區活動中心,和頭路595號,24.125,120.506,True,100,台中,47,17.19,Safe,AQI良好或為室內設施,2026-03-03 19:07:25
禪光育幼院,仁愛路2巷172號,24.1257,121.6497,True,105,花蓮,28,41.79,Safe,AQI良好或為室內設施,2026-03-03 19:07:25
福隆里活動中心,光興路1463巷8號,24.1258,120.7345,True,294,台中,47,6.64,Safe,AQI良好或為室內設施,2026-03-03 19:07:25
嘉寶社區活動中心,福北路221號,24.126,120.512,True,100,台中,47,16.57,Safe,AQI良好或為室內設施,2026-03-03 19:07:25
四育國中四育館及操場,復興路二段152號,24.126,120.6651,True,544,台中,47,2.56,Safe,AQI良好或為室內設施,2026-03-03 19:07:25
臺中市立崇倫國中崇倫堂及操場,忠明南路730號,24.1261,120.659,True,483,台中,47,2.82,Safe,AQI良好或為室內設施,2026-03-03 19:07:25
臺中市立東峰國中,仁和路330號,24.12626,120.68617,True,700,台中,47,2.7,Safe,AQI良好或為室內設施,2026-03-03 19:07:25
王田社區運動公園,興和路332號附近,24.1264,120.5838,False,120,台中,47,9.42,Safe,AQI良好或為室內設施,2026-03-03 19:07:25
臺中市西區萬壽公園,大墩路旁向上路與向上南路間,24.126479,120.650622,False,3550,台中,47,3.32,Safe,AQI良好或為室內設施,2026-03-03 19:07:25
國立中興大學附屬臺中高級農業職業學校禮堂,臺中路283號,24.1266,120.6856,True,700,台中,47,2.64,Safe,AQI良好或為室內設施,2026-03-03 19:07:25
天主教聲遠之家,博愛路31號,24.1266,121.6513,True,53,花蓮,28,41.91,Safe,AQI良好或為室內設施,2026-03-03 19:07:25
好修社區活動中心,月北路400巷21號,24.127,120.494,True,60,台中,47,18.37,Safe,AQI良好或為室內設施,2026-03-03 19:07:25
塭仔民眾活動中心,塭仔路141號,24.128081,120.456135,True,80,台中,47,22.17,Safe,AQI良好或為室內設施,2026-03-03 19:07:25
溝內民眾活動中心,溝內路34-1號,24.128334,120.454988,True,80,台中,47,22.29,Safe,AQI良好或為室內設施,2026-03-03 19:07:25
大智國小2樓禮堂,大智路359號,24.1286,120.6908,True,500,台中,47,2.75,Safe,AQI良好或為室內設施,2026-03-03 19:07:25
新城社區活動中心,博愛路66號,24.1288,121.6502,True,23,花蓮,28,42.14,Safe,AQI良好或為室內設施,2026-03-03 19:07:25
興田社區活動中心,新興1街62號,24.1301,121.6452,True,45,花蓮,28,42.24,Safe,AQI良好或為室內設施,2026-03-03 19:07:25
線西國小,中央路二段135號,24.1313,120.4697,True,100,台中,47,20.77,Safe,AQI良好或為室內設施,2026-03-03 19:07:25
崇仁活動中心,柳川西路1段59號,24.1314,120.6606,True,53,台中,47,2.24,Safe,AQI良好或為室內設施,2026-03-03 19:07:25
紅葉國小梅林分校,慈峰巷40號,24.131465,121.184631,True,100,台中,47,51.89,Safe,AQI良好或為室內設施,2026-03-03 19:07:25
臺中國小活動中心,臺中路153號,24.131516,120.684716,True,600,台中,47,2.12,Safe,AQI良好或為室內設施,2026-03-03 19:07:25
線西國中,中央路二段145號,24.1325,120.4687,True,100,台中,47,20.86,Safe,AQI良好或為室內設施,2026-03-03 19:07:25
長億國小〈行政大樓B1、操場、籃球場〉,太平三街 295 號,24.133,120.7164,True,1649,台中,47,4.64,Safe,AQI良好或為室內設施,2026-03-03 19:07:25
大忠國民小學一樓課照教室,仁德路60號,24.133714,120.5542,True,40,台中,47,12.21,Safe,AQI良好或為室內設施,2026-03-03 19:07:25
培英國小,彰新路5段310號,24.134,120.51,True,150,台中,47,16.67,Safe,AQI良好或為室內設施,2026-03-03 19:07:25
寓埔民眾活動中心,寓埔路177-1號,24.134332,120.45949,True,80,台中,47,21.78,Safe,AQI良好或為室內設施,2026-03-03 19:07:25
臺中市西區大勇國小禮堂,忠明南路515號,24.1345,120.6578,True,100,台中,47,2.17,Safe,AQI良好或為室內設施,2026-03-03 19:07:25
南屯區公所4樓開放式會議室,永春東路679號,24.1347,120.6441,True,50,台中,47,3.32,Safe,AQI良好或為室內設施,2026-03-03 19:07:25
線西民眾活動中心,中央路二段536巷31號,24.135832,120.463123,True,80,台中,47,21.4,Safe,AQI良好或為室內設施,2026-03-03 19:07:25
育英國中操場,育英路30號,24.13594,120.69813,False,500,台中,47,2.81,Safe,AQI良好或為室內設施,2026-03-03 19:07:25
塗厝社區活動中心,和厝路2段485號,24.136,120.508,True,60,台中,47,16.85,Safe,AQI良好或為室內設施,2026-03-03 19:07:25
南屯里活動中心,南屯區南屯里萬和路一段五十號,24.1363,120.639,True,60,台中,47,3.73,Safe,AQI良好或為室內設施,2026-03-03 19:07:25
臺中市東區區公所禮堂,長福路245號,24.136521,120.703797,True,1500,台中,47,3.31,Safe,AQI良好或為室內設施,2026-03-03 19:07:25
線西鄉立幼兒園,中央路二段386巷128號,24.1368,120.4668,True,200,台中,47,21.02,Safe,AQI良好或為室內設施,2026-03-03 19:07:25
春社里活動中心2、3樓,南屯區春社里忠勇路二三之十二號,24.1374,120.612,True,200,台中,47,6.35,Safe,AQI良好或為室內設施,2026-03-03 19:07:25
祥順運動公園,宜昌路87巷,24.1383,120.7128,False,9810,台中,47,4.11,Safe,AQI良好或為室內設施,2026-03-03 19:07:25
臺中市東區樂業國小,樂業路60號,24.138354,120.194202,True,450,台中,47,48.65,Safe,AQI良好或為室內設施,2026-03-03 19:07:25
宜欣國小〈宜學樓、南大樓〉,太平區宜欣里新平路二段100號,24.1392,120.7153,True,1913,台中,47,4.34,Safe,AQI良好或為室內設施,2026-03-03 19:07:25
臺中市西區忠信國小禮堂忠信堂,林森路155號,24.1393,120.6686,True,100,台中,47,1.06,Safe,AQI良好或為室內設施,2026-03-03 19:07:25
汴頭社區活動中心,汴頭路189號,24.139906,120.497037,True,40,台中,47,17.94,Safe,AQI良好或為室內設施,2026-03-03 19:07:25
頂庄民眾活動中心,沿海路二段334巷32號,24.1403,120.4674,True,80,台中,47,20.94,Safe,AQI良好或為室內設施,2026-03-03 19:07:25
永定里社區活動中心,南屯區永定里南美街70號,24.1404,120.6366,True,50,台中,47,3.84,Safe,AQI良好或為室內設施,2026-03-03 19:07:25
臺中市西區區公所,金山路11號,24.1412,120.6712,True,50,台中,47,0.76,Safe,AQI良好或為室內設施,2026-03-03 19:07:25
田新公園管理室,南屯區大墩6街319巷41號1.2.3樓,24.1424,120.6443,True,50,台中,47,3.03,Safe,AQI良好或為室內設施,2026-03-03 19:07:25
大同里活動中心3樓,南屯區大同里大墩六街一六一號,24.1425,120.6502,True,100,台中,47,2.44,Safe,AQI良好或為室內設施,2026-03-03 19:07:25
台中公園,自由路二段與公園路口,24.143637,120.684074,False,2000,台中,47,1.15,Safe,AQI良好或為室內設施,2026-03-03 19:07:25
臺中市中區老人休閒活動中心,成功路300號1樓,24.1439,120.6795,True,18,台中,47,0.73,Safe,AQI良好或為室內設施,2026-03-03 19:07:25
臺中市中區區公所六樓大禮堂,成功路300號6樓,24.1439,120.6795,True,170,台中,47,0.73,Safe,AQI良好或為室內設施,2026-03-03 19:07:25
新港社區活動中心,自強路臨30號,24.143911,120.484731,True,40,台中,47,19.17,Safe,AQI良好或為室內設施,2026-03-03 19:07:25
臺中市光復國小3樓禮堂及內操場,三民路二段148號,24.143934,120.681722,True,990,台中,47,0.92,Safe,AQI良好或為室內設施,2026-03-03 19:07:25
興中停車場,臺灣大道一段及大誠街口,24.1442,120.6785,False,1500,台中,47,0.63,Safe,AQI良好或為室內設施,2026-03-03 19:07:25
臺中市光復國民小學外操場,臺中市中區三民路二段與公園路口,24.144587,120.681723,False,1200,台中,47,0.89,Safe,AQI良好或為室內設施,2026-03-03 19:07:25
伸港國中第二校區,建興路168號,24.144634,120.489958,True,10,台中,47,18.64,Safe,AQI良好或為室內設施,2026-03-03 19:07:25
坪林國小〈南棟大樓B1.操場〉,坪林路45號,24.145,120.7371,True,1136,台中,47,6.45,Safe,AQI良好或為室內設施,2026-03-03 19:07:25
進德國小一樓活動中心,進化路135號,24.1452,120.6934,True,500,台中,47,2.03,Safe,AQI良好或為室內設施,2026-03-03 19:07:25
勤益科技大學〈工程館B1.操場〉,中山路二段57號,24.1464,120.7334,True,5080,台中,47,6.07,Safe,AQI良好或為室內設施,2026-03-03 19:07:25
大道國中宗堯樓1樓,大肚區仁德路60號,24.146936,120.548844,True,40,台中,47,12.66,Safe,AQI良好或為室內設施,2026-03-03 19:07:25
地潭社區活動中心,晉北路458號,24.147,120.516,True,60,台中,47,15.99,Safe,AQI良好或為室內設施,2026-03-03 19:07:25
文德宮,嘉二路47號,24.147211,120.492403,True,10,台中,47,18.39,Safe,AQI良好或為室內設施,2026-03-03 19:07:25
中華國小〈前棟B1、操場〉,大源路1-20號,24.1473,120.726,True,1350,台中,47,5.32,Safe,AQI良好或為室內設施,2026-03-03 19:07:25
富世活動中心,97號,24.1473,121.6277,True,100,花蓮,28,44.02,Safe,AQI良好或為室內設施,2026-03-03 19:07:25
泉州社區活動中心,仁愛路123號,24.14783,120.480758,True,20,台中,47,19.57,Safe,AQI良好或為室內設施,2026-03-03 19:07:25
太平國中〈行政大樓B1〉,中山路二段116號,24.1483,120.7346,True,4241,台中,47,6.19,Safe,AQI良好或為室內設施,2026-03-03 19:07:25
力行國小,新望洋67號,24.148371,121.189375,True,200,台中,47,52.33,Safe,AQI良好或為室內設施,2026-03-03 19:07:25
伸東國民小學,中華路565號,24.1484,120.4879,True,500,台中,47,18.84,Safe,AQI良好或為室內設施,2026-03-03 19:07:25
伸港鄉老人文康活動中心,忠孝東街50號,24.1486,120.4878,True,200,台中,47,18.85,Safe,AQI良好或為室內設施,2026-03-03 19:07:25
惠智公園管理室1、2樓,南屯區三和里大墩十一街五一八號,24.1489,120.6391,True,50,台中,47,3.5,Safe,AQI良好或為室內設施,2026-03-03 19:07:25
大新活動中心3樓,南屯區大業里大墩十一街六四號,24.1489,120.6526,True,150,台中,47,2.13,Safe,AQI良好或為室內設施,2026-03-03 19:07:25
蚵寮社區活動中心,蚵寮路132-5號,24.149014,120.457273,True,60,台中,47,21.95,Safe,AQI良好或為室內設施,2026-03-03 19:07:25
臺中市北區太平國小大禮堂及操場,北區錦平里太平路74號,24.1492,120.682,True,2000,台中,47,0.87,Safe,AQI良好或為室內設施,2026-03-03 19:07:25
泉厝社區活動中心,泉厝路44-3號,24.149574,120.479829,True,20,台中,47,19.66,Safe,AQI良好或為室內設施,2026-03-03 19:07:25
伸仁國民小學,曾家路3之15號,24.1499,120.4696,True,400,台中,47,20.7,Safe,AQI良好或為室內設施,2026-03-03 19:07:25
湖內社區活動中心,湖竹路5號,24.1503,120.5093,True,60,台中,47,16.67,Safe,AQI良好或為室內設施,2026-03-03 19:07:25
大湖里光大里聯合活動中心,柳川東路四段28號,24.150323,120.679493,True,80,台中,47,0.67,Safe,AQI良好或為室內設施,2026-03-03 19:07:25
大肚社區活動中心,沙田路2段646號,24.150654,120.545482,True,41,台中,47,13.0,Safe,AQI良好或為室內設施,2026-03-03 19:07:25
力行國小活動中心,進化路223號,24.150696,120.69394,True,800,台中,47,2.09,Safe,AQI良好或為室內設施,2026-03-03 19:07:25
新港國民國小,和平路60號,24.151,120.4768,True,500,台中,47,19.97,Safe,AQI良好或為室內設施,2026-03-03 19:07:25
大肚區公所五樓,沙田路2段646號,24.151237,120.545324,True,200,台中,47,13.02,Safe,AQI良好或為室內設施,2026-03-03 19:07:25
新光國小行政大樓,新興路200號,24.1524,120.7066,True,1050,台中,47,3.39,Safe,AQI良好或為室內設施,2026-03-03 19:07:25
臺中市西區中正國小禮堂中正館,英才路423號,24.1526,120.6667,True,100,台中,47,0.89,Safe,AQI良好或為室內設施,2026-03-03 19:07:25
臺中市西區和龍民龍聯合里活動中心中心,西屯路1段169號,24.1535,120.6702,True,50,台中,47,0.73,Safe,AQI良好或為室內設施,2026-03-03 19:07:25
老人活動中心,大肚區頂街里大德六街30號,24.15352,120.540571,True,180,台中,47,13.51,Safe,AQI良好或為室內設施,2026-03-03 19:07:25
大肚國小體育館,大肚區頂街里華山路77號,24.1546,120.5463,True,120,台中,47,12.94,Safe,AQI良好或為室內設施,2026-03-03 19:07:25
新平國小〈南棟B1、操場、籃球場〉,樹孝路三三六巷九號,24.1547,120.7201,True,850,台中,47,4.78,Safe,AQI良好或為室內設施,2026-03-03 19:07:25
黎明里活動中心,南屯區黎明里干城街150號,24.1555,120.6296,True,60,台中,47,4.55,Safe,AQI良好或為室內設施,2026-03-03 19:07:25
黃竹國小〈戶外操場〉,竹村路41號,24.1556,120.7344,True,128,台中,47,6.23,Safe,AQI良好或為室內設施,2026-03-03 19:07:25
何南、何成里聯合活動中心,大墩十七街88號3樓,24.1557,120.648109,True,364,台中,47,2.74,Safe,AQI良好或為室內設施,2026-03-03 19:07:25
大同社區活動中心,大同路82號,24.156642,120.47616,True,20,台中,47,20.06,Safe,AQI良好或為室內設施,2026-03-03 19:07:25
什股社區活動中心,什股路99-1號,24.156642,120.47616,True,20,台中,47,20.06,Safe,AQI良好或為室內設施,2026-03-03 19:07:25
臺中市西區忠明國小禮堂忠明館,臺灣大道1段414號,24.1578,120.6591,True,100,台中,47,1.85,Safe,AQI良好或為室內設施,2026-03-03 19:07:25
臺中市西區忠明高中禮堂忠明館,博館路166號,24.1579,120.6637,True,100,台中,47,1.52,Safe,AQI良好或為室內設施,2026-03-03 19:07:25
新光國中〈活動中心.操場〉,樹德九街139號,24.1579,120.7093,True,1917,台中,47,3.8,Safe,AQI良好或為室內設施,2026-03-03 19:07:25
中和社區活動中心,大肚區中和里南榮路299號,24.158601,120.544456,True,100,台中,47,13.16,Safe,AQI良好或為室內設施,2026-03-03 19:07:25
營埔社區活動中心,大肚區營埔里營埔巷155號,24.158601,120.5446,True,100,台中,47,13.14,Safe,AQI良好或為室內設施,2026-03-03 19:07:25
永順社區活動中心,大肚區永順里文昌路2段643號,24.1588,120.5331,True,180,台中,47,14.31,Safe,AQI良好或為室內設施,2026-03-03 19:07:25
頂街社區活動中心,大肚區頂街里沙田路3段244巷9號,24.1589,120.5446,True,180,台中,47,13.15,Safe,AQI良好或為室內設施,2026-03-03 19:07:25
臺中市新社區中興合作農場,新社區中和里中興街158之1號,24.1589,120.8262,True,36,台中,47,15.53,Safe,AQI良好或為室內設施,2026-03-03 19:07:25
臺中市北區乾溝子活動中心,北區淡溝里西屯路一段299號一樓,24.1591,120.6662,True,150,台中,47,1.47,Safe,AQI良好或為室內設施,2026-03-03 19:07:25
山陽國小防空避難室,大肚區山陽里榮華街630號,24.159312,120.544865,True,70,台中,47,13.13,Safe,AQI良好或為室內設施,2026-03-03 19:07:25
紅葉國小,仁盛路42號,24.159312,121.176707,True,300,台中,47,51.06,Safe,AQI良好或為室內設施,2026-03-03 19:07:25
臺中市新社區大林國小,新社區福興里美林38號,24.159481,120.863914,True,90,台中,47,19.35,Safe,AQI良好或為室內設施,2026-03-03 19:07:25
省三國小育德館及操場,北區邱厝里崇德路一段107號,24.1599,120.6848,True,450,台中,47,1.77,Safe,AQI良好或為室內設施,2026-03-03 19:07:25
鐵山社區活動中心,鎮東路190號,24.16,120.519,True,150,台中,47,15.75,Safe,AQI良好或為室內設施,2026-03-03 19:07:25
溪底社區活動中心,溪底路103-2號,24.160703,120.501452,True,40,台中,47,17.53,Safe,AQI良好或為室內設施,2026-03-03 19:07:25
漢口國中（操場）,漢口路一段54之1號,24.16176,120.657033,False,1650,台中,47,2.3,Safe,AQI良好或為室內設施,2026-03-03 19:07:25
崇德國小收容所,72號,24.162,121.6524,True,100,花蓮,28,45.84,Safe,AQI良好或為室內設施,2026-03-03 19:07:25
何安里活動中心,四川路120號3樓,24.162332,120.653758,True,405,台中,47,2.59,Safe,AQI良好或為室內設施,2026-03-03 19:07:25
大同國民國小,彰新路7段724號,24.1625,120.4845,True,500,台中,47,19.26,Safe,AQI良好或為室內設施,2026-03-03 19:07:25
瑞井社區活動中心,大肚區瑞井里瑞井路62巷14之1號,24.16335,120.572365,True,80,台中,47,10.42,Safe,AQI良好或為室內設施,2026-03-03 19:07:25
臺中市新社區福民國小,新社區福興里福民16之7號,24.163651,120.880962,True,90,台中,47,21.11,Safe,AQI良好或為室內設施,2026-03-03 19:07:25
溫泉部落鄰長家,7鄰溫泉巷18號,24.163778,121.180117,True,50,台中,47,51.42,Safe,AQI良好或為室內設施,2026-03-03 19:07:25
惠來國小（三期活動中心、操場）,文中路168號,24.16493,120.6497,True,505,台中,47,3.09,Safe,AQI良好或為室內設施,2026-03-03 19:07:25
海尾社區活動中心,海尾路3-2號,24.165165,120.485127,True,40,台中,47,19.22,Safe,AQI良好或為室內設施,2026-03-03 19:07:25
西屯區公所,市政北二路386號,24.165436,120.633793,True,372,台中,47,4.49,Safe,AQI良好或為室內設施,2026-03-03 19:07:25
臺中市北區明德活動中心,北區明德里太原四街23號二樓,24.1657,120.6694,True,30,台中,47,2.05,Safe,AQI良好或為室內設施,2026-03-03 19:07:25
臺中市北區行政大樓,北區賴厝里永興街301號,24.166,120.6822,True,400,台中,47,2.21,Safe,AQI良好或為室內設施,2026-03-03 19:07:25
臺中市立東山高級中學禮堂、操場,北屯區水景里景賢六路200號,24.1666,120.7122,True,770,台中,47,4.44,Safe,AQI良好或為室內設施,2026-03-03 19:07:25
定興社區活動中心,定興路63-2號,24.166813,120.496962,True,40,台中,47,18.05,Safe,AQI良好或為室內設施,2026-03-03 19:07:25
臺中市立三光國民中學（禮堂、操場）,三光一街77號,24.167354,120.698404,False,2235,台中,47,3.33,Safe,AQI良好或為室內設施,2026-03-03 19:07:25
文昌國民小學（活動中心-弘文堂、操場）,40652 臺中市北屯區昌平路一段91號,24.168188,120.693207,True,1422,台中,47,3.02,Safe,AQI良好或為室內設施,2026-03-03 19:07:25
中山國中（操場）,寧夏路179號,24.168445,120.660187,False,1375,台中,47,2.68,Safe,AQI良好或為室內設施,2026-03-03 19:07:25
逢甲國民小學（操場、校舍頂樓）,北坑巷60號,24.168462,120.759755,True,483,台中,47,9.04,Safe,AQI良好或為室內設施,2026-03-03 19:07:25
臺中市北區長青里活動中心,北區長青里陝西路66之2號三樓,24.1691,120.6685,True,200,台中,47,2.44,Safe,AQI良好或為室內設施,2026-03-03 19:07:25
長安國小（操場跑道）,櫻花路18號,24.169105,120.653078,False,242,台中,47,3.16,Safe,AQI良好或為室內設施,2026-03-03 19:07:25
何福、何德里聯合活動中心,河南路125號3樓,24.169681,120.662291,True,380,台中,47,2.7,Safe,AQI良好或為室內設施,2026-03-03 19:07:25
協和國小（學生活動中心、操場）,安和路99號,24.169862,120.620071,True,1732,台中,47,5.96,Safe,AQI良好或為室內設施,2026-03-03 19:07:25
四維國民小學（活動中心）,40654 臺中市北屯區文心路四段956號,24.170777,120.695314,True,304,台中,47,3.38,Safe,AQI良好或為室內設施,2026-03-03 19:07:25
何源里活動中心,漢成街152號,24.170797,120.665542,True,150,台中,47,2.7,Safe,AQI良好或為室內設施,2026-03-03 19:07:25
臺中市北區賴興活動中心,北區賴興里山西路二段125號三、四樓,24.1718,120.6757,True,400,台中,47,2.69,Safe,AQI良好或為室內設施,2026-03-03 19:07:25
上安國小（活動中心、操場）,上安路156號,24.172074,120.639105,True,889,台中,47,4.43,Safe,AQI良好或為室內設施,2026-03-03 19:07:25
東光國民小學（活動中心、操場）,東光路926號,24.17211,120.701827,True,1631,台中,47,3.95,Safe,AQI良好或為室內設施,2026-03-03 19:07:25
基督長老教會,1鄰7號,24.172426,121.196369,False,100,台中,47,53.11,Safe,AQI良好或為室內設施,2026-03-03 19:07:25
力行活動中心,3鄰62號,24.172426,121.196369,True,100,台中,47,53.11,Safe,AQI良好或為室內設施,2026-03-03 19:07:25
大洋部落真耶穌教會,新望洋5鄰128號,24.172426,121.196369,True,100,台中,47,53.11,Safe,AQI良好或為室內設施,2026-03-03 19:07:25
文心國民小學（禮堂、操場）,文心路四段575號,24.17296,120.682577,True,950,台中,47,2.95,Safe,AQI良好或為室內設施,2026-03-03 19:07:25
崇德國民中學（崇德館、操場）,崇德路二段227號,24.17296,120.682577,True,1566,台中,47,2.95,Safe,AQI良好或為室內設施,2026-03-03 19:07:25
上石國小（活動中心、操場）,西屯路二段上石南六巷25號,24.173681,120.643286,True,1885,台中,47,4.22,Safe,AQI良好或為室內設施,2026-03-03 19:07:25
中達里育德里邱厝里聯合活動中心,英才路172號,24.173738,120.674392,True,100,台中,47,2.9,Safe,AQI良好或為室內設施,2026-03-03 19:07:25
平順里、平心里、平福里活動中心（3樓）,旅順路二段78號三樓,24.1741,120.6877,True,300,台中,47,3.27,Safe,AQI良好或為室內設施,2026-03-03 19:07:25
至善國中（至善館、操場）,青海路二段308號,24.174335,120.640194,True,2179,台中,47,4.5,Safe,AQI良好或為室內設施,2026-03-03 19:07:25
青少年活動中心,安順東五街13號,24.1744,120.6826,True,206,台中,47,3.11,Safe,AQI良好或為室內設施,2026-03-03 19:07:25
中台科技大學羽球館,?子路666號,24.1745,120.7357,True,150,台中,47,6.97,Safe,AQI良好或為室內設施,2026-03-03 19:07:25
大福社區活動中心,長安路二段158號,24.174643,120.666744,True,165,台中,47,3.08,Safe,AQI良好或為室內設施,2026-03-03 19:07:25
建功國民小學（地下室停車場）,軍和街43號,24.175695,120.715938,True,575,台中,47,5.3,Safe,AQI良好或為室內設施,2026-03-03 19:07:25
軍功國民小學（禮堂、操場）,軍福十三路300號,24.175695,120.715938,True,1698,台中,47,5.3,Safe,AQI良好或為室內設施,2026-03-03 19:07:25
福安地區各里聯合活動中心,中工三路199號2、3樓,24.176043,120.618029,True,290,台中,47,6.46,Safe,AQI良好或為室內設施,2026-03-03 19:07:25
全興社區活動中心,東全路11號,24.176072,120.488453,True,60,台中,47,19.05,Safe,AQI良好或為室內設施,2026-03-03 19:07:25
鵬程里活動中心,逢大路65號,24.176403,120.648648,True,95,台中,47,4.07,Safe,AQI良好或為室內設施,2026-03-03 19:07:25
瑞峰國小防空避難室,大肚區蔗篰里太平路1號,24.17668,120.574604,True,100,台中,47,10.55,Safe,AQI良好或為室內設施,2026-03-03 19:07:25
瀋陽公園管理室（活動中心1、2樓）,北屯區水湳里瀋陽北路21號,24.1769,120.6724,True,620,台中,47,3.25,Safe,AQI良好或為室內設施,2026-03-03 19:07:25
大鵬國小（綜合球場）,中平路268號,24.17748,120.6653,False,500,台中,47,3.42,Safe,AQI良好或為室內設施,2026-03-03 19:07:25
僑孝國民小學（活動中心）,40654 臺中市北屯區北屯路435號,24.177756,120.699648,True,496,台中,47,4.26,Safe,AQI良好或為室內設施,2026-03-03 19:07:25
軍功里活動中心,26鄰軍和街123號,24.177863,120.717838,True,117,台中,47,5.6,Safe,AQI良好或為室內設施,2026-03-03 19:07:25
四箴國中操場、體育館,新庄里中沙路2號,24.178195,120.576947,True,250,台中,47,10.38,Safe,AQI良好或為室內設施,2026-03-03 19:07:25
北新國民中學（活動中心）,柳陽東街180號,24.178882,120.695925,True,967,台中,47,4.14,Safe,AQI良好或為室內設施,2026-03-03 19:07:25
竹坑里活動中心,竹師路一段164巷2號,24.18031,120.546391,True,30,台中,47,13.41,Safe,AQI良好或為室內設施,2026-03-03 19:07:25
龍峰國小操場,中沙路新庄仔巷2號,24.180456,120.576147,False,100,台中,47,10.54,Safe,AQI良好或為室內設施,2026-03-03 19:07:25
仁愛國民小學（禮堂三樓、操場）,四平路71號,24.180481,120.671897,True,1304,台中,47,3.65,Safe,AQI良好或為室內設施,2026-03-03 19:07:25
北屯國民小學（禮堂、操場）,進化北路2號,24.180481,120.671897,True,2250,台中,47,3.65,Safe,AQI良好或為室內設施,2026-03-03 19:07:25
大德國民中學（操場）,雷中街2-23號,24.180564,120.669137,True,825,台中,47,3.68,Safe,AQI良好或為室內設施,2026-03-03 19:07:25
翠華村華崗活動中心,,24.180665,121.199899,True,100,台中,47,53.52,Safe,AQI良好或為室內設施,2026-03-03 19:07:25
大德公園管理室（1、2樓）,北屯區大德里平德路3號,24.1815,120.6719,True,550,台中,47,3.76,Safe,AQI良好或為室內設施,2026-03-03 19:07:25
舊社公園活動中心（1、2樓、室外）,北屯區松勇里松竹路2段59巷5號,24.1815,120.7007,True,1580,台中,47,4.66,Safe,AQI良好或為室內設施,2026-03-03 19:07:25
西安、西墩、至善里聯合活動中心,光明路160號,24.181647,120.639943,True,180,台中,47,5.09,Safe,AQI良好或為室內設施,2026-03-03 19:07:25
北屯區公所六樓禮堂,北屯區仁和里崇德路三段10號,24.1827,120.6867,True,350,台中,47,4.11,Safe,AQI良好或為室內設施,2026-03-03 19:07:25
臺中市東勢區慶福社區活動中心,東關路4段1068號,24.182864,120.840965,True,100,台中,47,17.42,Safe,AQI良好或為室內設施,2026-03-03 19:07:25
龍井國小操場、龍騰館,龍門路51號,24.183711,120.529836,True,150,台中,47,15.12,Safe,AQI良好或為室內設施,2026-03-03 19:07:25
永安國小（永安館、操場）,西屯路三段133號,24.184845,120.625082,True,1954,台中,47,6.43,Safe,AQI良好或為室內設施,2026-03-03 19:07:25
陳平國民小學（地下活動中心）,陳平路58號,24.185321,120.667549,True,443,台中,47,4.23,Safe,AQI良好或為室內設施,2026-03-03 19:07:25
東海國小（操場、籃球場）,國際街75號,24.18602,120.5896,False,432,台中,47,9.53,Safe,AQI良好或為室內設施,2026-03-03 19:07:25
后庄社區活動中心,庄內巷11-1號,24.18809,120.66498,True,80,台中,47,4.58,Safe,AQI良好或為室內設施,2026-03-03 19:07:25
麗陽營區,東關路一段岳武巷5號,24.1883,120.9866,True,120,台中,47,32.07,Safe,AQI良好或為室內設施,2026-03-03 19:07:25
福科國中（操場、籃球場）,福林路333號,24.1892,120.6138,False,1542,台中,47,7.62,Safe,AQI良好或為室內設施,2026-03-03 19:07:25
龍崗社區活動中心,福恩街58號,24.189607,120.548065,True,30,台中,47,13.56,Safe,AQI良好或為室內設施,2026-03-03 19:07:25
松竹國民小學（勁竹及松青樓地下室）,昌平路二段12號,24.190797,120.686684,True,643,台中,47,4.97,Safe,AQI良好或為室內設施,2026-03-03 19:07:25
仁美國民小學（地下室、活動中心、操場）,崇德路三段568號,24.190797,120.686684,True,2421,台中,47,4.97,Safe,AQI良好或為室內設施,2026-03-03 19:07:25
臺中市東勢區慶福里社區活動中心戶外停車場,東勢區慶福里慶福街75號,24.191,120.8438,False,50,台中,47,17.93,Safe,AQI良好或為室內設施,2026-03-03 19:07:25
龍井國中操場,觀光路9號,24.192285,120.544059,False,100,台中,47,14.05,Safe,AQI良好或為室內設施,2026-03-03 19:07:25
龍井區公所禮堂,沙田路四段247號,24.19268,120.545584,True,80,台中,47,13.92,Safe,AQI良好或為室內設施,2026-03-03 19:07:25
協成國小（教學及行政大樓）,興義街219號,24.192772,120.813491,True,100,台中,47,15.05,Safe,AQI良好或為室內設施,2026-03-03 19:07:25
四張犁國民中學（活動中心、操場）,后庄路699號,24.193528,120.677436,True,910,台中,47,5.11,Safe,AQI良好或為室內設施,2026-03-03 19:07:25
國安國小（新大樓活動中心、操場）,國祥街1號,24.193578,120.609081,True,1509,台中,47,8.3,Safe,AQI良好或為室內設施,2026-03-03 19:07:25
新興國民小學（禮堂、操場）,新興路20號,24.195039,120.662753,True,773,台中,47,5.38,Safe,AQI良好或為室內設施,2026-03-03 19:07:25
四張犁國民小學（操場）,后庄路910號,24.195039,120.662753,False,1209,台中,47,5.38,Safe,AQI良好或為室內設施,2026-03-03 19:07:25
龍泉國小操場,龍泉里龍新路162號,24.195841,120.547464,False,100,台中,47,13.87,Safe,AQI良好或為室內設施,2026-03-03 19:07:25
四民里仁和里仁美里同榮里聯合活動中心室內、室外,16鄰豐樂一街78號,24.196262,120.680523,True,1250,台中,47,5.45,Safe,AQI良好或為室內設施,2026-03-03 19:07:25
頭家國小-多功能教室,得福街185號,24.197026,120.696224,True,160,台中,47,5.95,Safe,AQI良好或為室內設施,2026-03-03 19:07:25
泰安國小（育才堂、操場）,環中路二段368號,24.197845,120.648858,True,1944,台中,47,6.11,Safe,AQI良好或為室內設施,2026-03-03 19:07:25
頭家里/頭家東里活動中心,精忠新城101號,24.197913,120.699067,True,120,台中,47,6.15,Safe,AQI良好或為室內設施,2026-03-03 19:07:25
拍瀑拉水裡社公園,中社路一街、二街,24.198537,120.562822,False,200,台中,47,12.58,Safe,AQI良好或為室內設施,2026-03-03 19:07:25
龍港國小操場,三港路1號,24.198733,120.500933,False,100,台中,47,18.41,Safe,AQI良好或為室內設施,2026-03-03 19:07:25
大坑國小1.2樓教室、操場,北屯區大坑里東山路二段112號,24.1988,120.7607,True,625,台中,47,10.51,Safe,AQI良好或為室內設施,2026-03-03 19:07:25
水裡港文化館,水裡港巷16之2號,24.200778,120.498444,True,20,台中,47,18.72,Safe,AQI良好或為室內設施,2026-03-03 19:07:25
龍津國小操場、綜合教學大樓,中央路1段165巷50號,24.201067,120.521677,True,150,台中,47,16.51,Safe,AQI良好或為室內設施,2026-03-03 19:07:25
潭陽社區活動中心,中山路二段237巷9號,24.201197,120.703471,True,200,台中,47,6.68,Safe,AQI良好或為室內設施,2026-03-03 19:07:25
麗水社區活動中心,龍港路349巷2號,24.2022,120.5011,True,60,台中,47,18.52,Safe,AQI良好或為室內設施,2026-03-03 19:07:25
臺中市東勢區慶東社區活動中心,慶東街慶城2巷5號,24.2023,120.8422,True,28,台中,47,18.15,Safe,AQI良好或為室內設施,2026-03-03 19:07:25
僑忠國小-體育館,中山路二段31號,24.202497,120.70371,True,350,台中,47,6.82,Safe,AQI良好或為室內設施,2026-03-03 19:07:25
新興國小-專科教室,潭興路一段25號,24.203989,120.725525,True,50,台中,47,8.18,Safe,AQI良好或為室內設施,2026-03-03 19:07:25
龍津國中操場,三港路130號,24.204522,120.521049,False,150,台中,47,16.72,Safe,AQI良好或為室內設施,2026-03-03 19:07:25
臺中市東勢區東華國中教室,東關路五段490號,24.2054,120.8397,True,1100,台中,47,18.03,Safe,AQI良好或為室內設施,2026-03-03 19:07:25
東興國小（一樓課照教室）,興社街一段國校巷13號,24.206154,120.820101,True,100,台中,47,16.22,Safe,AQI良好或為室內設施,2026-03-03 19:07:25
臺中市東勢區成功國小,東關路五段600號,24.208311,120.839784,True,1200,台中,47,18.16,Safe,AQI良好或為室內設施,2026-03-03 19:07:25
潭子國中-活動中心,潭興路二段419巷1號,24.210191,120.70836,True,230,台中,47,7.79,Safe,AQI良好或為室內設施,2026-03-03 19:07:25
榮興村辦公處,碧綠巷27號,24.210441,121.300253,True,40,花蓮,28,59.74,Safe,AQI良好或為室內設施,2026-03-03 19:07:25
潭子區運動公園,勝利路138號,24.21106,120.700706,False,2500,台中,47,7.56,Safe,AQI良好或為室內設施,2026-03-03 19:07:25
臺中市大雅區三和公園,龍善二街,24.211845,120.665252,False,1580,台中,47,7.18,Safe,AQI良好或為室內設施,2026-03-03 19:07:25
臺中市大雅區大明國小活動中心,中清路三段92號,24.2128,120.6499,True,1191,台中,47,7.63,Safe,AQI良好或為室內設施,2026-03-03 19:07:25
潭陽國小-業勤樓,潭陽路19號,24.213042,120.710128,True,160,台中,47,8.16,Safe,AQI良好或為室內設施,2026-03-03 19:07:25
合作國小,豐原區三村里西勢路410號,24.2131,120.5581,True,100,台中,47,13.79,Safe,AQI良好或為室內設施,2026-03-03 19:07:25
潭北社區活動中心,潭子街三段公廳巷18號,24.2141,120.7089,True,63,台中,47,8.21,Safe,AQI良好或為室內設施,2026-03-03 19:07:25
山腳社區活動中心,龍山街58號,24.214287,120.549368,True,30,台中,47,14.62,Safe,AQI良好或為室內設施,2026-03-03 19:07:25
東寶國小-綜合教室,雅潭路三段2號,24.214805,120.67952,True,110,台中,47,7.49,Safe,AQI良好或為室內設施,2026-03-03 19:07:25
忠和社區活動中心,海尾路45巷23號,24.21486,120.524048,True,35,台中,47,16.91,Safe,AQI良好或為室內設施,2026-03-03 19:07:25
新田社區活動中心,豐興路二段412號,24.214974,120.723225,True,150,台中,47,9.02,Safe,AQI良好或為室內設施,2026-03-03 19:07:25
潭秀社區活動中心,雅潭路一段39巷10號,24.215286,120.703871,True,100,台中,47,8.12,Safe,AQI良好或為室內設施,2026-03-03 19:07:25
潭子國小-圖書室,中山路二段435號,24.215893,120.705361,True,150,台中,47,8.24,Safe,AQI良好或為室內設施,2026-03-03 19:07:25
龍海國小操場,中央路3段206號,24.215956,120.526677,False,100,台中,47,16.72,Safe,AQI良好或為室內設施,2026-03-03 19:07:25
臺中市立大華國中地下室,雅環路一段2號,24.2161,120.6496,True,560,台中,47,7.99,Safe,AQI良好或為室內設施,2026-03-03 19:07:25
臺中市大雅區西寶社區活動中心,雅潭路3段600號,24.2161,120.668,True,60,台中,47,7.63,Safe,AQI良好或為室內設施,2026-03-03 19:07:25
潭秀國中-體育館,雅潭路一段175號,24.216172,120.699522,True,220,台中,47,8.06,Safe,AQI良好或為室內設施,2026-03-03 19:07:25
臺中市北勢國小禮堂,沙鹿區六路里南陽路376號,24.216935,120.571552,True,124,台中,47,12.9,Safe,AQI良好或為室內設施,2026-03-03 19:07:25
南勢社區活動中心,南勢里南陽路458號,24.217386,120.567801,True,50,台中,47,13.24,Safe,AQI良好或為室內設施,2026-03-03 19:07:25
南陽國小,豐原區中陽里南陽路440號,24.2187,120.5677,True,300,台中,47,13.33,Safe,AQI良好或為室內設施,2026-03-03 19:07:25
臺中市東勢區上城社區活動中心,上城街170巷16號,24.2188,120.84,True,46,台中,47,18.64,Safe,AQI良好或為室內設施,2026-03-03 19:07:25
馬力埔社區活動中心,中和街一段8號,24.218895,120.792343,True,50,台中,47,14.41,Safe,AQI良好或為室內設施,2026-03-03 19:07:25
臺中市大雅區文雅國小地下室,中山北路235號,24.2195,120.6461,True,1700,台中,47,8.46,Safe,AQI良好或為室內設施,2026-03-03 19:07:25
臺中市大雅區三和國小體育館,春亭二街一號,24.2199,120.6667,True,1464,台中,47,8.06,Safe,AQI良好或為室內設施,2026-03-03 19:07:25
臺中市東勢區下城社區活動中心,城興街136號,24.219995,120.836657,True,50,台中,47,18.39,Safe,AQI良好或為室內設施,2026-03-03 19:07:25
臺中市大雅區陽明國小1樓教室,秀山路365號,24.2213,120.632,True,944,台中,47,9.21,Safe,AQI良好或為室內設施,2026-03-03 19:07:25
臺中市東勢區新成國小禮堂,東關路367巷40號,24.2213,120.8394,True,800,台中,47,18.7,Safe,AQI良好或為室內設施,2026-03-03 19:07:25
六路社區活動中心,六路里北勢東路267號,24.221573,120.578484,True,126,台中,47,12.67,Safe,AQI良好或為室內設施,2026-03-03 19:07:25
臺中市大雅區大雅國小體育館,學府路230號,24.2222,120.6503,True,950,台中,47,8.61,Safe,AQI良好或為室內設施,2026-03-03 19:07:25
晉江社區活動中心,晉江里晉武路35巷33號,24.222652,120.580577,True,86,台中,47,12.59,Safe,AQI良好或為室內設施,2026-03-03 19:07:25
臺中市立大雅國中體育館,學府路280號,24.2241,120.6504,True,820,台中,47,8.82,Safe,AQI良好或為室內設施,2026-03-03 19:07:25
福興社區活動中心,福興里鎮南路二段299巷36號,24.224608,120.567398,True,95,台中,47,13.75,Safe,AQI良好或為室內設施,2026-03-03 19:07:25
北勢社區活動中心,北勢里東晉路東明巷75號,24.224819,120.571125,True,76,台中,47,13.48,Safe,AQI良好或為室內設施,2026-03-03 19:07:25
臺中市北勢國中禮堂,沙鹿區北勢里英才路150號,24.225175,120.569209,True,259,台中,47,13.65,Safe,AQI良好或為室內設施,2026-03-03 19:07:25
北勢國民中學操場,英才路150號,24.225175,120.569209,False,451,台中,47,13.65,Safe,AQI良好或為室內設施,2026-03-03 19:07:25
停四雅楓停車場,神林南路146巷7號,24.225474,120.656843,False,190,台中,47,8.81,Safe,AQI良好或為室內設施,2026-03-03 19:07:25
斗抵社區活動中心,斗抵里斗潭路197號,24.22585,120.554569,True,157,台中,47,14.88,Safe,AQI良好或為室內設施,2026-03-03 19:07:25
鎌村里活動中心,豐原區鎌村里鎌村路465巷58號2樓,24.2262,120.7299,True,100,台中,47,10.43,Safe,AQI良好或為室內設施,2026-03-03 19:07:25
大南國小（多功能教室）,興中街47號,24.226742,120.804693,True,150,台中,47,15.94,Safe,AQI良好或為室內設施,2026-03-03 19:07:25
臺中市大雅區上雅社區活動中心,雅環路二段171巷19號,24.2281,120.6509,True,50,台中,47,9.23,Safe,AQI良好或為室內設施,2026-03-03 19:07:25
臺中市新社區公所,新社區復盛里興社街2段28-1號,24.2282,120.8122,True,50,台中,47,16.67,Safe,AQI良好或為室內設施,2026-03-03 19:07:25
臺中市大雅區公所,雅環路二段301號,24.2289,120.6478,True,120,台中,47,9.4,Safe,AQI良好或為室內設施,2026-03-03 19:07:25
臺中市大雅區秀山社區活動中心,平和一路18之1號,24.229,120.6334,True,40,台中,47,9.92,Safe,AQI良好或為室內設施,2026-03-03 19:07:25
栗林社區活動中心,祥和路128號,24.229634,120.712113,True,100,台中,47,9.91,Safe,AQI良好或為室內設施,2026-03-03 19:07:25
永寧國小操場,中央路一段 160 號,24.23,120.53,False,200,台中,47,17.2,Safe,AQI良好或為室內設施,2026-03-03 19:07:25
國立中科實驗高級中學,平和路227號,24.230138,120.625985,True,267,台中,47,10.36,Safe,AQI良好或為室內設施,2026-03-03 19:07:25
中興嶺停車場,中興嶺99號,24.231226,120.809642,False,300,台中,47,16.63,Safe,AQI良好或為室內設施,2026-03-03 19:07:25
復盛公園戶外臨時避難收容場所,興社街2段26號,24.231226,120.809642,False,300,台中,47,16.63,Safe,AQI良好或為室內設施,2026-03-03 19:07:25
臺中市大雅區汝鎏國小1~3樓教室,平和路238號,24.2314,120.6265,True,1924,台中,47,10.46,Safe,AQI良好或為室內設施,2026-03-03 19:07:25
新社區老人文康活動中心,興社街二段26號,24.232095,120.80745,True,50,台中,47,16.5,Safe,AQI良好或為室內設施,2026-03-03 19:07:25
東陽里活動中心,豐原區東陽里東陽路306號,24.2329,120.7476,True,50,台中,47,12.09,Safe,AQI良好或為室內設施,2026-03-03 19:07:25
興安社區活動中心,鎮南路二段500號,24.23327,120.562858,True,37,台中,47,14.72,Safe,AQI良好或為室內設施,2026-03-03 19:07:25
興仁社區活動中心,鎮南路二段500號,24.23327,120.562858,True,38,台中,47,14.72,Safe,AQI良好或為室內設施,2026-03-03 19:07:25
臺中市大雅區大楓社區活動中心,雅楓街106號,24.2346,120.667,True,50,台中,47,9.69,Safe,AQI良好或為室內設施,2026-03-03 19:07:25
臺中市大雅區上楓社區活動中心二,雅楓街108號,24.2347,120.6668,True,50,台中,47,9.7,Safe,AQI良好或為室內設施,2026-03-03 19:07:25
鎮立公園,鎮政路16號對面,24.234753,120.566413,False,95,台中,47,14.56,Safe,AQI良好或為室內設施,2026-03-03 19:07:25
沙鹿國民中學操場,中正街1號,24.235208,120.563351,False,363,台中,47,14.82,Safe,AQI良好或為室內設施,2026-03-03 19:07:25
臺中市沙鹿國中禮堂,沙鹿區美仁里中正街1號,24.235208,120.563351,True,553,台中,47,14.82,Safe,AQI良好或為室內設施,2026-03-03 19:07:25
臺中市原住民綜合服務中心,仁愛路69號,24.235343,120.622359,False,72,台中,47,11.04,Safe,AQI良好或為室內設施,2026-03-03 19:07:25
美仁社區活動中心,美仁里中正街3號,24.235802,120.561571,True,44,台中,47,15.0,Safe,AQI良好或為室內設施,2026-03-03 19:07:25
居仁社區活動中心,居仁里新生街8號,24.235802,120.561571,True,74,台中,47,15.0,Safe,AQI良好或為室內設施,2026-03-03 19:07:25
臺中市沙鹿國小禮堂,沙鹿區美仁里中正街3號,24.235802,120.561571,True,315,台中,47,15.0,Safe,AQI良好或為室內設施,2026-03-03 19:07:25
臺中市大雅區上楓國小庠序樓地下室,楓林街232號,24.2361,120.667,True,1216,台中,47,9.85,Safe,AQI良好或為室內設施,2026-03-03 19:07:25
豐田國小,豐原區豐田里田心路2段290號,24.237,120.722,True,500,台中,47,11.08,Safe,AQI良好或為室內設施,2026-03-03 19:07:25
文昌街、日新街口停車場,中正街1號,24.237054,120.561849,False,709,台中,47,15.07,Safe,AQI良好或為室內設施,2026-03-03 19:07:25
臺中市東勢區石角國小教室,東坑路西盛巷22號,24.2379,120.8503,True,400,台中,47,20.54,Safe,AQI良好或為室內設施,2026-03-03 19:07:25
臺中市大雅區六寶國小1~3樓教室,光復路15-2號,24.2381,120.6355,True,900,台中,47,10.77,Safe,AQI良好或為室內設施,2026-03-03 19:07:25
豐田里活動中心舊,豐原區豐田里田心路二段272巷1號,24.2381,120.7218,True,50,台中,47,11.18,Safe,AQI良好或為室內設施,2026-03-03 19:07:25
臺中市竹林國小禮堂,臺灣大道七段821號,24.238543,120.567875,True,73,台中,47,14.73,Safe,AQI良好或為室內設施,2026-03-03 19:07:25
竹林國民小學操場,臺灣大道七段821號,24.238543,120.567875,False,859,台中,47,14.73,Safe,AQI良好或為室內設施,2026-03-03 19:07:25
三角社區活動中心,神岡區三角里三社路195號,24.2386,120.6895,True,45,台中,47,10.24,Safe,AQI良好或為室內設施,2026-03-03 19:07:25
豐南國中,豐原區田心里豐南街151號,24.2394,120.7169,True,1000,台中,47,11.1,Safe,AQI良好或為室內設施,2026-03-03 19:07:25
豐田活動中心新,豐原區豐田里永康路346巷33號,24.2402,120.7213,True,50,台中,47,11.37,Safe,AQI良好或為室內設施,2026-03-03 19:07:25
崑山國小,崑崙巷5-2號,24.241082,120.787761,True,100,台中,47,15.55,Safe,AQI良好或為室內設施,2026-03-03 19:07:25
南陽里活動中心,豐原區南陽里永康路181巷6號,24.2412,120.7261,True,100,台中,47,11.68,Safe,AQI良好或為室內設施,2026-03-03 19:07:25
清泉社區活動中心,清泉里東海路2-11號,24.241539,120.61464,True,88,台中,47,12.03,Safe,AQI良好或為室內設施,2026-03-03 19:07:25
梧棲國中活動中心,民生街12號,24.2418,120.5492,True,300,台中,47,16.39,Safe,AQI良好或為室內設施,2026-03-03 19:07:25
豐原區公所,豐原區田心里市政路2號,24.2419,120.7182,True,200,台中,47,11.41,Safe,AQI良好或為室內設施,2026-03-03 19:07:25
梧南國小3樓視聽教室,梧棲區草湳里梧南路 50 號,24.2421,120.5238,True,100,台中,47,18.47,Safe,AQI良好或為室內設施,2026-03-03 19:07:25
東勢高工學生活動中心,東關路六段1328號,24.2422,120.8338,True,2200,台中,47,19.35,Safe,AQI良好或為室內設施,2026-03-03 19:07:25
新社國小（活動中心）,興社街四段一巷2號,24.242245,120.808355,True,150,台中,47,17.24,Safe,AQI良好或為室內設施,2026-03-03 19:07:25
田心里活動中心,豐原區田心里市政路1號,24.2424,120.7186,True,50,台中,47,11.48,Safe,AQI良好或為室內設施,2026-03-03 19:07:25
草湳里活動中心,自強二街61號,24.2429,120.5225,True,120,台中,47,18.63,Safe,AQI良好或為室內設施,2026-03-03 19:07:25
大德國小風雨操場,文昌路343號,24.2431,120.5423,False,300,台中,47,17.03,Safe,AQI良好或為室內設施,2026-03-03 19:07:25
鹿寮社區活動中心,鹿寮里賢義街162號,24.243106,120.566755,True,77,台中,47,15.17,Safe,AQI良好或為室內設施,2026-03-03 19:07:25
臺中市公明國小禮堂,沙鹿區公明里忠貞路213號,24.243158,120.609713,True,75,台中,47,12.44,Safe,AQI良好或為室內設施,2026-03-03 19:07:25
公明國民小學操場,忠貞路213號,24.243158,120.609713,False,1744,台中,47,12.44,Safe,AQI良好或為室內設施,2026-03-03 19:07:25
臺中市東勢區新盛國小教室,新盛街342號,24.2434,120.8307,True,1200,台中,47,19.16,Safe,AQI良好或為室內設施,2026-03-03 19:07:25
鹿鳴公園,沙鹿區鹿寮里光華路378巷1號,24.243804,120.56675,False,20,台中,47,15.22,Safe,AQI良好或為室內設施,2026-03-03 19:07:25
臺中市鹿寮國中禮堂,沙鹿區鹿寮里光華路385號,24.243804,120.56675,True,151,台中,47,15.22,Safe,AQI良好或為室內設施,2026-03-03 19:07:25
鹿寮國民中學操場,光華路385號,24.243804,120.56675,False,826,台中,47,15.22,Safe,AQI良好或為室內設施,2026-03-03 19:07:25
臺中港區綜合體育館,梧棲區大村里文昌路350號,24.2444,120.5435,True,400,台中,47,17.02,Safe,AQI良好或為室內設施,2026-03-03 19:07:25
中港高中地下一樓會議教室,梧棲區大村里文昌路400號,24.2448,120.5422,True,300,台中,47,17.15,Safe,AQI良好或為室內設施,2026-03-03 19:07:25
公明社區活動中心,公明里中清路信義巷6-17號,24.245645,120.607933,True,90,台中,47,12.77,Safe,AQI良好或為室內設施,2026-03-03 19:07:25
社口國小樂群樓,社南街136號,24.2457,120.6847,True,955,台中,47,10.96,Safe,AQI良好或為室內設施,2026-03-03 19:07:25
豐原高商,豐原區西勢里圓環南路五十號,24.246,120.7129,True,860,台中,47,11.63,Safe,AQI良好或為室內設施,2026-03-03 19:07:25
大庄社區活動中心,梧棲區大庄里文華街168巷1號,24.2463,120.5426,True,100,台中,47,17.23,Safe,AQI良好或為室內設施,2026-03-03 19:07:25
公明國民中學教室,中清路6段567號,24.246551,120.607534,True,110,台中,47,12.87,Safe,AQI良好或為室內設施,2026-03-03 19:07:25
臺中市公明國中禮堂,中清路6段567號,24.246551,120.607534,False,111,台中,47,12.87,Safe,AQI良好或為室內設施,2026-03-03 19:07:25
臺中市公明國中操場,中清路6段567號,24.246551,120.607534,False,588,台中,47,12.87,Safe,AQI良好或為室內設施,2026-03-03 19:07:25
北陽里活動中心,豐原區北陽里豐東路118巷18號,24.2473,120.7304,True,50,台中,47,12.48,Safe,AQI良好或為室內設施,2026-03-03 19:07:25
豐東國中,豐原區北陽里豐東路七十五號,24.2474,120.729,True,700,台中,47,12.43,Safe,AQI良好或為室內設施,2026-03-03 19:07:25
福陽國小,豐原區北陽里南陽路綠山巷83號,24.2481,120.7234,True,100,台中,47,12.25,Safe,AQI良好或為室內設施,2026-03-03 19:07:25
瑞穗國小,豐原區西安里西安街七十二號,24.2493,120.7117,True,1000,台中,47,11.94,Safe,AQI良好或為室內設施,2026-03-03 19:07:25
陸軍第五地區支援指揮部豐原甲型聯,豐原區中正路683號,24.2497,120.7055,True,115,台中,47,11.79,Safe,AQI良好或為室內設施,2026-03-03 19:07:25
西安里活動中心,豐原區西安里西安街72-2號,24.2497,120.7134,True,100,台中,47,12.04,Safe,AQI良好或為室內設施,2026-03-03 19:07:25
岸裡國小學生活動中心,神岡區岸裡里中山路 52 號,24.2498,120.6975,True,188,台中,47,11.61,Safe,AQI良好或為室內設施,2026-03-03 19:07:25
臺中市立東勢國中教室,東崎路5段415號,24.2503,120.8324,True,800,台中,47,19.74,Safe,AQI良好或為室內設施,2026-03-03 19:07:25
中正國小活動中心,梧棲區福德里中央路二段15號,24.2504,120.5387,True,250,台中,47,17.82,Safe,AQI良好或為室內設施,2026-03-03 19:07:25
臺中市東勢區泰安宮,東勢區廣興里中新街157號,24.2517,120.8313,True,20,台中,47,19.74,Safe,AQI良好或為室內設施,2026-03-03 19:07:25
南嵩里活動中心,豐原區南嵩里水源路9巷133號,24.2519,120.7426,True,50,台中,47,13.54,Safe,AQI良好或為室內設施,2026-03-03 19:07:25
中陽里活動中心,豐原區中陽里惠陽街116號,24.2521,120.725,True,100,台中,47,12.73,Safe,AQI良好或為室內設施,2026-03-03 19:07:25
富春國小,豐原區豐西里中山路455號,24.2524,120.7133,True,1000,台中,47,12.32,Safe,AQI良好或為室內設施,2026-03-03 19:07:25
中港國小視聽教室,梧棲區大村里文明街100號,24.2525,120.5328,True,100,台中,47,18.43,Safe,AQI良好或為室內設施,2026-03-03 19:07:25
臺中市立中山國小教室,中泰街88號,24.253,120.8351,True,500,台中,47,20.13,Safe,AQI良好或為室內設施,2026-03-03 19:07:25
豐圳里活動中心新,成功路520號,24.2537,120.7085,True,100,台中,47,12.31,Safe,AQI良好或為室內設施,2026-03-03 19:07:25
情人公園,雲集街,24.2545,120.5326,False,100,台中,47,18.59,Safe,AQI良好或為室內設施,2026-03-03 19:07:25
庄前里活動中心,神岡區庄前里神林路35號,24.2545,120.6605,True,41,台中,47,11.95,Safe,AQI良好或為室內設施,2026-03-03 19:07:25
臺中市東勢區延平社區活動中心,本街40號,24.255,120.8285,True,50,台中,47,19.73,Safe,AQI良好或為室內設施,2026-03-03 19:07:25
五里聯合活動中心,豐原區豐榮里新生北路155號,24.2551,120.7202,True,200,台中,47,12.84,Safe,AQI良好或為室內設施,2026-03-03 19:07:25
梧棲區公所四樓禮堂,中和街66號,24.2552,120.5317,True,80,台中,47,18.71,Safe,AQI良好或為室內設施,2026-03-03 19:07:25
豐村國小,豐原區南村里水源路三四一號,24.2553,120.7367,True,300,台中,47,13.57,Safe,AQI良好或為室內設施,2026-03-03 19:07:25
豐原國小,豐原區豐榮里新生北路一五五號,24.2554,120.7211,True,330,台中,47,12.91,Safe,AQI良好或為室內設施,2026-03-03 19:07:25
臺中市鹿峰國小禮堂,沙鹿區鹿峰里星河路209號,24.255608,120.570016,True,363,台中,47,15.95,Safe,AQI良好或為室內設施,2026-03-03 19:07:25
鹿峰國民小學操場,星河路209號,24.255608,120.570016,False,810,台中,47,15.95,Safe,AQI良好或為室內設施,2026-03-03 19:07:25
東勢區鯉魚伯公公園,中正路東勢幼兒園旁,24.256186,120.825098,False,1700,台中,47,19.53,Safe,AQI良好或為室內設施,2026-03-03 19:07:25
南村里活動中心,豐原區南村里圓環東路918號,24.2566,120.7299,True,100,台中,47,13.39,Safe,AQI良好或為室內設施,2026-03-03 19:07:25
大甲溪河濱公園,臺八線起點暨大甲溪旁,24.256973,120.824255,False,34000,台中,47,19.52,Safe,AQI良好或為室內設施,2026-03-03 19:07:25
龍興活動中心,石岡區龍興里萬仙街3號,24.257,120.7898,True,60,台中,47,16.93,Safe,AQI良好或為室內設施,2026-03-03 19:07:25
北庄社區活動中心,神岡區北庄里中山路1244號,24.2574,120.6683,True,48,台中,47,12.21,Safe,AQI良好或為室內設施,2026-03-03 19:07:25
翁明里活動中心,豐原區翁明里東仁街125號,24.2576,120.7259,True,100,台中,47,13.32,Safe,AQI良好或為室內設施,2026-03-03 19:07:25
東勢客家文化園區,中山路1號,24.25762,120.831861,False,1300,台中,47,20.17,Safe,AQI良好或為室內設施,2026-03-03 19:07:25
圳寮里活動中心,豐原區圳寮里圓環北路一段125號,24.2577,120.7186,True,100,台中,47,13.06,Safe,AQI良好或為室內設施,2026-03-03 19:07:25
神岡區公所,神岡區神岡里神岡路30號,24.2579,120.6614,True,204,台中,47,12.32,Safe,AQI良好或為室內設施,2026-03-03 19:07:25
梧棲綜合活動中心,梧棲區中正里臨港路三段246號,24.258,120.5289,True,250,台中,47,19.13,Safe,AQI良好或為室內設施,2026-03-03 19:07:25
臺中市東勢區中科國小,東崎路4段92巷16號,24.258108,120.851671,True,700,台中,47,21.84,Safe,AQI良好或為室內設施,2026-03-03 19:07:25
大湳里活動中心,豐原區大湳里圓環北路1段151號,24.2582,120.7193,True,50,台中,47,13.13,Safe,AQI良好或為室內設施,2026-03-03 19:07:25
臺中市東勢區東勢國小禮堂,第五橫街1號,24.2586,120.8296,True,2100,台中,47,20.06,Safe,AQI良好或為室內設施,2026-03-03 19:07:25
南簡公園,梧棲區南簡里大仁路一段375巷,24.258654,120.544147,False,500,台中,47,18.02,Safe,AQI良好或為室內設施,2026-03-03 19:07:25
神岡國小中正體育館,神岡區神岡村神圳路 1 號,24.2589,120.6611,True,163,台中,47,12.43,Safe,AQI良好或為室內設施,2026-03-03 19:07:25
南田里活動中心,豐原區南田里水源路192巷80號旁,24.2591,120.7419,True,50,台中,47,14.19,Safe,AQI良好或為室內設施,2026-03-03 19:07:25
石岡托兒所和盛分所,石岡區和盛里和盛街9號2樓,24.2591,120.8154,True,60,台中,47,18.98,Safe,AQI良好或為室內設施,2026-03-03 19:07:25
三村里活動中心,豐原區三村里豐原大道一段609號,24.2598,120.7093,True,50,台中,47,12.98,Safe,AQI良好或為室內設施,2026-03-03 19:07:25
東新國小教室,東蘭路1之1號,24.2604,120.8274,True,300,台中,47,20.01,Safe,AQI良好或為室內設施,2026-03-03 19:07:25
公館國民小學操場,中航路2段1號,24.260474,120.59561,False,470,台中,47,14.83,Safe,AQI良好或為室內設施,2026-03-03 19:07:25
頂寮社區活動中心,頂寮里八德東路100號,24.2605,120.5326,True,150,台中,47,19.02,Safe,AQI良好或為室內設施,2026-03-03 19:07:25
北湳里活動中心,豐原區北湳里三環路72號,24.2608,120.7216,True,50,台中,47,13.49,Safe,AQI良好或為室內設施,2026-03-03 19:07:25
葫蘆墩國小,豐原區西湳里葫蘆墩一街250號,24.2611,120.7143,True,500,台中,47,13.27,Safe,AQI良好或為室內設施,2026-03-03 19:07:25
豐陽國中,豐原區南田里朝陽路33號,24.262,120.745,True,200,台中,47,14.63,Safe,AQI良好或為室內設施,2026-03-03 19:07:25
豐洲國小教室,神岡區豐洲里豐洲路482號,24.2623,120.704,True,168,台中,47,13.11,Safe,AQI良好或為室內設施,2026-03-03 19:07:25
社會福利館,石岡區德興里豐勢路 134 號,24.2627,120.8134,True,150,台中,47,19.09,Safe,AQI良好或為室內設施,2026-03-03 19:07:25
翁子里活動中心,豐原區翁子里豐勢路二段290巷12號,24.2629,120.7425,True,100,台中,47,14.59,Safe,AQI良好或為室內設施,2026-03-03 19:07:25
東新國中教室,東環街123號,24.2634,120.8295,True,1300,台中,47,20.38,Safe,AQI良好或為室內設施,2026-03-03 19:07:25
?榔國小禮堂,中央路23-12號,24.2639,120.5451,True,70,台中,47,18.35,Safe,AQI良好或為室內設施,2026-03-03 19:07:25
土牛活動中心,石岡區土牛里德成巷1之2號,24.2655,120.0892,True,40,台中,47,60.7,Safe,AQI良好或為室內設施,2026-03-03 19:07:25
清水國小活動中心,光華路125號,24.2668,120.5732,True,250,台中,47,16.71,Safe,AQI良好或為室內設施,2026-03-03 19:07:25
清水區公所,鎮政路101號,24.2683,120.5596,True,250,台中,47,17.71,Safe,AQI良好或為室內設施,2026-03-03 19:07:25
清水國中學生活動中心---培德樓,鰲峰路250號,24.2683,120.563,True,500,台中,47,17.48,Safe,AQI良好或為室內設施,2026-03-03 19:07:25
西湳里活動中心,豐原區西湳里三豐路799巷133弄8號,24.2685,120.7177,True,100,台中,47,14.16,Safe,AQI良好或為室內設施,2026-03-03 19:07:25
三叉坑社區活動中心,和平區自由里東崎路二段三叉巷8-31號,24.2686,120.8913,True,130,台中,47,25.85,Safe,AQI良好或為室內設施,2026-03-03 19:07:25
清水區老人文康活動中心1樓,清水街2號,24.269,120.5783,True,50,台中,47,16.59,Safe,AQI良好或為室內設施,2026-03-03 19:07:25
鰲峰社區活動中心,大街路138-5號,24.2693,120.5791,True,40,台中,47,16.57,Safe,AQI良好或為室內設施,2026-03-03 19:07:25
吳厝國小地下室1 樓,吳厝路35號,24.2696,120.6047,True,15,台中,47,15.25,Safe,AQI良好或為室內設施,2026-03-03 19:07:25
東湳里活動中心,豐原區東湳里三豐路742巷146弄14號,24.2704,120.7265,True,100,台中,47,14.66,Safe,AQI良好或為室內設施,2026-03-03 19:07:25
金星活動中心,石岡區金星里石岡街下坑巷153號,24.2708,120.7735,True,100,台中,47,17.03,Safe,AQI良好或為室內設施,2026-03-03 19:07:25
建國國小教學行政大樓地下室,建國路10號,24.2712,120.5629,True,200,台中,47,17.74,Safe,AQI良好或為室內設施,2026-03-03 19:07:25
大秀國小--國小禮堂及朝陽樓地下室1樓,武權路336號,24.2718,120.5729,True,170,台中,47,17.17,Safe,AQI良好或為室內設施,2026-03-03 19:07:25
清水紫雲巖文化大樓,光明路35號,24.2722,120.5789,True,300,台中,47,16.85,Safe,AQI良好或為室內設施,2026-03-03 19:07:25
圳堵國小學生活動中心,神岡區圳堵里三民路639號,24.2725,120.6587,True,209,台中,47,13.96,Safe,AQI良好或為室內設施,2026-03-03 19:07:25
梅子活動中心,石岡區梅子里梅子巷65之12號,24.2733,120.7996,True,60,台中,47,18.93,Safe,AQI良好或為室內設施,2026-03-03 19:07:25
朴子里活動中心,豐原區朴子里豐勢路二段535巷119號,24.2736,120.7484,True,50,台中,47,15.92,Safe,AQI良好或為室內設施,2026-03-03 19:07:25
石岡區公所,石岡區九房里豐勢路1033號,24.2748,120.7803,True,60,台中,47,17.8,Safe,AQI良好或為室內設施,2026-03-03 19:07:25
萬興活動中心,石岡區萬興里萬墩街105號,24.2753,120.791,True,60,台中,47,18.52,Safe,AQI良好或為室內設施,2026-03-03 19:07:25
HHH,豐勢路1033號,24.2758,120.7803,True,50,台中,47,17.89,Safe,AQI良好或為室內設施,2026-03-03 19:07:25
西寧國小活動中心,五權東路50號,24.276,120.5754,True,600,台中,47,17.4,Safe,AQI良好或為室內設施,2026-03-03 19:07:25
萬安活動中心,石岡區萬安里石岡街6號3樓,24.276,120.7776,True,20,台中,47,17.74,Safe,AQI良好或為室內設施,2026-03-03 19:07:25
石岡國小籃球場,石岡區石岡里石岡街123號,24.2761,120.7733,False,100,台中,47,17.5,Safe,AQI良好或為室內設施,2026-03-03 19:07:25
東山國小教學大樓地下室,神清路6-1號,24.2763,120.6344,True,70,台中,47,14.84,Safe,AQI良好或為室內設施,2026-03-03 19:07:25
清海國中--弘德樓地下室,中央路51-60號,24.2764,120.5537,True,250,台中,47,18.78,Safe,AQI良好或為室內設施,2026-03-03 19:07:25
峰谷國小南棟教室,峰谷路496號,24.279,120.4318,True,900,台中,47,28.54,Safe,AQI良好或為室內設施,2026-03-03 19:07:25
石城國小教室,石城街182巷26號,24.286,120.7925,True,900,台中,47,19.54,Safe,AQI良好或為室內設施,2026-03-03 19:07:25
"三田國小禮堂1,2樓",三田路4號,24.2899,120.5811,True,400,台中,47,18.38,Safe,AQI良好或為室內設施,2026-03-03 19:07:25
雙崎社區活動中心,和平區自由里東崎路二段71-5號,24.2907,120.9085,True,110,台中,47,28.64,Safe,AQI良好或為室內設施,2026-03-03 19:07:25
大楊國小A棟地下室,鰲海路325號,24.2923,120.6101,True,50,台中,47,17.32,Safe,AQI良好或為室內設施,2026-03-03 19:07:25
舊社社區活動中心,舊社路93號,24.2949,120.7014,True,200,台中,47,16.61,Safe,AQI良好或為室內設施,2026-03-03 19:07:25
后里七星崗營區,寺山路121號,24.2957,120.7355,True,1673,台中,47,17.61,Safe,AQI良好或為室內設施,2026-03-03 19:07:25
墩南社區活動中心,南村路303巷1-8號,24.2964,120.7149,True,120,台中,47,17.06,Safe,AQI良好或為室內設施,2026-03-03 19:07:25
七星國小,南村路389號,24.2966,120.7163,True,693,台中,47,17.11,Safe,AQI良好或為室內設施,2026-03-03 19:07:25
后里南營區,馬場路292號,24.2985,120.7279,True,1244,台中,47,17.65,Safe,AQI良好或為室內設施,2026-03-03 19:07:25
上新社區籃槌球場,"水廠段912,913,916,917,919,920地號",24.2991,120.8345,False,100,台中,47,23.44,Safe,AQI良好或為室內設施,2026-03-03 19:07:25
內灣國小操場,內灣里120號,24.2991,120.8495,False,200,台中,47,24.53,Safe,AQI良好或為室內設施,2026-03-03 19:07:25
上新老人文康中心,3鄰41-2號,24.302705,120.83172,True,100,台中,47,23.54,Safe,AQI良好或為室內設施,2026-03-03 19:07:25
甲南國小北棟地下室1樓,臨海路26號,24.3046,120.5958,True,50,台中,47,19.15,Safe,AQI良好或為室內設施,2026-03-03 19:07:25
清泉國中活動中心,臨海路27-2號,24.306,120.5918,True,150,台中,47,19.46,Safe,AQI良好或為室內設施,2026-03-03 19:07:25
后綜高中,三豐路80號,24.3062,120.7226,True,2083,台中,47,18.31,Safe,AQI良好或為室內設施,2026-03-03 19:07:25
臺中市立后里幼兒園,三光路95號,24.3067,120.7112,True,50,台中,47,18.09,Safe,AQI良好或為室內設施,2026-03-03 19:07:25
后里國中,中眉路169號,24.3071,120.695,True,869,台中,47,17.86,Safe,AQI良好或為室內設施,2026-03-03 19:07:25
墩東社區活動中心,平安路130號,24.3071,120.7155,True,150,台中,47,18.23,Safe,AQI良好或為室內設施,2026-03-03 19:07:25
內埔國小,文化路30號,24.3075,120.7145,True,726,台中,47,18.25,Safe,AQI良好或為室內設施,2026-03-03 19:07:25
墩北社區活動中心,三光路139號,24.308,120.7119,True,120,台中,47,18.24,Safe,AQI良好或為室內設施,2026-03-03 19:07:25
后里社區活動中心,甲后路1段501巷48號,24.3082,120.7206,True,80,台中,47,18.47,Safe,AQI良好或為室內設施,2026-03-03 19:07:25
和平活動中心,三鄰108號,24.3083,121.7483,True,100,宜蘭,33,42.82,Safe,AQI良好或為室內設施,2026-03-03 19:07:25
義里社區活動中心,梅里路11-3號,24.3084,120.7314,True,70,台中,47,18.81,Safe,AQI良好或為室內設施,2026-03-03 19:07:25
后里區立活動中心,文化路32號,24.3089,120.7142,True,200,台中,47,18.39,Safe,AQI良好或為室內設施,2026-03-03 19:07:25
明正國小教室,東蘭路永盛巷57-1號,24.3094,120.7904,True,380,台中,47,21.53,Safe,AQI良好或為室內設施,2026-03-03 19:07:25
后里國小,甲后路110號,24.31,120.7294,True,620,台中,47,18.91,Safe,AQI良好或為室內設施,2026-03-03 19:07:25
育英國小,四月路23號,24.3113,120.6794,True,250,台中,47,18.2,Safe,AQI良好或為室內設施,2026-03-03 19:07:25
卓蘭國小活動中心,中山路125號,24.3122,120.8248,True,200,台中,47,23.87,Safe,AQI良好或為室內設施,2026-03-03 19:07:25
卓蘭國小操場,中山路125號,24.3122,120.8248,False,500,台中,47,23.87,Safe,AQI良好或為室內設施,2026-03-03 19:07:25
高美國小教學行政大樓地下室1樓,護岸路37號,24.3123,120.5622,True,300,台中,47,21.51,Safe,AQI良好或為室內設施,2026-03-03 19:07:25
臺中市立后里幼兒園-太平聯合分所,四月路23之6號,24.3131,120.6776,True,50,台中,47,18.4,Safe,AQI良好或為室內設施,2026-03-03 19:07:25
厚里社區活動中心,九甲路一路259號,24.3135,120.7157,True,150,台中,47,18.92,Safe,AQI良好或為室內設施,2026-03-03 19:07:25
月眉國小,甲后路940號,24.3153,120.6909,True,818,台中,47,18.72,Safe,AQI良好或為室內設施,2026-03-03 19:07:25
泰安社區活動中心,福興路67-1號,24.3218,120.7435,True,100,台中,47,20.62,Safe,AQI良好或為室內設施,2026-03-03 19:07:25
泰安國小,安眉路5號,24.3253,120.7505,True,579,台中,47,21.23,Safe,AQI良好或為室內設施,2026-03-03 19:07:25
水美國小勤學樓,水美路二崁路63號,24.328,120.6339,True,200,台中,47,20.45,Safe,AQI良好或為室內設施,2026-03-03 19:07:25
南澳高中,蘇花路二段301號,24.3322,121.7451,True,245,宜蘭,33,40.19,Safe,AQI良好或為室內設施,2026-03-03 19:07:25
豐原國中,豐原區西湳里三豐路467號,24.3323,120.7298,True,100,台中,47,21.3,Safe,AQI良好或為室內設施,2026-03-03 19:07:25
外埔老人文康活動中心,甲后路499號,24.3324,120.651,True,500,台中,47,20.67,Safe,AQI良好或為室內設施,2026-03-03 19:07:25
農民研習中心大型收容所,六分路499,24.3327,120.6512,True,100,台中,47,20.7,Safe,AQI良好或為室內設施,2026-03-03 19:07:25
公館社區活動中心,三豐路5段352巷163號,24.3329,120.7329,True,150,台中,47,21.45,Safe,AQI良好或為室內設施,2026-03-03 19:07:25
金洋國小,南澳鄉金洋村11號,24.3332,121.7458,True,28,宜蘭,33,40.07,Safe,AQI良好或為室內設施,2026-03-03 19:07:25
澳花和平基督長老教會,南澳鄉澳花村和平路48號,24.333451,121.745835,True,20,宜蘭,33,40.05,Safe,AQI良好或為室內設施,2026-03-03 19:07:25
水美社區活動中心,水美路129號,24.3337,120.6315,True,100,台中,47,21.12,Safe,AQI良好或為室內設施,2026-03-03 19:07:25
坪林社區活動中心,2鄰8之1號,24.3358,120.8761,True,100,台中,47,29.31,Safe,AQI良好或為室內設施,2026-03-03 19:07:25
景山國小操場,5鄰88號,24.3358,120.8763,False,100,台中,47,29.32,Safe,AQI良好或為室內設施,2026-03-03 19:07:25
文武國小體育教室,大甲區武陵里文曲路61號,24.3364,120.6006,True,118,台中,47,22.25,Safe,AQI良好或為室內設施,2026-03-03 19:07:25
桃山社區活動中心,東崎路1段桃山巷39之7號,24.34,120.9357,True,60,台中,47,34.11,Safe,AQI良好或為室內設施,2026-03-03 19:07:25
豐原高中,豐原區南田里水源路150號,24.3401,120.6253,True,210,台中,47,21.95,Safe,AQI良好或為室內設施,2026-03-03 19:07:25
大甲區長青活動中心,大甲區中山里水源路167號,24.3409,120.6269,True,525,台中,47,22.0,Safe,AQI良好或為室內設施,2026-03-03 19:07:25
雙連國小操場,雙連16-1號,24.3449,120.8419,False,100,台中,47,27.78,Safe,AQI良好或為室內設施,2026-03-03 19:07:25
大安國小體育館,大安區中庄里中山南路296號,24.3451,120.5882,True,5119,台中,47,23.6,Safe,AQI良好或為室內設施,2026-03-03 19:07:25
老人文康活動中心,興安路376號,24.3459,120.5895,True,50,台中,47,23.63,Safe,AQI良好或為室內設施,2026-03-03 19:07:25
大安區公所禮堂,大安區中庄里中山南路356號,24.3462,120.5866,True,60,台中,47,23.77,Safe,AQI良好或為室內設施,2026-03-03 19:07:25
梅園村活動中心,6鄰36號,24.3479,120.9304,True,100,台中,47,34.26,Safe,AQI良好或為室內設施,2026-03-03 19:07:25
新開國小操場,新開25號,24.348257,120.826351,False,100,台中,47,27.15,Safe,AQI良好或為室內設施,2026-03-03 19:07:25
新開國小,4鄰新開25號,24.348257,120.826351,True,100,台中,47,27.15,Safe,AQI良好或為室內設施,2026-03-03 19:07:25
文昌國小戶外空地,大甲區孔門里育德路113號,24.3483,120.6242,False,413,台中,47,22.86,Safe,AQI良好或為室內設施,2026-03-03 19:07:25
大甲高工活動中心,大甲區頂店里開元路71號,24.3499,120.6445,True,496,台中,47,22.68,Safe,AQI良好或為室內設施,2026-03-03 19:07:25
大甲國小禮堂,大甲區文武里育德路233號,24.3508,120.6261,True,240,台中,47,23.09,Safe,AQI良好或為室內設施,2026-03-03 19:07:25
豐田國小操場,3鄰36號,24.3517,120.8577,False,200,台中,47,29.38,Safe,AQI良好或為室內設施,2026-03-03 19:07:25
坪林國小操場,7鄰86-2號,24.3526,120.8653,False,200,台中,47,29.95,Safe,AQI良好或為室內設施,2026-03-03 19:07:25
大甲國中活動中心,大甲區文武里育英路186號,24.3536,120.6223,True,491,台中,47,23.48,Safe,AQI良好或為室內設施,2026-03-03 19:07:25
三光國小體育館,大安區龜殼里3鄰中松路297號,24.358,120.6005,True,300,台中,47,24.53,Safe,AQI良好或為室內設施,2026-03-03 19:07:25
景山社區活動中心,5鄰78號,24.3587,120.8671,True,50,台中,47,30.58,Safe,AQI良好或為室內設施,2026-03-03 19:07:25
士林國小,5鄰26號,24.3605,120.947,True,150,台中,47,36.44,Safe,AQI良好或為室內設施,2026-03-03 19:07:25
象鼻村活動中心,1鄰7號,24.360527,120.94702,True,160,台中,47,36.45,Safe,AQI良好或為室內設施,2026-03-03 19:07:25
象鼻村活動中心戶外廣場,1鄰7號,24.362245,120.938938,False,100,台中,47,35.95,Safe,AQI良好或為室內設施,2026-03-03 19:07:25
大安國中體育館,大安區松雅里大安港路691號,24.3652,120.6018,True,1325,台中,47,25.26,Safe,AQI良好或為室內設施,2026-03-03 19:07:25
栗林國小操場,5鄰四份61號,24.373502,120.842715,False,100,台中,47,30.4,Safe,AQI良好或為室內設施,2026-03-03 19:07:25
栗林社區活動中心,5鄰四份61號之2,24.373511,120.842741,True,100,台中,47,30.41,Safe,AQI良好或為室內設施,2026-03-03 19:07:25
武榮社區活動中心,水流東7號,24.3755,120.8646,True,100,台中,47,31.88,Safe,AQI良好或為室內設施,2026-03-03 19:07:25
日南國中體育館,大甲區孟春里中山路二段69-11號,24.3783,120.652,True,539,台中,47,25.73,Safe,AQI良好或為室內設施,2026-03-03 19:07:25
海墘國小體育館,大安區海墘里大安港路1100號,24.3792,120.589,True,2370,台中,47,27.13,Safe,AQI良好或為室內設施,2026-03-03 19:07:25
東興國小操場,下湖37號,24.380718,120.882811,False,100,台中,47,33.48,Safe,AQI良好或為室內設施,2026-03-03 19:07:25
東興國小,下湖37號,24.380728,120.882822,True,100,台中,47,33.48,Safe,AQI良好或為室內設施,2026-03-03 19:07:25
永安國小體育館,大安區永安里東西四路252號,24.3823,120.6063,True,300,台中,47,26.96,Safe,AQI良好或為室內設施,2026-03-03 19:07:25
武榮國小操場,義和村淋漓坪77號,24.382508,120.867425,False,100,台中,47,32.68,Safe,AQI良好或為室內設施,2026-03-03 19:07:25
日南國小禮堂,大甲區幸福里中山路二段568號,24.39,120.6551,True,99,台中,47,27.01,Safe,AQI良好或為室內設施,2026-03-03 19:07:25
細道邦長老教會,1鄰長橋13號,24.3938,120.9203,True,30,台中,47,37.07,Safe,AQI良好或為室內設施,2026-03-03 19:07:25
梅園村活動中心戶外廣場,6鄰36號,24.395274,120.96991,False,100,台中,47,40.74,Safe,AQI良好或為室內設施,2026-03-03 19:07:25
南湖國中操場,蔗部坪1號,24.397403,120.867265,False,200,台中,47,34.0,Safe,AQI良好或為室內設施,2026-03-03 19:07:25
南湖國中,3鄰蔗篰坪12號,24.397403,120.867265,True,200,台中,47,34.0,Safe,AQI良好或為室內設施,2026-03-03 19:07:25
華龍國小戶外空地,大甲區日南里工二路1號,24.406,120.6482,False,2702,台中,47,28.84,Safe,AQI良好或為室內設施,2026-03-03 19:07:25
大湖農工操場,17鄰竹高屋68號,24.42,120.861173,False,150,台中,47,35.75,Safe,AQI良好或為室內設施,2026-03-03 19:07:25
大湖農工,17鄰竹高屋68號,24.42,120.861173,True,150,台中,47,35.75,Safe,AQI良好或為室內設施,2026-03-03 19:07:25
西岐國小有晴館,大甲區西岐里順帆路96號,24.4209,120.629,True,280,台中,47,30.71,Safe,AQI良好或為室內設施,2026-03-03 19:07:25
大興村活動中心,1鄰22號,24.4211,120.9109,True,100,台中,47,38.76,Safe,AQI良好或為室內設施,2026-03-03 19:07:25
大湖國小操場,中正路育英巷11號,24.421425,120.869809,False,100,台中,47,36.36,Safe,AQI良好或為室內設施,2026-03-03 19:07:25
大湖國小,中正路育英巷11號,24.421425,120.869809,True,100,台中,47,36.36,Safe,AQI良好或為室內設施,2026-03-03 19:07:25
大南村辦公處,小南勢71-1號,24.422399,120.8984,True,100,台中,47,38.11,Safe,AQI良好或為室內設施,2026-03-03 19:07:25
大湖鄉老人文康中心,忠孝路69號,24.424989,120.866884,True,100,台中,47,36.53,Safe,AQI良好或為室內設施,2026-03-03 19:07:25
福興里民活動中心,6鄰57-1號,24.4259,120.7277,True,30,台中,47,31.42,Safe,AQI良好或為室內設施,2026-03-03 19:07:25
鄉立武塔村幼兒園,南澳鄉武塔村新溪路溫泉巷7號,24.4259,121.7493,True,22,宜蘭,33,29.77,Safe,AQI良好或為室內設施,2026-03-03 19:07:25
大湖國中操場,民族路80號,24.426432,120.870777,False,100,台中,47,36.88,Safe,AQI良好或為室內設施,2026-03-03 19:07:25
大湖國中,民族路80號,24.426432,120.870777,True,100,台中,47,36.88,Safe,AQI良好或為室內設施,2026-03-03 19:07:25
新隆國小操場,2鄰18號,24.4297,120.809,False,20,台中,47,34.23,Safe,AQI良好或為室內設施,2026-03-03 19:07:25
新隆國小,2鄰18號,24.4297,120.809,True,50,台中,47,34.23,Safe,AQI良好或為室內設施,2026-03-03 19:07:25
南山活動中心,泰雅一路61巷5號,24.4386,121.371,True,92,宜蘭,33,49.31,Safe,AQI良好或為室內設施,2026-03-03 19:07:25
金岳國小,南澳鄉金岳村金岳路2號,24.4456,121.7692,True,28,宜蘭,33,27.5,Safe,AQI良好或為室內設施,2026-03-03 19:07:25
武塔國小,南澳鄉武塔村新溪路1號,24.445655,121.777599,True,30,宜蘭,33,27.5,Safe,AQI良好或為室內設施,2026-03-03 19:07:25
清安村活動中心,2鄰80號,24.4478,120.9074,True,110,台中,47,40.93,Safe,AQI良好或為室內設施,2026-03-03 19:07:25
南澳村辦公處,南澳鄉南澳村中正路25號,24.4488,121.7778,True,15,宜蘭,33,27.15,Safe,AQI良好或為室內設施,2026-03-03 19:07:25
富民社區活動中心戶外廣場,2鄰80號,24.44902,120.899611,False,100,台中,47,40.59,Safe,AQI良好或為室內設施,2026-03-03 19:07:25
朝陽社區活動中心,朝陽路40號,24.4615,121.8158,True,72,宜蘭,33,26.14,Safe,AQI良好或為室內設施,2026-03-03 19:07:25
興隆國小操場,117號,24.4629,120.812,False,20,台中,47,37.75,Safe,AQI良好或為室內設施,2026-03-03 19:07:25
興隆國小,117號,24.4629,120.812,True,50,台中,47,37.75,Safe,AQI良好或為室內設施,2026-03-03 19:07:25
南強社區活動中心,南澳路1號,24.4635,121.8059,True,49,宜蘭,33,25.76,Safe,AQI良好或為室內設施,2026-03-03 19:07:25
通霄鎮綜合活動中心,信義路248號,24.4638,120.7449,True,200,台中,47,35.88,Safe,AQI良好或為室內設施,2026-03-03 19:07:25
文峰國小操場,樟樹12之1號,24.4645,120.7858,False,20,台中,47,37.02,Safe,AQI良好或為室內設施,2026-03-03 19:07:25
文峰國小,樟樹12之1號,24.4645,120.7858,True,50,台中,47,37.02,Safe,AQI良好或為室內設施,2026-03-03 19:07:25
蓬萊國小,南澳路85號,24.4647,121.803,True,50,宜蘭,33,25.59,Safe,AQI良好或為室內設施,2026-03-03 19:07:25
錦水村活動中心,5鄰29號,24.4652,120.9428,True,80,新竹,42,38.84,Safe,AQI良好或為室內設施,2026-03-03 19:07:25
南澳鄉公所二樓,蘇花路二段381號,24.466067,121.803634,True,30,宜蘭,33,25.44,Safe,AQI良好或為室內設施,2026-03-03 19:07:25
錦水村活動中心戶外廣場,5鄰29號,24.46710665,120.9346559,False,120,新竹,42,38.69,Safe,AQI良好或為室內設施,2026-03-03 19:07:25
金洋社區活動中心,南澳鄉金洋村博愛路3號,24.4673,121.8006,True,23,宜蘭,33,25.27,Safe,AQI良好或為室內設施,2026-03-03 19:07:25
南澳國小,南澳鄉南澳村中正路15號,24.467509,121.801149,True,75,宜蘭,33,25.25,Safe,AQI良好或為室內設施,2026-03-03 19:07:25
南衡宮,5鄰北庄28號,24.4716,120.8865,True,50,新竹,42,38.92,Safe,AQI良好或為室內設施,2026-03-03 19:07:25
九湖國小操場,10鄰91之1號,24.473,120.7764,False,20,台中,47,37.64,Safe,AQI良好或為室內設施,2026-03-03 19:07:25
九湖國小,10鄰91之1號,24.473,120.7764,True,50,台中,47,37.64,Safe,AQI良好或為室內設施,2026-03-03 19:07:25
碧候國小,南澳鄉碧候村信自覺巷38號,24.474443,121.784722,True,43,宜蘭,33,24.33,Safe,AQI良好或為室內設施,2026-03-03 19:07:25
豐林國小,4鄰八角林56號,24.4766,120.8913,False,400,新竹,42,38.28,Safe,AQI良好或為室內設施,2026-03-03 19:07:25
新豐村活動中心,3鄰八角林39-1號,24.4789,120.8939,True,120,新竹,42,37.97,Safe,AQI良好或為室內設施,2026-03-03 19:07:25
城南社區活動中心,1鄰123-1號,24.4838,120.6826,True,30,台中,47,37.38,Safe,AQI良好或為室內設施,2026-03-03 19:07:25
銅鑼灣會館,新興路78號,24.4851,120.7855,True,70,台中,47,39.19,Safe,AQI良好或為室內設施,2026-03-03 19:07:25
通霄國小,中正路12號,24.4869,120.6786,False,200,台中,47,37.72,Safe,AQI良好或為室內設施,2026-03-03 19:07:25
豐林社區活動中心,10鄰24號,24.4884,120.9005,True,250,新竹,42,36.81,Safe,AQI良好或為室內設施,2026-03-03 19:07:25
八卦村活動中心,3鄰50號,24.4896,120.9325,True,40,新竹,42,36.22,Safe,AQI良好或為室內設施,2026-03-03 19:07:25
中興國小操場,150號,24.4899,120.8028,False,20,新竹,42,39.68,Safe,AQI良好或為室內設施,2026-03-03 19:07:25
中興國小,150號,24.4899,120.8028,True,50,新竹,42,39.68,Safe,AQI良好或為室內設施,2026-03-03 19:07:25
四季活動中心,大同鄉南山村4鄰埤南巷9-1號,24.4899,121.4182,True,88,宜蘭,33,42.17,Safe,AQI良好或為室內設施,2026-03-03 19:07:25
通霄國中,中山路190巷1號,24.4908,120.6833,False,200,台中,47,38.16,Safe,AQI良好或為室內設施,2026-03-03 19:07:25
銅鑼國小操場,文化街1號,24.4908,120.7913,False,20,台中,47,39.97,Safe,AQI良好或為室內設施,2026-03-03 19:07:25
銅鑼國小,文化街1號,24.4908,120.7913,True,50,台中,47,39.97,Safe,AQI良好或為室內設施,2026-03-03 19:07:25
八卦村活動中心戶外操場,3鄰50號,24.49132664,120.9243031,False,200,新竹,42,36.12,Safe,AQI良好或為室內設施,2026-03-03 19:07:25
苗栗縣青少年服務中心暨平安社區活動中心,平元55-6號,24.495102,120.691288,True,150,台中,47,38.67,Safe,AQI良好或為室內設施,2026-03-03 19:07:25
竹森社區活動中心,4鄰22-1號,24.5041,120.7829,True,50,新竹,42,39.17,Safe,AQI良好或為室內設施,2026-03-03 19:07:25
廣德宮廣場,4鄰22號,24.5045,120.7828,False,30,新竹,42,39.13,Safe,AQI良好或為室內設施,2026-03-03 19:07:25
公館鄉公所,14鄰368-10號,24.505958,120.828396,True,300,新竹,42,37.0,Safe,AQI良好或為室內設施,2026-03-03 19:07:25
公館鄉老人文康中心,4鄰124號,24.515114,120.824346,True,300,新竹,42,36.23,Safe,AQI良好或為室內設施,2026-03-03 19:07:25
東澳社區活動中心,東澳路103號,24.516,121.8346,True,42,宜蘭,33,20.71,Safe,AQI良好或為室內設施,2026-03-03 19:07:25
東澳國小,南澳鄉東岳村蘇花路3段209號,24.52148,121.832701,True,38,宜蘭,33,20.07,Safe,AQI良好或為室內設施,2026-03-03 19:07:25
東岳村災民收容中心,南澳鄉東岳村蘇花路3段139巷8弄7號1樓,24.5216,121.833,True,27,宜蘭,33,20.07,Safe,AQI良好或為室內設施,2026-03-03 19:07:25
南勢社區活動中心,8鄰新勝8-1號,24.5235,120.7924,True,30,新竹,42,36.81,Safe,AQI良好或為室內設施,2026-03-03 19:07:25
五湖社區活動中心,13鄰194-4號,24.5246,120.7704,True,50,新竹,42,37.83,Safe,AQI良好或為室內設施,2026-03-03 19:07:25
和興社區活動中心,8鄰13號,24.5263,120.9146,True,150,新竹,42,32.41,Safe,AQI良好或為室內設施,2026-03-03 19:07:25
四湖社區活動中心,4鄰11號,24.5312,120.745,True,50,新竹,42,38.64,Safe,AQI良好或為室內設施,2026-03-03 19:07:25
茂安活動中心,大同鄉四季村5鄰和勳巷2號,24.5315,121.4516,True,90,宜蘭,33,36.9,Safe,AQI良好或為室內設施,2026-03-03 19:07:25
義民廟,4鄰46號,24.539236,120.920102,True,300,新竹,42,30.9,Safe,AQI良好或為室內設施,2026-03-03 19:07:25
獅潭國小,11鄰129號,24.540041,120.921017,False,300,新竹,42,30.8,Safe,AQI良好或為室內設施,2026-03-03 19:07:25
水源社區活動中心,中正路1151號,24.5405,120.8165,True,15,新竹,42,34.0,Safe,AQI良好或為室內設施,2026-03-03 19:07:25
新店村活動中心,4鄰46-1號,24.5421,120.9215,True,100,新竹,42,30.57,Safe,AQI良好或為室內設施,2026-03-03 19:07:25
蓬萊國小室外,19鄰紅毛館118號,24.5428,120.9708,False,100,新竹,42,30.14,Safe,AQI良好或為室內設施,2026-03-03 19:07:25
蓬萊國小室內,19鄰紅毛館118號,24.542802,120.970819,True,40,新竹,42,30.14,Safe,AQI良好或為室內設施,2026-03-03 19:07:25
勝利社區活動中心,復興路1段492號,24.5445,120.8234,True,40,新竹,42,33.3,Safe,AQI良好或為室內設施,2026-03-03 19:07:25
獅潭國中,21號,24.545,120.9229,True,300,新竹,42,30.23,Safe,AQI良好或為室內設施,2026-03-03 19:07:25
恭敬社區活動中心,7鄰恭敬路77-1號,24.5461,120.8155,True,35,新竹,42,33.5,Safe,AQI良好或為室內設施,2026-03-03 19:07:25
國立聯合大學活動中心,聯大1號,24.5464,120.816,True,100,新竹,42,33.44,Safe,AQI良好或為室內設施,2026-03-03 19:07:25
國立聯合大學操場,聯大一號,24.5464,120.816,False,200,新竹,42,33.44,Safe,AQI良好或為室內設施,2026-03-03 19:07:25
高苗里活動中心,22鄰松園1號,24.549403,120.811818,True,300,新竹,42,33.34,Safe,AQI良好或為室內設施,2026-03-03 19:07:25
大同國小活動中心,大同路80號,24.5528,120.815,True,100,新竹,42,32.86,Safe,AQI良好或為室內設施,2026-03-03 19:07:25
大同國小操場,大同路80號,24.5528,120.815,False,200,新竹,42,32.86,Safe,AQI良好或為室內設施,2026-03-03 19:07:25
維新社區活動中心,僑育北街62號1樓,24.5535,120.8256,True,20,新竹,42,32.3,Safe,AQI良好或為室內設施,2026-03-03 19:07:25
新英社區活動中心,15鄰新英108-2號,24.5548,120.8077,True,30,新竹,42,33.02,Safe,AQI良好或為室內設施,2026-03-03 19:07:25
苗栗市老人文康中心室外草皮,福星山21號,24.5556,120.8142,False,100,新竹,42,32.62,Safe,AQI良好或為室內設施,2026-03-03 19:07:25
苗栗市老人文康中心室內空間,福星山21號,24.5556,120.8142,True,150,新竹,42,32.62,Safe,AQI良好或為室內設施,2026-03-03 19:07:25
苗栗農工活動中心,經國路2段491號,24.5564,120.8341,True,100,新竹,42,31.64,Safe,AQI良好或為室內設施,2026-03-03 19:07:25
苗栗農工操場,經國路2段491號,24.5564,120.8341,False,300,新竹,42,31.64,Safe,AQI良好或為室內設施,2026-03-03 19:07:25
西湖鄉農特產品展售綜合活動中心,1鄰店仔街4之1號,24.5589,120.7562,True,200,新竹,42,35.48,Safe,AQI良好或為室內設施,2026-03-03 19:07:25
西湖鄉農特產品展售綜合活動中心戶外草坪,店仔街4之1號,24.5589,120.7562,False,300,新竹,42,35.48,Safe,AQI良好或為室內設施,2026-03-03 19:07:25
西湖鄉立體育館,2鄰24-9號,24.559,120.7569,True,100,新竹,42,35.43,Safe,AQI良好或為室內設施,2026-03-03 19:07:25
中苗社區活動中心,13鄰長春街42巷45號,24.5593,120.8204,True,25,新竹,42,31.96,Safe,AQI良好或為室內設施,2026-03-03 19:07:25
秀巒村集會所,4鄰8號,24.5601,121.2855,True,50,新竹,42,42.76,Safe,AQI良好或為室內設施,2026-03-03 19:07:25
永興村活動中心,3鄰17-1號,24.5608,120.931,True,150,新竹,42,28.37,Safe,AQI良好或為室內設施,2026-03-03 19:07:25
福麗社區活動中心,8鄰32-1號,24.5613,120.8163,True,30,新竹,42,31.96,Safe,AQI良好或為室內設施,2026-03-03 19:07:25
建功國小操場,中正路241號,24.5642,120.8243,False,300,新竹,42,31.3,Safe,AQI良好或為室內設施,2026-03-03 19:07:25
文山國小活動中心,6鄰41號,24.5671,120.8133,True,80,新竹,42,31.55,Safe,AQI良好或為室內設施,2026-03-03 19:07:25
文山國小操場,4鄰41號,24.5671,120.8133,False,150,新竹,42,31.55,Safe,AQI良好或為室內設施,2026-03-03 19:07:25
玉苗社區活動中心,13鄰光復路210號,24.5697,120.8244,True,30,新竹,42,30.75,Safe,AQI良好或為室內設施,2026-03-03 19:07:25
北苗聯合社區活動中心室內空間,中華路45號2樓,24.5711,120.8248,True,100,新竹,42,30.6,Safe,AQI良好或為室內設施,2026-03-03 19:07:25
北苗聯合社區活動中心室外停車場,中華路45號,24.5711,120.8248,False,200,新竹,42,30.6,Safe,AQI良好或為室內設施,2026-03-03 19:07:25
鎮西堡長老教會,9鄰28號,24.5732,121.302,True,80,新竹,42,43.1,Safe,AQI良好或為室內設施,2026-03-03 19:07:25
玉峰村集會所,5鄰38號,24.5735,121.3656,True,50,宜蘭,33,43.03,Safe,AQI良好或為室內設施,2026-03-03 19:07:25
永興國小,6鄰55-1號,24.5737,120.9365,True,400,新竹,42,26.88,Safe,AQI良好或為室內設施,2026-03-03 19:07:25
南安國中,學府路117號,24.576,121.8689,True,82,宜蘭,33,16.37,Safe,AQI良好或為室內設施,2026-03-03 19:07:25
永樂社區活動中心,永樂路116巷6號,24.5762,121.8414,True,74,宜蘭,33,14.82,Safe,AQI良好或為室內設施,2026-03-03 19:07:25
苗栗縣頭屋國小操場,中山街15號,24.5764,120.8509,False,100,新竹,42,28.91,Safe,AQI良好或為室內設施,2026-03-03 19:07:25
苗栗縣頭屋國小活動中心,中山街15號?,24.5764,120.8509,True,150,新竹,42,28.91,Safe,AQI良好或為室內設施,2026-03-03 19:07:25
苗栗縣頭屋國中操場,中正街86巷14號,24.577,120.8534,False,100,新竹,42,28.74,Safe,AQI良好或為室內設施,2026-03-03 19:07:25
苗栗縣頭屋國中活動中心,中正街86巷14號?,24.577,120.8534,True,100,新竹,42,28.74,Safe,AQI良好或為室內設施,2026-03-03 19:07:25
永樂國小,永樂路1號,24.5786,121.8461,True,34,宜蘭,33,14.83,Safe,AQI良好或為室內設施,2026-03-03 19:07:25
南安國小,學府路122號,24.5789,121.8684,True,69,宜蘭,33,16.08,Safe,AQI良好或為室內設施,2026-03-03 19:07:25
福星國小活動中心,中華東街62號,24.5791,120.826,True,80,新竹,42,29.76,Safe,AQI良好或為室內設施,2026-03-03 19:07:25
福星國小操場,中華東街62號,24.5791,120.826,False,150,新竹,42,29.76,Safe,AQI良好或為室內設施,2026-03-03 19:07:25
昭安社區活動中心,內埤路117巷2號,24.5794,121.8599,True,51,宜蘭,33,15.52,Safe,AQI良好或為室內設施,2026-03-03 19:07:25
南興社區活動中心,華山七巷16之2號,24.5798,121.8663,True,33,宜蘭,33,15.87,Safe,AQI良好或為室內設施,2026-03-03 19:07:25
百壽村活動中心,7鄰42-1號,24.5799,120.9415,True,60,新竹,42,26.14,Safe,AQI良好或為室內設施,2026-03-03 19:07:25
頭屋鄉老人文康活動中心,7鄰象山路82-1號,24.581,120.8661,True,50,新竹,42,27.84,Safe,AQI良好或為室內設施,2026-03-03 19:07:25
南寧社區活動中心,南新路9號,24.5812,121.8695,True,37,宜蘭,33,15.95,Safe,AQI良好或為室內設施,2026-03-03 19:07:25
白米社區活動中心,永春路134巷11之1號,24.5826,121.8454,True,40,宜蘭,33,14.41,Safe,AQI良好或為室內設施,2026-03-03 19:07:25
南成社區活動中心,民生路15號,24.583,121.864,True,34,宜蘭,33,15.45,Safe,AQI良好或為室內設施,2026-03-03 19:07:25
中和國小操場,中和里14鄰152號,24.588097,120.734732,False,300,新竹,42,34.39,Safe,AQI良好或為室內設施,2026-03-03 19:07:25
中和國小綜合教室,中和里14鄰152號,24.5881,120.7347,True,90,新竹,42,34.39,Safe,AQI良好或為室內設施,2026-03-03 19:07:25
養老天主堂,養老12鄰9號,24.589,121.2674,True,40,新竹,42,39.28,Safe,AQI良好或為室內設施,2026-03-03 19:07:25
士敏國小,光明路8號,24.5923,121.8537,True,55,宜蘭,33,13.99,Safe,AQI良好或為室內設施,2026-03-03 19:07:25
長安社區活動中心,勝利路1-1號,24.5928,121.8541,True,93,宜蘭,33,13.97,Safe,AQI良好或為室內設施,2026-03-03 19:07:25
蘇西社區活動中心,志成路62號,24.5939,121.8412,True,51,宜蘭,33,13.12,Safe,AQI良好或為室內設施,2026-03-03 19:07:25
永光社區活動中心,蘇港路85號,24.594,121.8521,True,114,宜蘭,33,13.75,Safe,AQI良好或為室內設施,2026-03-03 19:07:25
蘇澳海事,蘇港路213號,24.5941,121.8456,True,132,宜蘭,33,13.35,Safe,AQI良好或為室內設施,2026-03-03 19:07:25
南江村社區活動中心,22鄰55-1號,24.5943,121.0001,True,50,新竹,42,24.63,Safe,AQI良好或為室內設施,2026-03-03 19:07:25
蘇澳鎮公所,蘇港路215號,24.5944,121.8422,True,70,宜蘭,33,13.13,Safe,AQI良好或為室內設施,2026-03-03 19:07:25
聖湖社區活動中心,全祿街10號,24.5947,121.8345,True,99,宜蘭,33,12.69,Safe,AQI良好或為室內設施,2026-03-03 19:07:25
桃山村辦公處,3鄰52-1號,24.5948,121.1088,True,60,新竹,42,28.23,Safe,AQI良好或為室內設施,2026-03-03 19:07:25
蘇澳國中,中山路二段1號,24.5953,121.8354,True,67,宜蘭,33,12.68,Safe,AQI良好或為室內設施,2026-03-03 19:07:25
蘇東社區活動中心,蘇花路5段101巷1號,24.5956,121.8544,True,35,宜蘭,33,13.75,Safe,AQI良好或為室內設施,2026-03-03 19:07:25
蘇澳國小,中山路一段366號,24.5967,121.8413,True,72,宜蘭,33,12.87,Safe,AQI良好或為室內設施,2026-03-03 19:07:25
蘇北社區活動中心,新生路8號,24.5968,121.8505,True,28,宜蘭,33,13.4,Safe,AQI良好或為室內設施,2026-03-03 19:07:25
東村社區第二活動中心,大同路1-1號,24.5969,121.0009,True,60,新竹,42,24.35,Safe,AQI良好或為室內設施,2026-03-03 19:07:25
鄉公所廣場後,大同路1號,24.597,121.0003,False,50,新竹,42,24.33,Safe,AQI良好或為室內設施,2026-03-03 19:07:25
鄉公所廣場前,大同路3號,24.597,121.0003,False,150,新竹,42,24.33,Safe,AQI良好或為室內設施,2026-03-03 19:07:25
蘇南社區活動中心,光復路27巷4號,24.5971,121.8526,True,44,宜蘭,33,13.5,Safe,AQI良好或為室內設施,2026-03-03 19:07:25
公有零售市場二樓,民生街13號,24.5983,120.9991,True,100,新竹,42,24.17,Safe,AQI良好或為室內設施,2026-03-03 19:07:25
樂水活動中心,大同鄉茂安村1鄰志航15-1號,24.599,121.5301,True,99,宜蘭,33,26.44,Safe,AQI良好或為室內設施,2026-03-03 19:07:25
龍德社區活動中心,福德路177巷27號,24.6,121.8,True,140,宜蘭,33,10.75,Safe,AQI良好或為室內設施,2026-03-03 19:07:25
南庄國小,文化路3號,24.6004,120.9993,False,300,新竹,42,23.95,Safe,AQI良好或為室內設施,2026-03-03 19:07:25
龍坑國小教室,龍坑里十班坑158號,24.6019,120.7782,True,80,新竹,42,30.35,Safe,AQI良好或為室內設施,2026-03-03 19:07:25
龍坑國小操場,龍坑里十班坑158號,24.601926,120.778154,False,200,新竹,42,30.35,Safe,AQI良好或為室內設施,2026-03-03 19:07:25
同光國小操場,龍津里10鄰同興94號,24.610127,120.761765,False,200,新竹,42,30.74,Safe,AQI良好或為室內設施,2026-03-03 19:07:25
同光國小綜合教室,龍津里10鄰同興94號,24.6105,120.7632,True,100,新竹,42,30.61,Safe,AQI良好或為室內設施,2026-03-03 19:07:25
寒溪活動中心,8鄰寒溪巷5號,24.611,121.6779,True,122,宜蘭,33,13.06,Safe,AQI良好或為室內設施,2026-03-03 19:07:25
維真國中活動中心,中山路252號,24.6121,120.7946,True,100,新竹,42,28.43,Safe,AQI良好或為室內設施,2026-03-03 19:07:25
岳明社區活動中心,岳明新村91號,24.6122,121.8502,True,40,宜蘭,33,12.06,Safe,AQI良好或為室內設施,2026-03-03 19:07:25
維真國中操場,中山路252號,24.612202,120.794682,False,500,新竹,42,28.41,Safe,AQI良好或為室內設施,2026-03-03 19:07:25
新港國中小活動中心,頂東路30號,24.6128,120.8194,True,100,新竹,42,26.89,Safe,AQI良好或為室內設施,2026-03-03 19:07:25
新港國中小操場,頂東路30號,24.612828,120.819422,False,500,新竹,42,26.89,Safe,AQI良好或為室內設施,2026-03-03 19:07:25
苗栗縣後龍鎮公所,中山路152號,24.613344,120.792076,True,100,新竹,42,28.47,Safe,AQI良好或為室內設施,2026-03-03 19:07:25
岳明國小,嶺腳路140號,24.6135,121.8531,True,63,宜蘭,33,12.15,Safe,AQI良好或為室內設施,2026-03-03 19:07:25
苗栗縣老人福利服務中心,中心路121-5號,24.61375,120.814498,True,200,新竹,42,27.09,Safe,AQI良好或為室內設施,2026-03-03 19:07:25
後龍國小教室,成功路254號,24.6138,120.7961,True,100,新竹,42,28.18,Safe,AQI良好或為室內設施,2026-03-03 19:07:25
後龍國小操場,成功路254號,24.613833,120.796137,False,500,新竹,42,28.18,Safe,AQI良好或為室內設施,2026-03-03 19:07:25
中龍里活動中心,13鄰中南街167號,24.614455,120.787967,True,50,新竹,42,28.64,Safe,AQI良好或為室內設施,2026-03-03 19:07:25
北龍里活動中心,7鄰東門街151號,24.6154,120.7908,True,50,新竹,42,28.38,Safe,AQI良好或為室內設施,2026-03-03 19:07:25
隘丁社區活動中心,城中路40號,24.6158,121.837,True,47,宜蘭,33,10.89,Safe,AQI良好或為室內設施,2026-03-03 19:07:25
後龍國中操場,23鄰勝利街250號,24.616631,120.784618,False,500,新竹,42,28.67,Safe,AQI良好或為室內設施,2026-03-03 19:07:25
北埔社區活動中心,3鄰下林坪40號,24.6167,120.9478,True,60,新竹,42,22.01,Safe,AQI良好或為室內設施,2026-03-03 19:07:25
後龍國中活動中心,23鄰勝利街250號,24.616762,120.785149,True,80,新竹,42,28.62,Safe,AQI良好或為室內設施,2026-03-03 19:07:25
文化國中,新馬路2號,24.6179,121.8328,True,61,宜蘭,33,10.45,Safe,AQI良好或為室內設施,2026-03-03 19:07:25
田美社區活動中心,田美153號,24.6197,120.9948,True,30,新竹,42,21.76,Safe,AQI良好或為室內設施,2026-03-03 19:07:25
慶安廟活動中心,慶安路1號,24.6204,121.8272,True,42,宜蘭,33,9.89,Safe,AQI良好或為室內設施,2026-03-03 19:07:25
溪洲國小操場,87-3號,24.620956,120.776741,False,500,新竹,42,28.83,Safe,AQI良好或為室內設施,2026-03-03 19:07:25
永榮社區活動中心,和平路51號,24.6212,121.8362,True,78,宜蘭,33,10.38,Safe,AQI良好或為室內設施,2026-03-03 19:07:25
馬賽國小,大同路108號,24.6219,121.8349,True,63,宜蘭,33,10.23,Safe,AQI良好或為室內設施,2026-03-03 19:07:25
頂寮文教活動中心,頂寮路2號,24.623428,121.838037,True,170,宜蘭,33,10.31,Safe,AQI良好或為室內設施,2026-03-03 19:07:25
造橋鄉綜合活動中心-室內,慈聖路二段322巷1號,24.6236,120.8875,True,60,新竹,42,22.64,Safe,AQI良好或為室內設施,2026-03-03 19:07:25
造橋鄉綜合活動中心-室外,慈聖路二段322巷1號,24.6236,120.8875,False,150,新竹,42,22.64,Safe,AQI良好或為室內設施,2026-03-03 19:07:25
福德社區活動中心,思村路9號,24.6249,121.832,True,60,宜蘭,33,9.79,Safe,AQI良好或為室內設施,2026-03-03 19:07:25
大興社區活動中心,振安路5號2樓,24.6253,121.8106,True,50,宜蘭,33,8.54,Safe,AQI良好或為室內設施,2026-03-03 19:07:25
竹林村辦公處,1鄰13號,24.6254,121.1486,True,40,新竹,42,27.81,Safe,AQI良好或為室內設施,2026-03-03 19:07:25
存仁社區活動中心,存仁路199之1號,24.6262,121.8419,True,55,宜蘭,33,10.35,Safe,AQI良好或為室內設施,2026-03-03 19:07:25
大河社區活動中心,7鄰60-1號,24.6266,120.9064,True,70,新竹,42,21.71,Safe,AQI良好或為室內設施,2026-03-03 19:07:25
香和社區活動中心,香和路138巷24號,24.6276,121.7975,True,56,宜蘭,33,7.76,Safe,AQI良好或為室內設施,2026-03-03 19:07:25
南富社區活動中心,13鄰14號,24.6297,120.9708,True,50,新竹,42,20.47,Safe,AQI良好或為室內設施,2026-03-03 19:07:25
東城社區活動中心,東城路280號,24.6297,121.8063,True,107,宜蘭,33,7.9,Safe,AQI良好或為室內設施,2026-03-03 19:07:25
員林社區活動中心,15鄰52號,24.6318,120.9634,True,50,新竹,42,20.24,Safe,AQI良好或為室內設施,2026-03-03 19:07:25
復興活動中心,大同鄉樂水村5鄰碼崙46號,24.6318,121.6064,True,92,宜蘭,33,17.92,Safe,AQI良好或為室內設施,2026-03-03 19:07:25
五峰活動中心,6鄰98號2樓,24.6321,121.1194,True,110,新竹,42,25.37,Safe,AQI良好或為室內設施,2026-03-03 19:07:25
成功國小操場,水尾里12鄰104-1號,24.63268,120.761747,False,300,新竹,42,28.94,Safe,AQI良好或為室內設施,2026-03-03 19:07:25
太和社區活動中心,太和路248號,24.6327,121.7734,True,98,宜蘭,33,6.7,Safe,AQI良好或為室內設施,2026-03-03 19:07:25
大進社區活動中心,大進九路50號,24.6332,121.7121,True,135,宜蘭,33,8.88,Safe,AQI良好或為室內設施,2026-03-03 19:07:25
南興社區活動中心,冬山路98之2號,24.6333,121.7938,True,85,宜蘭,33,7.03,Safe,AQI良好或為室內設施,2026-03-03 19:07:25
獅山社區第二活動中心,15鄰166-2號,24.6343,121.0135,True,50,新竹,42,20.49,Safe,AQI良好或為室內設施,2026-03-03 19:07:25
安平社區活動中心,安平路23號,24.6346,121.7893,True,52,宜蘭,33,6.76,Safe,AQI良好或為室內設施,2026-03-03 19:07:25
濫坑社區活動中心,4鄰藤坪44號,24.6354,120.8836,True,55,新竹,42,21.57,Safe,AQI良好或為室內設施,2026-03-03 19:07:25
冬山社區活動中心,中正路20號,24.6359,121.7903,True,46,宜蘭,33,6.65,Safe,AQI良好或為室內設施,2026-03-03 19:07:25
八寶社區活動中心,八寶路29號,24.638,121.7675,True,65,宜蘭,33,6.11,Safe,AQI良好或為室內設施,2026-03-03 19:07:25
造橋鄉造橋國中-室外,1鄰老庄27號,24.6392,120.8563,False,300,新竹,42,22.43,Safe,AQI良好或為室內設施,2026-03-03 19:07:25
造橋鄉造橋國中-室內,1鄰老庄27號,24.6392,120.8563,True,300,新竹,42,22.43,Safe,AQI良好或為室內設施,2026-03-03 19:07:25
育英國小,福德路134號,24.6402,121.833,True,80,宜蘭,33,8.62,Safe,AQI良好或為室內設施,2026-03-03 19:07:25
秀巒國小田埔分校,1鄰田埔5號,24.6414,121.2785,True,60,新竹,42,36.8,Safe,AQI良好或為室內設施,2026-03-03 19:07:25
丸山社區活動中心,港尾路98號,24.6425,121.7662,True,154,宜蘭,33,5.62,Safe,AQI良好或為室內設施,2026-03-03 19:07:25
珍珠社區活動中心,富農路1段383巷50號,24.6434,121.7942,True,54,宜蘭,33,6.0,Safe,AQI良好或為室內設施,2026-03-03 19:07:25
三奇社區活動中心,成興路812號,24.6435,121.814,True,40,宜蘭,33,7.04,Safe,AQI良好或為室內設施,2026-03-03 19:07:25
補城社區活動中心,建進2路29號,24.6436,121.8023,True,41,宜蘭,33,6.35,Safe,AQI良好或為室內設施,2026-03-03 19:07:25
梅花社區活動中心,下湖路398號,24.6447,121.7529,True,78,宜蘭,33,5.65,Safe,AQI良好或為室內設施,2026-03-03 19:07:25
成興社區老人活動中心,蘇澳鎮頂寮路20巷2號,24.6447,121.8327,True,121,宜蘭,33,8.26,Safe,AQI良好或為室內設施,2026-03-03 19:07:25
大山國小操場,7鄰龍山路109號,24.645529,120.809726,False,300,新竹,42,24.58,Safe,AQI良好或為室內設施,2026-03-03 19:07:25
大山國小教室,7鄰龍山路109號,24.6457,120.8095,True,100,新竹,42,24.58,Safe,AQI良好或為室內設施,2026-03-03 19:07:25
花園村集會所,8鄰177號,24.6464,121.1597,True,100,新竹,42,26.89,Safe,AQI良好或為室內設施,2026-03-03 19:07:25
上巴陵真耶穌教會,9鄰40號,24.648007,121.411331,True,80,宜蘭,33,36.63,Safe,AQI良好或為室內設施,2026-03-03 19:07:25
中山社區活動中心,11鄰尖豐路578巷56弄1號,24.6485,120.8826,True,60,新竹,42,20.28,Safe,AQI良好或為室內設施,2026-03-03 19:07:25
外埔國小教室,6鄰外埔18-9號,24.6508,120.779,True,70,新竹,42,26.29,Safe,AQI良好或為室內設施,2026-03-03 19:07:25
外埔國小操場,6鄰外埔18-9號,24.650822,120.77902,False,300,新竹,42,26.28,Safe,AQI良好或為室內設施,2026-03-03 19:07:25
永和社區活動中心,石馬店17號,24.6527,120.9564,True,50,新竹,42,17.95,Safe,AQI良好或為室內設施,2026-03-03 19:07:25
成興村老人福利中心,利成路一段185號,24.6532,121.8263,True,539,宜蘭,33,7.16,Safe,AQI良好或為室內設施,2026-03-03 19:07:25
順安社區活動中心,義成路2段378巷87號,24.6533,121.7647,True,222,宜蘭,33,4.44,Safe,AQI良好或為室內設施,2026-03-03 19:07:25
獅山遊客中心,六寮60-8號,24.65533,121.02454,True,25,新竹,42,18.54,Safe,AQI良好或為室內設施,2026-03-03 19:07:25
文英國中操場,200號,24.655468,120.880566,False,150,新竹,42,19.67,Safe,AQI良好或為室內設施,2026-03-03 19:07:25
石磊國小,1鄰1號,24.6555,121.3264,True,100,桃園,38,37.68,Safe,AQI良好或為室內設施,2026-03-03 19:07:25
永美社區活動中心,永興路1段189號,24.6555,121.771,True,30,宜蘭,33,4.16,Safe,AQI良好或為室內設施,2026-03-03 19:07:25
松羅活動中心,大同鄉松羅村南巷81-10號,24.6556,121.5789,True,86,宜蘭,33,19.8,Safe,AQI良好或為室內設施,2026-03-03 19:07:25
內灣社區活動中心,9鄰16-1號,24.6557,120.955,True,50,新竹,42,17.63,Safe,AQI良好或為室內設施,2026-03-03 19:07:25
鹿埔社區活動中心,鹿埔路490號,24.6557,121.7506,True,154,宜蘭,33,4.6,Safe,AQI良好或為室內設施,2026-03-03 19:07:25
三灣國小操場室外收容,中山路49號,24.655737,120.955046,False,200,新竹,42,17.62,Safe,AQI良好或為室內設施,2026-03-03 19:07:25
三灣國小室內活動中心,中山路49號,24.655737,120.955046,True,200,新竹,42,17.62,Safe,AQI良好或為室內設施,2026-03-03 19:07:25
廣興社區活動中心,5鄰廣興126-1號,24.6583,120.8869,True,40,新竹,42,19.11,Safe,AQI良好或為室內設施,2026-03-03 19:07:25
豐鄉村集會所,大山背32號,24.6592,121.1225,True,80,新竹,42,23.25,Safe,AQI良好或為室內設施,2026-03-03 19:07:25
瑞峰國小操場,上坪里43號,24.6592,121.1225,False,267,新竹,42,23.25,Safe,AQI良好或為室內設施,2026-03-03 19:07:25
瑞峰國小禮堂,43號,24.6592,121.1225,True,385,新竹,42,23.25,Safe,AQI良好或為室內設施,2026-03-03 19:07:25
玉峰國小,5鄰59號,24.6601,121.3012,True,50,桃園,38,37.08,Safe,AQI良好或為室內設施,2026-03-03 19:07:25
武淵社區活動中心,富農路2段325號,24.6606,121.7976,True,108,宜蘭,33,4.52,Safe,AQI良好或為室內設施,2026-03-03 19:07:25
員山社區臨時收容站,泰雅一路203巷清水66號,24.6608,121.6229,True,38,宜蘭,33,15.33,Safe,AQI良好或為室內設施,2026-03-03 19:07:25
海寶國小教室,5鄰52-2號,24.6618,120.8217,True,100,新竹,42,22.42,Safe,AQI良好或為室內設施,2026-03-03 19:07:25
海寶國小操場,5鄰52-2號,24.661823,120.821739,False,300,新竹,42,22.41,Safe,AQI良好或為室內設施,2026-03-03 19:07:25
竹東瑞峰國小,竹東鎮上坪里43號,24.66186,121.1215,True,385,新竹,42,22.96,Safe,AQI良好或為室內設施,2026-03-03 19:07:25
大義社區臨時收容站,上將路3段375巷31號,24.6634,121.6103,True,106,宜蘭,33,16.52,Safe,AQI良好或為室內設施,2026-03-03 19:07:25
湖光社區活動中心,11鄰湖農新村32號,24.66422,120.98775,True,40,新竹,42,16.76,Safe,AQI良好或為室內設施,2026-03-03 19:07:25
清溝社區活動中心,光明路51號,24.6643,121.7611,True,85,宜蘭,33,3.32,Safe,AQI良好或為室內設施,2026-03-03 19:07:25
利澤社區活動中心,下福路156號,24.6649,121.8238,True,141,宜蘭,33,6.22,Safe,AQI良好或為室內設施,2026-03-03 19:07:25
二次收容 三星鄉公所臨時辦公處原三星社區,集義路168號,24.6654,121.6538,True,148,宜蘭,33,12.18,Safe,AQI良好或為室內設施,2026-03-03 19:07:25
三星國中臨時收容站,月眉街54號,24.6654,121.6538,True,500,宜蘭,33,12.18,Safe,AQI良好或為室內設施,2026-03-03 19:07:25
大坪社區活動中心,大坪村9鄰下雙坑43之4號,24.6663,120.9744,True,50,新竹,42,16.42,Safe,AQI良好或為室內設施,2026-03-03 19:07:25
大洲多功能館臨時收容站,五分路2段180號,24.6663,121.6507,True,78,宜蘭,33,12.46,Safe,AQI良好或為室內設施,2026-03-03 19:07:25
新群社區活動中心,羅東鎮新群里月眉路300號,24.6673,121.7922,True,114,宜蘭,33,3.59,Safe,AQI良好或為室內設施,2026-03-03 19:07:25
群英社區活動中心,冬山路5段51號,24.6674,121.7735,True,64,宜蘭,33,2.85,Safe,AQI良好或為室內設施,2026-03-03 19:07:25
維安社區活動中心,羅東鎮西安里西安街468號,24.6675,121.7544,True,170,宜蘭,33,3.26,Safe,AQI良好或為室內設施,2026-03-03 19:07:25
港墘社區活動中心,5鄰光明街2號,24.6677,120.861,True,100,新竹,42,19.48,Safe,AQI良好或為室內設施,2026-03-03 19:07:25
宇老派出所,10鄰石磊49號,24.6679,121.2825,True,15,新竹,42,35.71,Safe,AQI良好或為室內設施,2026-03-03 19:07:25
憲明國小臨時收容站,福山街119號,24.6681,121.6391,True,42,宜蘭,33,13.56,Safe,AQI良好或為室內設施,2026-03-03 19:07:25
三星國小臨時收容站,三星路5段86號,24.6685,121.6538,True,339,宜蘭,33,12.1,Safe,AQI良好或為室內設施,2026-03-03 19:07:25
第三公園管理站南昌社區活動中心,站前南路1號,24.669,121.7725,True,133,宜蘭,33,2.67,Safe,AQI良好或為室內設施,2026-03-03 19:07:25
廣興社區活動中心,永興路2段916號,24.6691,121.7492,True,101,宜蘭,33,3.41,Safe,AQI良好或為室內設施,2026-03-03 19:07:25
成功國小體育館,興東南路100號,24.6707,121.7687,True,228,宜蘭,33,2.48,Safe,AQI良好或為室內設施,2026-03-03 19:07:25
雙義社區社區二次收容,三星路6段2巷22號,24.6708,121.7147,True,53,宜蘭,33,6.15,Safe,AQI良好或為室內設施,2026-03-03 19:07:25
廣安社區活動中心,廣安路195號,24.6709,121.7457,True,61,宜蘭,33,3.5,Safe,AQI良好或為室內設施,2026-03-03 19:07:25
羅莊社區活動中心,羅莊街357號,24.6716,121.7797,True,122,宜蘭,33,2.54,Safe,AQI良好或為室內設施,2026-03-03 19:07:25
阿束社社區活動中心,清潭路146號2樓,24.6725,121.7709,True,28,宜蘭,33,2.27,Safe,AQI良好或為室內設施,2026-03-03 19:07:25
仁和社區活動中心,清潭路146號2樓,24.6725,121.7709,True,28,宜蘭,33,2.27,Safe,AQI良好或為室內設施,2026-03-03 19:07:25
梅花長老教會,4鄰99號,24.673,121.204,True,80,新竹,42,28.56,Safe,AQI良好或為室內設施,2026-03-03 19:07:25
第二公園管理站羅東鎮老人館,公園路13號,24.6733,121.7682,True,99,宜蘭,33,2.19,Safe,AQI良好或為室內設施,2026-03-03 19:07:25
仁德社區活動中心,羅東鎮忠義巷92之1號,24.6736,121.7663,True,98,宜蘭,33,2.19,Safe,AQI良好或為室內設施,2026-03-03 19:07:25
漢民社區活動中心,羅東鎮漢民里純精路一段219號,24.6737,121.7635,True,201,宜蘭,33,2.25,Safe,AQI良好或為室內設施,2026-03-03 19:07:25
東安社區活動中心,羅東鎮東安里天祥路171號,24.6745,121.7766,True,289,宜蘭,33,2.14,Safe,AQI良好或為室內設施,2026-03-03 19:07:25
新興國小操場,水源路157號,24.675131,120.912927,False,200,新竹,42,16.37,Safe,AQI良好或為室內設施,2026-03-03 19:07:25
海口國小-操場,7鄰保福路20號,24.6755,120.8616,False,500,新竹,42,18.73,Safe,AQI良好或為室內設施,2026-03-03 19:07:25
北成國小自強館,北成路一段125號,24.6756,121.7586,True,319,宜蘭,33,2.27,Safe,AQI良好或為室內設施,2026-03-03 19:07:25
天送埤社區二次收容,福山街30-1號,24.6758,121.6565,True,53,宜蘭,33,11.67,Safe,AQI良好或為室內設施,2026-03-03 19:07:25
聖安宮,忠孝路48號,24.676,121.7649,True,400,宜蘭,33,1.96,Safe,AQI良好或為室內設施,2026-03-03 19:07:25
大新社區活動中心,中正路128號2樓,24.676,121.7714,True,54,宜蘭,33,1.88,Safe,AQI良好或為室內設施,2026-03-03 19:07:25
三灣鄉活動中心,親民路15號,24.6763,120.9551,True,80,新竹,42,15.34,Safe,AQI良好或為室內設施,2026-03-03 19:07:25
下興社區活動中心,7鄰下東興78-7號,24.6765,120.9107,True,90,新竹,42,16.31,Safe,AQI良好或為室內設施,2026-03-03 19:07:25
柯林社區活動中心,光華路209號,24.6765,121.7298,True,54,宜蘭,33,4.5,Safe,AQI良好或為室內設施,2026-03-03 19:07:25
羅東鎮展演廳,羅東鎮中興路1號,24.6765,121.7669,True,510,宜蘭,33,1.86,Safe,AQI良好或為室內設施,2026-03-03 19:07:25
季新社區活動中心,季新村季水路北巷6-1號,24.6766,121.8317,True,110,宜蘭,33,6.44,Safe,AQI良好或為室內設施,2026-03-03 19:07:25
新豐社區活動中心,番子田路100號,24.676621,120.000836,True,80,台中,47,90.0,Safe,AQI良好或為室內設施,2026-03-03 19:07:25
國華國中自強館,國華街101號,24.6767,121.7608,True,306,宜蘭,33,2.05,Safe,AQI良好或為室內設施,2026-03-03 19:07:25
北成社區活動中心,北成路二段57巷6號,24.6789,121.7527,True,210,宜蘭,33,2.38,Safe,AQI良好或為室內設施,2026-03-03 19:07:25
大洲社區二次收容,大洲原路17號,24.6791,121.6759,True,63,宜蘭,33,9.68,Safe,AQI良好或為室內設施,2026-03-03 19:07:25
公正國小體育館,公正路199號,24.6793,121.7667,True,1309,宜蘭,33,1.56,Safe,AQI良好或為室內設施,2026-03-03 19:07:25
新店社區活動中心,新店路99號,24.6797,121.8178,True,77,宜蘭,33,5.0,Safe,AQI良好或為室內設施,2026-03-03 19:07:25
崙埤活動中心,大同鄉崙埤村朝陽10-8號,24.6804,121.6007,True,74,宜蘭,33,17.21,Safe,AQI良好或為室內設施,2026-03-03 19:07:25
斗煥國小操場,中正二路221號,24.680477,120.94751,False,200,新竹,42,14.96,Safe,AQI良好或為室內設施,2026-03-03 19:07:25
田寮社區活動中心,7鄰南田街213號,24.6807,120.8871,True,80,新竹,42,16.88,Safe,AQI良好或為室內設施,2026-03-03 19:07:25
永貞國小操場,永貞路1段335號,24.680886,120.884654,False,200,新竹,42,16.98,Safe,AQI良好或為室內設施,2026-03-03 19:07:25
羅東國中自強館,中華路99號,24.6825,121.7683,True,277,宜蘭,33,1.18,Safe,AQI良好或為室內設施,2026-03-03 19:07:25
大成高中操場,大成街下新店65號,24.683093,120.939582,False,300,新竹,42,14.8,Safe,AQI良好或為室內設施,2026-03-03 19:07:25
第五公園管理站樹林社區活動中心,文林路130號,24.6833,121.7614,True,146,宜蘭,33,1.41,Safe,AQI良好或為室內設施,2026-03-03 19:07:25
第一公園管理站信義社區活動中心,中華路189號,24.6835,121.7686,True,153,宜蘭,33,1.06,Safe,AQI良好或為室內設施,2026-03-03 19:07:25
竹南國小-操場,中正路146號,24.6837,120.8698,False,600,新竹,42,17.51,Safe,AQI良好或為室內設施,2026-03-03 19:07:25
竹南鎮公所三樓演藝廳,中正路112號,24.6838,120.8734,True,300,新竹,42,17.3,Safe,AQI良好或為室內設施,2026-03-03 19:07:25
民族社區活動中心室內,東興路108號,24.683856,120.904449,True,90,新竹,42,15.79,Safe,AQI良好或為室內設施,2026-03-03 19:07:25
珊湖社區活動中心,中正三路103號,24.6844,120.9596,True,50,新竹,42,14.41,Safe,AQI良好或為室內設施,2026-03-03 19:07:25
行健社區二次收容,行健三路2段13號,24.6844,121.7041,True,148,宜蘭,33,6.77,Safe,AQI良好或為室內設施,2026-03-03 19:07:25
五結鄉公所,五結路二段343號,24.6847,121.7984,True,153,宜蘭,33,2.96,Safe,AQI良好或為室內設施,2026-03-03 19:07:25
錦屏村集會所,1鄰4號,24.685,121.2512,True,80,新竹,42,32.03,Safe,AQI良好或為室內設施,2026-03-03 19:07:25
五結社區活動中心,五結中路12號3樓,24.6852,121.7979,True,84,宜蘭,33,2.9,Safe,AQI良好或為室內設施,2026-03-03 19:07:25
六合國小操場,民族路252號,24.685661,120.901362,False,200,新竹,42,15.74,Safe,AQI良好或為室內設施,2026-03-03 19:07:25
新華社區活動中心,13鄰崎仔頭313號,24.6863,120.9283,True,80,新竹,42,14.72,Safe,AQI良好或為室內設施,2026-03-03 19:07:25
頭份市公所中正館,中山路234號,24.6864,120.913,True,100,新竹,42,15.2,Safe,AQI良好或為室內設施,2026-03-03 19:07:25
頭份市公所中山堂,中山路232號,24.6864,120.913,True,200,新竹,42,15.2,Safe,AQI良好或為室內設施,2026-03-03 19:07:25
正勉堂,興盛北路182巷16號,24.6865,121.7798,True,154,宜蘭,33,1.18,Safe,AQI良好或為室內設施,2026-03-03 19:07:25
峨眉鄉老人文康中心,獅山街7鄰28號,24.68655,121.01747,True,145,新竹,42,15.02,Safe,AQI良好或為室內設施,2026-03-03 19:07:25
信德國小操場,信德路58號,24.686799,120.960531,False,300,新竹,42,14.14,Safe,AQI良好或為室內設施,2026-03-03 19:07:25
富興國小,太平街8號,24.6868,120.9885,True,3412,新竹,42,14.28,Safe,AQI良好或為室內設施,2026-03-03 19:07:25
東庄社區活動中心,7鄰八德一路66號,24.6871,120.8933,True,20,新竹,42,15.96,Safe,AQI良好或為室內設施,2026-03-03 19:07:25
竹興國小-操場,竹圍街27號,24.687124,120.864955,False,300,新竹,42,17.48,Safe,AQI良好或為室內設施,2026-03-03 19:07:25
四結社區活動中心,光榮北路198號,24.6873,121.7739,True,93,宜蘭,33,0.71,Safe,AQI良好或為室內設施,2026-03-03 19:07:25
頭份國小操場,中正路219號,24.688116,120.912124,False,200,新竹,42,15.05,Safe,AQI良好或為室內設施,2026-03-03 19:07:25
新南國小-操場,五谷街2號,24.688226,120.884878,False,500,新竹,42,16.27,Safe,AQI良好或為室內設施,2026-03-03 19:07:25
竹林社區活動中心,復興路二段122號,24.6883,121.7658,True,148,宜蘭,33,0.7,Safe,AQI良好或為室內設施,2026-03-03 19:07:25
協和社區活動中心,五結路2段199號,24.6883,121.8045,True,161,宜蘭,33,3.47,Safe,AQI良好或為室內設施,2026-03-03 19:07:25
竹林國小體育館,復興路二段128號,24.6887,121.7661,True,357,宜蘭,33,0.64,Safe,AQI良好或為室內設施,2026-03-03 19:07:25
峨眉國小,峨眉街4號,24.68874,121.02014,True,390,新竹,42,14.89,Safe,AQI良好或為室內設施,2026-03-03 19:07:25
李科永圖書館,永貞路二段196號,24.689053,120.886019,True,300,新竹,42,16.13,Safe,AQI良好或為室內設施,2026-03-03 19:07:25
竹南運動公園,17鄰永貞路二段196號,24.689128,120.886045,False,5000,新竹,42,16.12,Safe,AQI良好或為室內設施,2026-03-03 19:07:25
義興分校,8鄰51號,24.6895,121.1778,True,60,新竹,42,25.34,Safe,AQI良好或為室內設施,2026-03-03 19:07:25
建國國中操場,建國路119號,24.68975,120.874545,False,250,新竹,42,16.68,Safe,AQI良好或為室內設施,2026-03-03 19:07:25
富興社區活動中心,1鄰33號,24.69036,120.98663,True,75,新竹,42,13.86,Safe,AQI良好或為室內設施,2026-03-03 19:07:25
峨眉國中,峨眉街54號,24.6908,121.0181,True,590,新竹,42,14.6,Safe,AQI良好或為室內設施,2026-03-03 19:07:25
竹興社區活動中心-竹南鎮老人文康活動中心,新興街48巷6號,24.6909,120.8605,True,400,新竹,42,17.42,Safe,AQI良好或為室內設施,2026-03-03 19:07:25
頭份國中操場,中央路275號,24.6921,120.901115,False,250,新竹,42,15.1,Safe,AQI良好或為室內設施,2026-03-03 19:07:25
中盛社區活動中心,5鄰283號,24.6922,121.03017,True,25,新竹,42,14.93,Safe,AQI良好或為室內設施,2026-03-03 19:07:25
蟠桃國小操場,信東路285號,24.692772,120.906679,False,200,新竹,42,14.79,Safe,AQI良好或為室內設施,2026-03-03 19:07:25
大隱社區臨時收容站,三星路1段533巷48號,24.6929,121.7274,True,123,宜蘭,33,4.35,Safe,AQI良好或為室內設施,2026-03-03 19:07:25
八大庄一百甲城煌廟,五結路一段120號,24.6929,121.828,True,51,宜蘭,33,5.81,Safe,AQI良好或為室內設施,2026-03-03 19:07:25
上埔社區活動中心室內,上埔路85號,24.69297,120.922781,True,60,新竹,42,14.17,Safe,AQI良好或為室內設施,2026-03-03 19:07:25
萬德社區二次收容,楓林九路61號,24.6931,121.7282,True,48,宜蘭,33,4.27,Safe,AQI良好或為室內設施,2026-03-03 19:07:25
萬富社區臨時收容站,7鄰萬富路59-2號,24.6931,121.7282,True,63,宜蘭,33,4.27,Safe,AQI良好或為室內設施,2026-03-03 19:07:25
蟠桃社區活動中心,22鄰中興街150號,24.6937,120.9028,True,125,新竹,42,14.87,Safe,AQI良好或為室內設施,2026-03-03 19:07:25
忠孝社區活動中心,2鄰忠孝2路83號,24.6937,120.9114,True,90,新竹,42,14.51,Safe,AQI良好或為室內設施,2026-03-03 19:07:25
照南國小活動中心,光復路331號,24.694078,120.87945,True,500,新竹,42,16.01,Safe,AQI良好或為室內設施,2026-03-03 19:07:25
佳興社區活動中心,光復路452號,24.6953,120.8797,True,100,新竹,42,15.88,Safe,AQI良好或為室內設施,2026-03-03 19:07:25
嘉興國小,3鄰麥樹仁177號,24.6953,121.2011,True,50,新竹,42,27.02,Safe,AQI良好或為室內設施,2026-03-03 19:07:25
建國國小操場,建國路80號,24.695407,120.909781,False,200,新竹,42,14.4,Safe,AQI良好或為室內設施,2026-03-03 19:07:25
孝威社區活動中心,孝威路322號,24.6961,121.8117,True,168,宜蘭,33,4.18,Safe,AQI良好或為室內設施,2026-03-03 19:07:25
后庄國小操場,文化街20號,24.696211,120.897894,False,150,新竹,42,14.84,Safe,AQI良好或為室內設施,2026-03-03 19:07:25
五結國中五動館,大吉五路58號,24.6963,121.8002,True,465,宜蘭,33,3.02,Safe,AQI良好或為室內設施,2026-03-03 19:07:25
信義國小操場,信中路36號,24.69706,120.890744,False,200,新竹,42,15.12,Safe,AQI良好或為室內設施,2026-03-03 19:07:25
興隆社區活動中心室內,興隆路一段24-26號?,24.697341,120.931057,True,100,新竹,42,13.46,Safe,AQI良好或為室內設施,2026-03-03 19:07:25
四結福德廟,孝威路322號,24.6974,121.7652,True,106,宜蘭,33,0.73,Safe,AQI良好或為室內設施,2026-03-03 19:07:25
石井集會所,4鄰34-7號,24.69814,121.00073,True,35,新竹,42,13.29,Safe,AQI良好或為室內設施,2026-03-03 19:07:25
嘉樂村集會所,6鄰9號,24.6986,121.1913,True,40,新竹,42,25.98,Safe,AQI良好或為室內設施,2026-03-03 19:07:25
北埔鄉圓樓市場,光復街30號,24.699071,121.056026,True,165,新竹,42,15.58,Safe,AQI良好或為室內設施,2026-03-03 19:07:25
開基灶君廟省民堂,三結東路14號,24.6994,121.7867,True,32,宜蘭,33,1.79,Safe,AQI良好或為室內設施,2026-03-03 19:07:25
北埔鄉老人文康中心,北埔街90號3樓,24.700345,121.055108,True,50,新竹,42,15.41,Safe,AQI良好或為室內設施,2026-03-03 19:07:25
埔尾活動中心二次避難所,埔心街132號,24.700742,121.054377,True,40,新竹,42,15.33,Safe,AQI良好或為室內設施,2026-03-03 19:07:25
北埔國小二次避難所,埔心街24號,24.700797,121.053448,True,865,新竹,42,15.27,Safe,AQI良好或為室內設施,2026-03-03 19:07:25
北埔鄉立幼兒園,中興街2號,24.701165,121.05916,True,80,新竹,42,15.57,Safe,AQI良好或為室內設施,2026-03-03 19:07:25
仁愛社區活動中心,羅東鎮仁愛里復興路三段557號,24.7014,121.756,True,174,宜蘭,33,1.74,Safe,AQI良好或為室內設施,2026-03-03 19:07:25
山下社區活動中心,7鄰山下62-7號,24.7018,120.9012,True,50,新竹,42,14.14,Safe,AQI良好或為室內設施,2026-03-03 19:07:25
關西國小,7鄰中山路126號,24.7029,121.0541,True,700,新竹,42,15.12,Safe,AQI良好或為室內設施,2026-03-03 19:07:25
水?社區活動中心,8鄰中豐路1巷9號,24.703765,121.05927,True,35,新竹,42,15.35,Safe,AQI良好或為室內設施,2026-03-03 19:07:25
豐田村集會所,3鄰油羅63-1號,24.70432,121.1569,True,45,新竹,42,22.67,Safe,AQI良好或為室內設施,2026-03-03 19:07:25
北埔國中二次避難所,埔心街141號,24.704374,121.047608,True,920,新竹,42,14.61,Safe,AQI良好或為室內設施,2026-03-03 19:07:25
田寮村集會所,田洋街132號,24.70463,121.1058,True,180,新竹,42,18.5,Safe,AQI良好或為室內設施,2026-03-03 19:07:25
三興社區活動中心,三結路43-1號,24.7056,121.7739,True,83,宜蘭,33,1.45,Safe,AQI良好或為室內設施,2026-03-03 19:07:25
尖石天主堂,3鄰147號,24.7059,121.2029,True,50,新竹,42,26.63,Safe,AQI良好或為室內設施,2026-03-03 19:07:25
新光國小,8鄰17號,24.706,121.2031,True,50,新竹,42,26.64,Safe,AQI良好或為室內設施,2026-03-03 19:07:25
廣濟宮活動中心,大同路1號,24.70628,121.1807,True,110,新竹,42,24.62,Safe,AQI良好或為室內設施,2026-03-03 19:07:25
拿互依長老教會,3鄰153號,24.7068,121.2085,True,50,新竹,42,27.09,Safe,AQI良好或為室內設施,2026-03-03 19:07:25
大同高中-操場,公義路890號,24.707893,120.895333,False,800,新竹,42,13.85,Safe,AQI良好或為室內設施,2026-03-03 19:07:25
大埔社區活動中心,公義路936號,24.709181,120.896939,True,100,新竹,42,13.64,Safe,AQI良好或為室內設施,2026-03-03 19:07:25
中華村集會所,粗坑路304號,24.709398,121.646633,True,11,宜蘭,33,12.65,Safe,AQI良好或為室內設施,2026-03-03 19:07:25
二結社區活動中心,學進路83號,24.7095,121.762,True,170,宜蘭,33,2.04,Safe,AQI良好或為室內設施,2026-03-03 19:07:25
內城國民中小學化育分校,員山路三段256號,24.71129,121.652657,True,180,宜蘭,33,12.08,Safe,AQI良好或為室內設施,2026-03-03 19:07:25
蓁巷社區活動中心,成功路45號,24.713572,121.695581,True,64,宜蘭,33,7.91,Safe,AQI良好或為室內設施,2026-03-03 19:07:25
員崠國小活動中心,東峰路281號,24.7137,121.0988,True,580,新竹,42,17.31,Safe,AQI良好或為室內設施,2026-03-03 19:07:25
七賢村民眾活動中心,賢德路一段61巷25號,24.714634,121.735106,True,78,宜蘭,33,4.32,Safe,AQI良好或為室內設施,2026-03-03 19:07:25
深溝村集會所,深洲一路37巷7號,24.715727,121.71978,True,10,宜蘭,33,5.72,Safe,AQI良好或為室內設施,2026-03-03 19:07:25
力行村集會所,中山街1段177號,24.71575,121.1681,True,15,新竹,42,23.0,Safe,AQI良好或為室內設施,2026-03-03 19:07:25
橫山社區長壽俱樂部,橫山96號,24.71819,121.1153,True,45,新竹,42,18.32,Safe,AQI良好或為室內設施,2026-03-03 19:07:25
內城社區活動中心,榮光路321號,24.720881,121.688913,True,34,宜蘭,33,8.81,Safe,AQI良好或為室內設施,2026-03-03 19:07:25
雙溪國小三峰分校,7鄰新湖路4段90號,24.72123556,120.9970159,True,1100,新竹,42,10.72,Safe,AQI良好或為室內設施,2026-03-03 19:07:25
老人文康活動中心,永昌街53號,24.72184,121.1345,True,90,新竹,42,19.72,Safe,AQI良好或為室內設施,2026-03-03 19:07:25
八五三教會,10鄰62-5號,24.7223,121.2741,True,200,桃園,38,30.29,Safe,AQI良好或為室內設施,2026-03-03 19:07:25
油田社區活動中心,8鄰新湖路3段172號,24.724414,121.01329,True,82,新竹,42,10.96,Safe,AQI良好或為室內設施,2026-03-03 19:07:25
凱旋國民中學樂活館,縣政七街50巷1號,24.7256,121.757,True,164,宜蘭,33,3.88,Safe,AQI良好或為室內設施,2026-03-03 19:07:25
凱旋國小展藝館,凱旋路130號,24.7256,121.7636,True,277,宜蘭,33,3.7,Safe,AQI良好或為室內設施,2026-03-03 19:07:25
南隘國小,新竹市南隘路二段31號,24.727235,120.929301,True,465,新竹,42,10.37,Safe,AQI良好或為室內設施,2026-03-03 19:07:25
凱旋社區活動中心,旋流路3之5號,24.7276,121.7682,True,64,宜蘭,33,3.87,Safe,AQI良好或為室內設施,2026-03-03 19:07:25
大崎村集會所,雙園路1段6巷32號,24.7288,120.9534,True,106,新竹,42,9.56,Safe,AQI良好或為室內設施,2026-03-03 19:07:25
寶斗集會所,6鄰寶斗路110號,24.72880207,120.9533615,True,72,新竹,42,9.56,Safe,AQI良好或為室內設施,2026-03-03 19:07:25
新南活動中心,壯圍鄉新南村美福路一段76號,24.7294,121.7873,True,44,宜蘭,33,4.4,Safe,AQI良好或為室內設施,2026-03-03 19:07:25
紅葉活動中心,壯圍鄉復興村紅葉路69-4號,24.7297,121.8225,True,61,宜蘭,33,6.66,Safe,AQI良好或為室內設施,2026-03-03 19:07:25
南橋社區活動中心,南橋路240號,24.7307,121.7412,True,38,宜蘭,33,5.14,Safe,AQI良好或為室內設施,2026-03-03 19:07:25
建業社區活動中心,建業路86巷57號、59號,24.7315,121.7566,True,26,宜蘭,33,4.52,Safe,AQI良好或為室內設施,2026-03-03 19:07:25
惠好社區活動中心,賢德路二段66巷50號,24.731738,121.730742,True,125,宜蘭,33,5.9,Safe,AQI良好或為室內設施,2026-03-03 19:07:25
樹杞林文化館,新生路377號,24.7325,121.0946,True,817,新竹,42,15.7,Safe,AQI良好或為室內設施,2026-03-03 19:07:25
中山社區活動中心,大同路257號,24.7328,121.891,True,93,宜蘭,33,12.96,Safe,AQI良好或為室內設施,2026-03-03 19:07:25
育才國小中興堂,進士路8號,24.7332,121.7369,True,68,宜蘭,33,5.62,Safe,AQI良好或為室內設施,2026-03-03 19:07:25
新城國小,10鄰寶新路2段475號,24.733474,120.967436,True,770,新竹,42,8.93,Safe,AQI良好或為室內設施,2026-03-03 19:07:25
中山國小禮堂,中山路70號,24.7335,121.0947,True,797,新竹,42,15.64,Safe,AQI良好或為室內設施,2026-03-03 19:07:25
秀湖社區活動中心,4鄰五和街3號,24.734,121.1168,True,30,新竹,42,17.49,Safe,AQI良好或為室內設施,2026-03-03 19:07:25
水田教會,水田7鄰192號,24.7341,121.2584,True,50,桃園,38,29.17,Safe,AQI良好或為室內設施,2026-03-03 19:07:25
竹東國小體育館,康寧街1號,24.7352,121.0883,True,650,新竹,42,15.0,Safe,AQI良好或為室內設施,2026-03-03 19:07:25
湖北社區活動中心,大湖五路80號,24.735298,121.718042,True,30,宜蘭,33,7.09,Safe,AQI良好或為室內設施,2026-03-03 19:07:25
福興社區活動中心,八十分31號,24.73543,121.1704,True,155,新竹,42,22.26,Safe,AQI良好或為室內設施,2026-03-03 19:07:25
五龍社區活動中心,富林路1段138巷91號,24.7362,121.1223,True,20,新竹,42,17.85,Safe,AQI良好或為室內設施,2026-03-03 19:07:25
永鎮活動中心,壯圍鄉永鎮村壯濱路四段375號,24.7366,121.8154,True,118,宜蘭,33,6.65,Safe,AQI良好或為室內設施,2026-03-03 19:07:25
竹東客家戲曲公園,原育樂公園,24.7373,121.0903,False,805,新竹,42,15.04,Safe,AQI良好或為室內設施,2026-03-03 19:07:25
尚德社區活動中心,三鬮路35巷13號,24.737618,121.722128,True,134,宜蘭,33,6.97,Safe,AQI良好或為室內設施,2026-03-03 19:07:25
逸仙社區活動中心,大湖十六路181巷2號,24.738714,121.700435,True,34,宜蘭,33,8.72,Safe,AQI良好或為室內設施,2026-03-03 19:07:25
沙坑村集會所,沙坑街50號,24.73874,121.1611,True,50,新竹,42,21.25,Safe,AQI良好或為室內設施,2026-03-03 19:07:25
大同國小禮堂,莊敬街111號,24.7403,121.0884,True,835,新竹,42,14.69,Safe,AQI良好或為室內設施,2026-03-03 19:07:25
寶山國小,8鄰寶山路2段130號,24.74037021,121.022112,True,624,新竹,42,9.85,Safe,AQI良好或為室內設施,2026-03-03 19:07:25
進士里鎮興廟,進士路53號,24.7414,121.7465,True,46,宜蘭,33,5.91,Safe,AQI良好或為室內設施,2026-03-03 19:07:25
內湖國中,新竹市五福路一段12號,24.741924,120.911092,True,1110,新竹,42,9.81,Safe,AQI良好或為室內設施,2026-03-03 19:07:25
內湖國小,新竹市香山區內湖路109號,24.74193,120.90696,True,1330,新竹,42,10.06,Safe,AQI良好或為室內設施,2026-03-03 19:07:25
黎明里慶安廟,黎明路481巷11號,24.7427,121.7712,True,30,宜蘭,33,5.54,Safe,AQI良好或為室內設施,2026-03-03 19:07:25
黎明社區活動中心,黎明路326號,24.744,121.776,True,35,宜蘭,33,5.71,Safe,AQI良好或為室內設施,2026-03-03 19:07:25
壯五活動中心,壯圍鄉吉祥村壯五路63號,24.744488,121.789598,True,163,宜蘭,33,6.05,Safe,AQI良好或為室內設施,2026-03-03 19:07:25
老人文康中心,文化路156號,24.745244,121.722886,True,28,宜蘭,33,7.55,Safe,AQI良好或為室內設施,2026-03-03 19:07:25
國立宜蘭大學體育館,神農路一段1號,24.7453,121.7481,True,375,宜蘭,33,6.25,Safe,AQI良好或為室內設施,2026-03-03 19:07:25
大湖國小,新竹市香山區大湖里五福路一段530號,24.745728,120.933483,True,205,新竹,42,8.31,Safe,AQI良好或為室內設施,2026-03-03 19:07:25
湖東社區活動中心,茄苳路68-2號,24.746017,121.708869,True,13,宜蘭,33,8.58,Safe,AQI良好或為室內設施,2026-03-03 19:07:25
壯圍鄉公所,壯圍鄉壯志路1號,24.746835,121.785768,True,190,宜蘭,33,6.19,Safe,AQI良好或為室內設施,2026-03-03 19:07:25
大福補天宮,壯圍鄉大福村壯濱路6段279號,24.7469,121.7858,True,600,宜蘭,33,6.2,Safe,AQI良好或為室內設施,2026-03-03 19:07:25
思源社區活動中心,泰山路七結巷9之10號,24.7482,121.7374,True,35,宜蘭,33,7.0,Safe,AQI良好或為室內設施,2026-03-03 19:07:25
雙湖社區活動中心,隘界路131號,24.748286,121.68547,True,78,宜蘭,33,10.57,Safe,AQI良好或為室內設施,2026-03-03 19:07:25
永興社區活動中心,7鄰39之3號,24.7483,121.1104,True,20,新竹,42,16.16,Safe,AQI良好或為室內設施,2026-03-03 19:07:25
石潭社區活動中心,福昌街300巷47號,24.7484,121.1009,True,60,新竹,42,15.31,Safe,AQI良好或為室內設施,2026-03-03 19:07:25
三聖宮,女中路一段148號,24.7488,121.766,True,85,宜蘭,33,6.23,Safe,AQI良好或為室內設施,2026-03-03 19:07:25
復興國中群育館,復興路二段77號,24.7489,121.7476,True,212,宜蘭,33,6.64,Safe,AQI良好或為室內設施,2026-03-03 19:07:25
永和社區活動中心,溫泉路62-1號,24.749471,121.711078,True,96,宜蘭,33,8.69,Safe,AQI良好或為室內設施,2026-03-03 19:07:25
華龍村集會所,6鄰176之1號,24.7502,121.1398,True,20,新竹,42,18.78,Safe,AQI良好或為室內設施,2026-03-03 19:07:25
五大社區活動中心,東港路二巷14弄21號,24.7504,121.7838,True,38,宜蘭,33,6.53,Safe,AQI良好或為室內設施,2026-03-03 19:07:25
中華國中,女中路一段100號,24.7505,121.7669,True,420,宜蘭,33,6.42,Safe,AQI良好或為室內設施,2026-03-03 19:07:25
國立宜蘭高中體育館,復興路三段8號,24.7511,121.7428,True,237,宜蘭,33,7.05,Safe,AQI良好或為室內設施,2026-03-03 19:07:25
美城活動中心,壯圍鄉美城村永美路2段121號,24.7513,121.8017,True,155,宜蘭,33,7.22,Safe,AQI良好或為室內設施,2026-03-03 19:07:25
黎明國小體育館,校舍路1號,24.7517,121.7643,True,108,宜蘭,33,6.57,Safe,AQI良好或為室內設施,2026-03-03 19:07:25
社福大樓2樓,民權路一段65號,24.7526,121.7539,True,56,宜蘭,33,6.85,Safe,AQI良好或為室內設施,2026-03-03 19:07:25
宜蘭國小活動中心,崇聖街2號,24.7532,121.7547,True,286,宜蘭,33,6.89,Safe,AQI良好或為室內設施,2026-03-03 19:07:25
東嶽廟,中山路二段293號295號,24.7534,121.7526,True,350,宜蘭,33,6.97,Safe,AQI良好或為室內設施,2026-03-03 19:07:25
南屏國小活動中心,泰山路98號,24.754,121.7426,True,231,宜蘭,33,7.36,Safe,AQI良好或為室內設施,2026-03-03 19:07:25
中山國小五育館,崇聖街4號,24.754,121.7546,True,65,宜蘭,33,6.98,Safe,AQI良好或為室內設施,2026-03-03 19:07:25
光復國小五育館,泰山路60號,24.7545,121.747,True,284,宜蘭,33,7.25,Safe,AQI良好或為室內設施,2026-03-03 19:07:25
國立宜蘭高商四維堂,延平路50號,24.7549,121.7655,True,283,宜蘭,33,6.91,Safe,AQI良好或為室內設施,2026-03-03 19:07:25
茄冬國小,新竹市香山區茄苳里茄苳路70號,24.755627,120.944631,True,1060,新竹,42,6.87,Safe,AQI良好或為室內設施,2026-03-03 19:07:25
美福活動中心,壯圍鄉美福村美福路3段92巷6號,24.7569,121.791,True,60,宜蘭,33,7.41,Safe,AQI良好或為室內設施,2026-03-03 19:07:25
玉山國小,4鄰赤柯山25號,24.7576,121.2087,True,280,新竹,42,25.14,Safe,AQI良好或為室內設施,2026-03-03 19:07:25
中華大學,新竹市五福路二段707號,24.758944,120.954072,True,6770,新竹,42,6.25,Safe,AQI良好或為室內設施,2026-03-03 19:07:25
碧霞宮,城隍街52號,24.7593,121.7511,True,48,宜蘭,33,7.64,Safe,AQI良好或為室內設施,2026-03-03 19:07:25
過嶺活動中心,壯圍鄉過村壯濱路3段295號,24.759471,121.815365,True,66,宜蘭,33,8.68,Safe,AQI良好或為室內設施,2026-03-03 19:07:25
結頭份社區活動中心,永同路2段186之1號,24.759721,121.719624,True,52,宜蘭,33,9.03,Safe,AQI良好或為室內設施,2026-03-03 19:07:25
梅洲里鎮平宮,鎮平路98號,24.7608,121.7442,True,35,宜蘭,33,8.0,Safe,AQI良好或為室內設施,2026-03-03 19:07:25
東園社區活動中心,宜蘭市新興路111號,24.7608,121.7575,True,44,宜蘭,33,7.66,Safe,AQI良好或為室內設施,2026-03-03 19:07:25
宜蘭縣社會福利館多功能劇場,同慶街95號,24.7617,121.7506,True,32,宜蘭,33,7.91,Safe,AQI良好或為室內設施,2026-03-03 19:07:25
同樂社區活動中心,同新路182號,24.762017,121.729673,True,94,宜蘭,33,8.72,Safe,AQI良好或為室內設施,2026-03-03 19:07:25
慶和社區活動中心1樓,碧霞街136號,24.7622,121.7524,True,45,宜蘭,33,7.92,Safe,AQI良好或為室內設施,2026-03-03 19:07:25
慶和里慶和廟,慶和街慶和巷16號,24.7626,121.7518,True,4,宜蘭,33,7.98,Safe,AQI良好或為室內設施,2026-03-03 19:07:25
梅洲社區活動中心,金同春路48號1樓,24.7631,121.7443,True,86,宜蘭,33,8.24,Safe,AQI良好或為室內設施,2026-03-03 19:07:25
力行國小英才館,力行路１５２號,24.7638,121.755,True,148,宜蘭,33,8.04,Safe,AQI良好或為室內設施,2026-03-03 19:07:25
宜蘭國中活動中心,樹人路37號,24.7639,121.75,True,356,宜蘭,33,8.16,Safe,AQI良好或為室內設施,2026-03-03 19:07:25
七張社區活動中心,七張路62之11號,24.764,121.7752,True,140,宜蘭,33,7.92,Safe,AQI良好或為室內設施,2026-03-03 19:07:25
富禮國中,新竹市富禮街16號,24.764361,120.912421,True,1645,新竹,42,7.82,Safe,AQI良好或為室內設施,2026-03-03 19:07:25
新生社區活動中心,大福路1段243號,24.7646,121.7642,True,35,宜蘭,33,8.0,Safe,AQI良好或為室內設施,2026-03-03 19:07:25
雙溪國小,9鄰雙園路2段310號,24.7647,120.9913,True,3522,新竹,42,5.96,Safe,AQI良好或為室內設施,2026-03-03 19:07:25
七張里慈雲寺,七張路539號,24.7648,121.7695,False,25,宜蘭,33,8.0,Safe,AQI良好或為室內設施,2026-03-03 19:07:25
順和活動中心,壯圍鄉忠孝村順和路47-4號,24.764974,121.799791,True,66,宜蘭,33,8.54,Safe,AQI良好或為室內設施,2026-03-03 19:07:25
寶山鄉綜合行政大樓,雙園路2段325號5樓,24.76552459,120.9912736,True,264,新竹,42,5.88,Safe,AQI良好或為室內設施,2026-03-03 19:07:25
朝山國小,新竹市中華路五段648巷126號,24.765725,120.913409,True,1460,新竹,42,7.64,Safe,AQI良好或為室內設施,2026-03-03 19:07:25
寶山鄉老人文康中心,雙園路二段283號,24.766487,120.993005,True,310,新竹,42,5.86,Safe,AQI良好或為室內設施,2026-03-03 19:07:25
二重國小禮堂,光明路32號,24.767497,121.05731,True,800,新竹,42,10.43,Safe,AQI良好或為室內設施,2026-03-03 19:07:25
北津社區活動中心,金同春路231號,24.7675,121.7499,True,72,宜蘭,33,8.55,Safe,AQI良好或為室內設施,2026-03-03 19:07:25
新鳳村集會所,文衡路200號,24.7679,121.0878,True,20,新竹,42,13.17,Safe,AQI良好或為室內設施,2026-03-03 19:07:25
枕山社區活動中心,枕山路43-1號,24.768291,121.718546,True,60,宜蘭,33,9.89,Safe,AQI良好或為室內設施,2026-03-03 19:07:25
北津里帝王廟,北津路31-5號,24.7686,121.7546,True,10,宜蘭,33,8.57,Safe,AQI良好或為室內設施,2026-03-03 19:07:25
錦山國小,11鄰馬武督107號,24.7688,121.2252,True,460,桃園,38,26.14,Safe,AQI良好或為室內設施,2026-03-03 19:07:25
青草湖國小,新竹市東區明湖路 1211 號,24.768845,120.979086,True,937,新竹,42,5.13,Safe,AQI良好或為室內設施,2026-03-03 19:07:25
深井社區活動中心,7鄰雙林路2段18號,24.7698,121.0039,True,208,新竹,42,6.12,Safe,AQI良好或為室內設施,2026-03-03 19:07:25
?後活動中心,壯圍鄉東港村?後路50-1號,24.7706,121.8,True,46,宜蘭,33,9.14,Safe,AQI良好或為室內設施,2026-03-03 19:07:25
新生國小體育館,大坡路一段100號,24.7707,121.7545,True,317,宜蘭,33,8.8,Safe,AQI良好或為室內設施,2026-03-03 19:07:25
古亭活動中心,壯圍鄉古亭村古亭路48-16號,24.7719,121.8003,True,199,宜蘭,33,9.29,Safe,AQI良好或為室內設施,2026-03-03 19:07:25
玄奘大學,新竹市玄奘路48號,24.774677,120.943099,True,8095,新竹,42,5.0,Safe,AQI良好或為室內設施,2026-03-03 19:07:25
文林村集會所,7鄰文山路327號,24.7747,121.0814,True,40,新竹,42,12.29,Safe,AQI良好或為室內設施,2026-03-03 19:07:25
芎林村公有零售市場,文化街30巷3號之1,24.7749,121.0792,True,110,新竹,42,12.08,Safe,AQI良好或為室內設施,2026-03-03 19:07:25
中坑社區活動中心,2鄰7之3號,24.775,121.0925,True,10,新竹,42,13.34,Safe,AQI良好或為室內設施,2026-03-03 19:07:25
壯六活動中心,壯圍鄉忠孝村壯六路47號,24.7751,121.8148,True,129,宜蘭,33,10.18,Safe,AQI良好或為室內設施,2026-03-03 19:07:25
元培科技大學,新竹市元培街306號,24.775832,120.94033,True,3495,新竹,42,5.03,Safe,AQI良好或為室內設施,2026-03-03 19:07:25
茭白社區活動中心,茭白路39-10號,24.7763,121.7506,True,38,宜蘭,33,9.49,Safe,AQI良好或為室內設施,2026-03-03 19:07:25
東光國小,5鄰十六張190號,24.7765,121.1759,True,430,新竹,42,21.44,Safe,AQI良好或為室內設施,2026-03-03 19:07:25
新社活動中心,壯圍鄉新社村新社路54之3號,24.7774,121.7889,True,89,宜蘭,33,9.58,Safe,AQI良好或為室內設施,2026-03-03 19:07:25
新竹實驗中學,新竹市介壽路300號,24.777965,121.015882,True,3375,新竹,42,6.3,Safe,AQI良好或為室內設施,2026-03-03 19:07:25
澳花國小,中央路19號,24.778289,120.988108,True,50,新竹,42,4.46,Safe,AQI良好或為室內設施,2026-03-03 19:07:25
新社高級中學,中和街三段國中巷10號,24.778289,120.988108,True,300,新竹,42,4.46,Safe,AQI良好或為室內設施,2026-03-03 19:07:25
新科國中,新竹市光復路一段89巷88號,24.780004,121.023052,True,850,新竹,42,6.75,Safe,AQI良好或為室內設施,2026-03-03 19:07:25
龍潭國小,育龍路71號,24.7802,121.7447,True,195,宜蘭,33,10.05,Safe,AQI良好或為室內設施,2026-03-03 19:07:25
竹中國小禮堂,竹中路104巷14號,24.7805,121.03,True,600,新竹,42,7.32,Safe,AQI良好或為室內設施,2026-03-03 19:07:25
水坑社區活動中心,4鄰文華街183巷,24.7817,121.098,True,20,新竹,42,13.65,Safe,AQI良好或為室內設施,2026-03-03 19:07:25
科園國小,新竹市東區科園里7鄰科學園路171號,24.781902,121.011818,True,365,新竹,42,5.71,Safe,AQI良好或為室內設施,2026-03-03 19:07:25
鄉立幼兒園,武暖路10之3號,24.7829,121.7672,True,448,宜蘭,33,10.01,Safe,AQI良好或為室內設施,2026-03-03 19:07:25
關東國小,新竹市關東路53號,24.783923,121.022153,True,1360,新竹,42,6.44,Safe,AQI良好或為室內設施,2026-03-03 19:07:25
古結活動中心,壯圍鄉古結村古結路237號,24.7846,121.8094,True,88,宜蘭,33,10.93,Safe,AQI良好或為室內設施,2026-03-03 19:07:25
香山高中,新竹市元培街124號,24.785082,120.929526,True,3365,新竹,42,4.99,Safe,AQI良好或為室內設施,2026-03-03 19:07:25
交通大學,新竹市大學路1001號,24.785604,120.997073,True,4610,新竹,42,4.33,Safe,AQI良好或為室內設施,2026-03-03 19:07:25
上山村集會所,5鄰綠獅三街6號,24.7857,121.0721,True,60,新竹,42,11.01,Safe,AQI良好或為室內設施,2026-03-03 19:07:25
吳沙國中,育英路79號,24.786,121.7596,True,742,宜蘭,33,10.41,Safe,AQI良好或為室內設施,2026-03-03 19:07:25
光武國中,新竹市光復路1段512號,24.78629,121.011858,True,1555,新竹,42,5.42,Safe,AQI良好或為室內設施,2026-03-03 19:07:25
四結國小,育英路46號,24.7865,121.7598,True,360,宜蘭,33,10.46,Safe,AQI良好或為室內設施,2026-03-03 19:07:25
新竹縣農會,文山路989號,24.7875,121.0687,True,80,新竹,42,10.63,Safe,AQI良好或為室內設施,2026-03-03 19:07:25
大庄國小,新竹市香山里大庄路48號,24.789125,120.927189,True,1510,新竹,42,4.91,Safe,AQI良好或為室內設施,2026-03-03 19:07:25
關西高中,10鄰中山東路2號,24.7898,121.1861,True,1170,新竹,42,22.23,Safe,AQI良好或為室內設施,2026-03-03 19:07:25
育賢國中,新竹市南大路569號,24.789997,120.965592,True,1770,新竹,42,2.65,Safe,AQI良好或為室內設施,2026-03-03 19:07:25
陽光國小,新竹市明湖路200號,24.790196,120.967491,True,1745,新竹,42,2.62,Safe,AQI良好或為室內設施,2026-03-03 19:07:25
東安國小,中山東路40號,24.7903,121.1839,True,585,新竹,42,22.0,Safe,AQI良好或為室內設施,2026-03-03 19:07:25
龍山國小,新竹市東區光復路一段574號,24.790362,121.006933,True,2015,新竹,42,4.76,Safe,AQI良好或為室內設施,2026-03-03 19:07:25
成德高中,新竹市北區曲溪里崧嶺路128巷38號,24.79067,120.951558,True,3710,新竹,42,3.03,Safe,AQI良好或為室內設施,2026-03-03 19:07:25
龍潭國小匏崙分校,匏杓崙路95之2號,24.7924,121.7294,True,60,宜蘭,33,11.82,Safe,AQI良好或為室內設施,2026-03-03 19:07:25
建華國中,新竹市學府路2號,24.792771,120.976649,True,3400,新竹,42,2.51,Safe,AQI良好或為室內設施,2026-03-03 19:07:25
新竹教育大學,新竹市南大路521號,24.792904,120.964058,True,3160,新竹,42,2.35,Safe,AQI良好或為室內設施,2026-03-03 19:07:25
培英國中,新竹市學府路4號,24.794134,120.978043,True,3465,新竹,42,2.43,Safe,AQI良好或為室內設施,2026-03-03 19:07:25
清華大學,新竹市光復路101號,24.794199,120.991267,True,2870,新竹,42,3.24,Safe,AQI良好或為室內設施,2026-03-03 19:07:25
新竹高中,新竹市學府路36號,24.795254,120.981495,True,3835,新竹,42,2.5,Safe,AQI良好或為室內設施,2026-03-03 19:07:25
新竹高商,新竹市學府路128號,24.79558,120.984561,True,4560,新竹,42,2.66,Safe,AQI良好或為室內設施,2026-03-03 19:07:25
新竹國小,新竹市興學街106號,24.796326,120.966471,True,1815,新竹,42,1.95,Safe,AQI良好或為室內設施,2026-03-03 19:07:25
香山國小,新竹市牛埔東路260號,24.796942,120.943643,True,1625,新竹,42,3.05,Safe,AQI良好或為室內設施,2026-03-03 19:07:25
頂埔國小,新竹市頂埔路23號,24.796972,120.95023,True,1060,新竹,42,2.56,Safe,AQI良好或為室內設施,2026-03-03 19:07:25
建功高中,新竹市建功二路17號,24.797422,121.001296,True,2695,新竹,42,3.87,Safe,AQI良好或為室內設施,2026-03-03 19:07:25
光復中學,新竹市光復路二段153號,24.79763,120.994016,True,3790,新竹,42,3.22,Safe,AQI良好或為室內設施,2026-03-03 19:07:25
玉田活動中心,礁溪鄉玉田村玉龍路一段479巷6號,24.7979,121.7856,True,59,宜蘭,33,11.77,Safe,AQI良好或為室內設施,2026-03-03 19:07:25
關西國中,12鄰北門口41號,24.7981,121.1729,True,950,新竹,42,20.81,Safe,AQI良好或為室內設施,2026-03-03 19:07:25
玉田國小,茅埔路24號,24.7982,121.7832,True,254,宜蘭,33,11.78,Safe,AQI良好或為室內設施,2026-03-03 19:07:25
新竹教育大學附設實驗小學,新竹市四維路47號,24.79934,120.960921,True,1895,新竹,42,1.74,Safe,AQI良好或為室內設施,2026-03-03 19:07:25
東園國小,新竹市園後街25號,24.799643,120.985352,True,1515,新竹,42,2.39,Safe,AQI良好或為室內設施,2026-03-03 19:07:25
建功國小,新竹市建功1路104巷22號,24.800239,120.998724,True,1695,新竹,42,3.49,Safe,AQI良好或為室內設施,2026-03-03 19:07:25
坪林國小,11鄰坪林11號,24.801,121.1402,True,435,新竹,42,17.49,Safe,AQI良好或為室內設施,2026-03-03 19:07:25
西門國小,新竹市北大路450號,24.802744,120.959338,True,1830,新竹,42,1.48,Safe,AQI良好或為室內設施,2026-03-03 19:07:25
壯圍鄉立幼兒園,壯圍鄉古亭村永美路1段180號,24.8028,121.8162,True,351,宜蘭,33,13.06,Safe,AQI良好或為室內設施,2026-03-03 19:07:25
虎林國小,新竹市延平路二段78號,24.805193,120.940899,True,1645,新竹,42,2.85,Safe,AQI良好或為室內設施,2026-03-03 19:07:25
虎林國中,新竹市延平路二段76號,24.805194,120.941997,True,2840,新竹,42,2.75,Safe,AQI良好或為室內設施,2026-03-03 19:07:25
新竹女中,新竹市中華路二段270號,24.805546,120.975885,True,2640,新竹,42,1.25,Safe,AQI良好或為室內設施,2026-03-03 19:07:25
東區區公所,新竹市民族路40號,24.805564,120.973293,True,105,新竹,42,1.09,Safe,AQI良好或為室內設施,2026-03-03 19:07:25
東門國小,新竹市民族路33號,24.80578,120.97267,True,4800,新竹,42,1.03,Safe,AQI良好或為室內設施,2026-03-03 19:07:25
東海國小,東興路一段839號,24.8058,121.0498,True,615,新竹,42,8.35,Safe,AQI良好或為室內設施,2026-03-03 19:07:25
竹光國中,新竹市和平路一號,24.807347,120.955548,True,480,新竹,42,1.4,Safe,AQI良好或為室內設施,2026-03-03 19:07:25
民富國小,新竹市西大路561號,24.807709,120.959098,True,2250,新竹,42,1.09,Safe,AQI良好或為室內設施,2026-03-03 19:07:25
南和國小,南和里69號,24.8087,121.1204,True,470,新竹,42,15.44,Safe,AQI良好或為室內設施,2026-03-03 19:07:25
新竹高工,新竹市中華路二段2號,24.809466,120.983471,True,1570,新竹,42,1.68,Safe,AQI良好或為室內設施,2026-03-03 19:07:25
三民活動中心,十六結路101之1號,24.8099,121.7646,True,59,宜蘭,33,13.02,Safe,AQI良好或為室內設施,2026-03-03 19:07:25
磐石中學,新竹市西大路683號,24.810797,120.956991,True,1130,新竹,42,1.11,Safe,AQI良好或為室內設施,2026-03-03 19:07:25
曙光女中,新竹市北大路61號,24.811459,120.972659,True,1565,新竹,42,0.58,Safe,AQI良好或為室內設施,2026-03-03 19:07:25
曙光國小,新竹市北大路70號,24.812434,120.971126,True,485,新竹,42,0.4,Safe,AQI良好或為室內設施,2026-03-03 19:07:25
三民國中,新竹市自由路95巷15號,24.812643,120.980285,True,2935,新竹,42,1.3,Safe,AQI良好或為室內設施,2026-03-03 19:07:26
水源國小,新竹市仰德路11號,24.812834,121.002681,True,1110,新竹,42,3.55,Safe,AQI良好或為室內設施,2026-03-03 19:07:26
三民國小,礁溪鄉十六結路100號,24.8133,121.7596,True,180,宜蘭,33,13.43,Safe,AQI良好或為室內設施,2026-03-03 19:07:26
三民國小,新竹市自由路66號,24.813321,120.981423,True,2390,新竹,42,1.41,Safe,AQI良好或為室內設施,2026-03-03 19:07:26
六家國小,嘉興路62號,24.8137,121.0254,True,760,新竹,42,5.84,Safe,AQI良好或為室內設施,2026-03-03 19:07:26
石光國小,9鄰石岡子386號,24.8138,121.129,True,490,新竹,42,16.3,Safe,AQI良好或為室內設施,2026-03-03 19:07:26
港南國小,新竹市港南里海埔路171巷91號,24.813817,120.923258,True,1100,新竹,42,4.47,Safe,AQI良好或為室內設施,2026-03-03 19:07:26
北門國小,新竹市水田街33號,24.814158,120.965902,True,1160,新竹,42,0.17,Safe,AQI良好或為室內設施,2026-03-03 19:07:26
寶石國小,關埔路672號,24.8162,121.0791,True,900,新竹,42,11.27,Safe,AQI良好或為室內設施,2026-03-03 19:07:26
北區區公所,新竹市國華街69號,24.816533,120.970462,True,215,新竹,42,0.43,Safe,AQI良好或為室內設施,2026-03-03 19:07:26
佛光大學,林尾路160號,24.8169,121.7189,True,642,宜蘭,33,14.74,Safe,AQI良好或為室內設施,2026-03-03 19:07:26
礁溪國中,礁溪路四段23號,24.8172,121.7677,True,531,宜蘭,33,13.82,Safe,AQI良好或為室內設施,2026-03-03 19:07:26
光華國中,新竹市光華北街10號,24.818393,120.973409,True,2925,新竹,42,0.79,Safe,AQI良好或為室內設施,2026-03-03 19:07:26
成功國中,成功八路99號,24.818666,121.017037,True,775,新竹,42,5.03,Safe,AQI良好或為室內設施,2026-03-03 19:07:26
載熙國小,新竹市北區東大路二段386號,24.819403,120.963378,True,1705,新竹,42,0.75,Safe,AQI良好或為室內設施,2026-03-03 19:07:26
六家高中,嘉興路356號,24.820934,121.031998,True,720,新竹,42,6.56,Safe,AQI良好或為室內設施,2026-03-03 19:07:26
礁溪國小,礁溪路四段135號,24.8217,121.7685,True,339,宜蘭,33,14.32,Safe,AQI良好或為室內設施,2026-03-03 19:07:26
淡江大學蘭陽校園,礁溪鄉林美村林尾路180號,24.8222,121.729,True,638,宜蘭,33,14.98,Safe,AQI良好或為室內設施,2026-03-03 19:07:26
舊社國小,新竹市北區金竹路99號,24.822754,120.973497,True,1040,新竹,42,1.17,Safe,AQI良好或為室內設施,2026-03-03 19:07:26
十興國小,莊敬北路66號,24.824104,121.024088,True,740,新竹,42,5.82,Safe,AQI良好或為室內設施,2026-03-03 19:07:26
竹安里-竹安國小五育樓,頭城鎮竹安里頭濱路一段601號,24.8252,121.8206,True,93,宜蘭,33,15.56,Safe,AQI良好或為室內設施,2026-03-03 19:07:26
復興社區活動中心,復興路二段275巷16號,24.825594,121.310479,True,30,桃園,38,18.71,Safe,AQI良好或為室內設施,2026-03-03 19:07:26
龍源國小操場,深窩子16之1號,24.82605,121.212164,False,800,桃園,38,20.67,Safe,AQI良好或為室內設施,2026-03-03 19:07:26
太平國小,5鄰大旱坑27號,24.8263,121.1194,True,220,新竹,42,15.39,Safe,AQI良好或為室內設施,2026-03-03 19:07:26
文山國小,國校路160號,24.82632,121.0474,True,510,新竹,42,8.18,Safe,AQI良好或為室內設施,2026-03-03 19:07:26
高原里集會所,中原路3段135號,24.826594,121.192084,True,140,桃園,38,21.58,Safe,AQI良好或為室內設施,2026-03-03 19:07:26
高平社區活動中心,高平村龍源路11號,24.826772,121.206349,True,170,桃園,38,20.86,Safe,AQI良好或為室內設施,2026-03-03 19:07:26
新埔國中,中正路792號,24.8279,121.0709,True,1400,新竹,42,10.55,Safe,AQI良好或為室內設施,2026-03-03 19:07:26
新埔鎮公所,中正路776號,24.828171,121.071269,True,40,新竹,42,10.59,Safe,AQI良好或為室內設施,2026-03-03 19:07:26
新埔國小,中正路366號,24.8286,121.0791,True,280,新竹,42,11.38,Safe,AQI良好或為室內設施,2026-03-03 19:07:26
德陽宮弘道大樓,中山路二段133號,24.8287,121.7651,True,116,宜蘭,33,15.11,Safe,AQI良好或為室內設施,2026-03-03 19:07:26
大平里集會所,大平24-1號,24.828866,121.24615,True,230,桃園,38,19.13,Safe,AQI良好或為室內設施,2026-03-03 19:07:26
大東茶?,15鄰大東坑67號,24.829077,121.165982,True,110,新竹,42,20.1,Safe,AQI良好或為室內設施,2026-03-03 19:07:26
玉石活動中心,礁溪鄉公園路2號,24.8298,121.7768,True,44,宜蘭,33,15.24,Safe,AQI良好或為室內設施,2026-03-03 19:07:26
新星國小,民生街28號,24.83002,121.0735,True,590,新竹,42,10.85,Safe,AQI良好或為室內設施,2026-03-03 19:07:26
高原國小操場,橫岡下36號,24.830482,121.194407,False,1000,桃園,38,21.08,Safe,AQI良好或為室內設施,2026-03-03 19:07:26
博愛國小,光明六路72號,24.8311,121.0057,True,715,新竹,42,4.31,Safe,AQI良好或為室內設施,2026-03-03 19:07:26
新峰社區活動中心,復興路二段758巷48號,24.831286,121.329588,True,50,桃園,38,18.28,Safe,AQI良好或為室內設施,2026-03-03 19:07:26
溪洲福山巖,福山一路3號,24.831873,121.262147,True,100,桃園,38,18.41,Safe,AQI良好或為室內設施,2026-03-03 19:07:26
中崙里-中崙社區活動中心,頭城鎮中崙里路31號,24.8348,121.8027,True,76,宜蘭,33,16.11,Safe,AQI良好或為室內設施,2026-03-03 19:07:26
竹仁國小,仁和街1號,24.8363,121.0131,True,705,新竹,42,5.24,Safe,AQI良好或為室內設施,2026-03-03 19:07:26
三坑國小操場,永昌路51巷85號,24.836645,121.248866,False,150,桃園,38,18.23,Safe,AQI良好或為室內設施,2026-03-03 19:07:26
竹北高中暫代竹北國小,中央路3號,24.836963,121.00412,True,1885,新竹,42,4.5,Safe,AQI良好或為室內設施,2026-03-03 19:07:26
下埔里-下埔社區活動中心,頭城鎮下埔里路48-3號,24.837,121.8078,True,100,宜蘭,33,16.46,Safe,AQI良好或為室內設施,2026-03-03 19:07:26
南寮國小,新竹市東大路三段465號,24.838589,120.939241,True,1435,新竹,42,3.97,Safe,AQI良好或為室內設施,2026-03-03 19:07:26
二城里-二城社區活動中心,頭城鎮二城里青雲路一段143號,24.8388,121.7928,True,117,宜蘭,33,16.38,Safe,AQI良好或為室內設施,2026-03-03 19:07:26
枋寮國小,義民路二段350號,24.839011,121.043286,True,545,新竹,42,8.15,Safe,AQI良好或為室內設施,2026-03-03 19:07:26
竹北民眾活動中心,中正西路50號,24.8396,121.0036,True,155,新竹,42,4.64,Safe,AQI良好或為室內設施,2026-03-03 19:07:26
三林社區活動中心,三角林37號,24.840368,121.229961,True,80,桃園,38,18.48,Safe,AQI良好或為室內設施,2026-03-03 19:07:26
龍潭高中操場,神龍路155號,24.84158,121.212445,False,1000,桃園,38,19.12,Safe,AQI良好或為室內設施,2026-03-03 19:07:26
石門國小禮堂,文化路188號,24.84158,121.241766,True,130,桃園,38,17.93,Safe,AQI良好或為室內設施,2026-03-03 19:07:26
石門國小操場,文化路188號,24.84158,121.241766,False,1000,桃園,38,17.93,Safe,AQI良好或為室內設施,2026-03-03 19:07:26
豐田國小,中正西路1377號,24.842245,120.964241,True,555,新竹,42,3.18,Safe,AQI良好或為室內設施,2026-03-03 19:07:26
新社國小,5鄰40號,24.8428,120.9981,True,525,新竹,42,4.46,Safe,AQI良好或為室內設施,2026-03-03 19:07:26
南華國中,新竹市海濱里海濱路55號,24.843514,120.92882,True,2125,新竹,42,5.11,Safe,AQI良好或為室內設施,2026-03-03 19:07:26
義民廟,義民路3段360號,24.84384,121.0363,True,40,新竹,42,7.7,Safe,AQI良好或為室內設施,2026-03-03 19:07:26
建林里集會所,忠勇街97號,24.84417,121.234824,True,50,桃園,38,17.91,Safe,AQI良好或為室內設施,2026-03-03 19:07:26
照東國小,9鄰36號,24.84461,121.1415,True,560,新竹,42,17.89,Safe,AQI良好或為室內設施,2026-03-03 19:07:26
頂埔里-順天府池府王爺廟,頭城鎮頂埔里路一段250號,24.8461,121.8149,True,29,宜蘭,33,17.62,Safe,AQI良好或為室內設施,2026-03-03 19:07:26
富林里集會所,建國路278號,24.846848,121.231628,True,60,桃園,38,17.75,Safe,AQI良好或為室內設施,2026-03-03 19:07:26
金盈里-金盈社區活動中心,頭城鎮金盈里路39號,24.8473,121.7966,True,37,宜蘭,33,17.37,Safe,AQI良好或為室內設施,2026-03-03 19:07:26
桃園縣三和國小,龍潭區三合村直坑39號,24.847681,121.1677,True,305,新竹,42,20.55,Safe,AQI良好或為室內設施,2026-03-03 19:07:26
三和國小操場,龍新路三和段1356號,24.847772,121.167639,False,400,新竹,42,20.55,Safe,AQI良好或為室內設施,2026-03-03 19:07:26
照門國小,9鄰39號,24.8489,121.1113,True,730,新竹,42,15.03,Safe,AQI良好或為室內設施,2026-03-03 19:07:26
照門國中,照鏡7號,24.84908,121.1133,True,1770,新竹,42,15.23,Safe,AQI良好或為室內設施,2026-03-03 19:07:26
頭寮社區活動中心,復興路一段755號,24.849845,121.287861,True,45,桃園,38,16.04,Safe,AQI良好或為室內設施,2026-03-03 19:07:26
上華里集會所,大順路209號,24.850738,121.217776,True,110,桃園,38,17.97,Safe,AQI良好或為室內設施,2026-03-03 19:07:26
北平國小,8鄰62號,24.8528,121.0858,True,430,新竹,42,12.7,Safe,AQI良好或為室內設施,2026-03-03 19:07:26
有木國小,有木里131號,24.8533,121.4373,True,109,新北,42,18.41,Safe,AQI良好或為室內設施,2026-03-03 19:07:26
新建里-新建社區活動中心,頭城鎮新建里新興路234-1號,24.8539,121.8196,True,124,宜蘭,33,18.58,Safe,AQI良好或為室內設施,2026-03-03 19:07:26
中正里集會所,龍華路526巷55-1號,24.854358,121.216678,True,130,桃園,38,17.66,Safe,AQI良好或為室內設施,2026-03-03 19:07:26
金面里-協天廟,頭城鎮金面里路354號,24.8549,121.7935,True,42,宜蘭,33,18.16,Safe,AQI良好或為室內設施,2026-03-03 19:07:26
上林社區活動中心,金龍路210號,24.855518,121.21206,True,100,桃園,38,17.78,Safe,AQI良好或為室內設施,2026-03-03 19:07:26
城西里-城隍廟,頭城鎮新建里吉祥路1號,24.8557,121.8219,True,46,宜蘭,33,18.83,Safe,AQI良好或為室內設施,2026-03-03 19:07:26
內柵國小,安和路38號,24.856082,121.282001,True,300,桃園,38,15.41,Safe,AQI良好或為室內設施,2026-03-03 19:07:26
雙龍國小操場,神龍路346號,24.856647,121.215334,False,800,桃園,38,17.51,Safe,AQI良好或為室內設施,2026-03-03 19:07:26
大坑里-協天宮,頭城鎮大坑里協天路599號,24.8572,121.8315,True,220,宜蘭,33,19.28,Safe,AQI良好或為室內設施,2026-03-03 19:07:26
三層社區活動中心,24鄰三層41號,24.858533,121.295778,True,45,桃園,38,15.03,Safe,AQI良好或為室內設施,2026-03-03 19:07:26
凌雲國中禮堂,中豐路上林段418號,24.858616,121.202008,True,150,桃園,38,18.03,Safe,AQI良好或為室內設施,2026-03-03 19:07:26
城東里-城東社區活動中心,頭城鎮城東里開蘭舊路6號,24.8591,121.825,True,53,宜蘭,33,19.28,Safe,AQI良好或為室內設施,2026-03-03 19:07:26
城北里-農會,西五巷3-1號,24.8592,121.8236,True,148,宜蘭,33,19.25,Safe,AQI良好或為室內設施,2026-03-03 19:07:26
鳳山社區活動中心,勝利路二段199號,24.8602,121.0223,True,25,新竹,42,7.56,Safe,AQI良好或為室內設施,2026-03-03 19:07:26
三和里集會所,龍新路竹窩段430號,24.860237,121.19293,True,140,桃園,38,18.4,Safe,AQI良好或為室內設施,2026-03-03 19:07:26
龍潭高中禮堂,神龍路155號,24.860466,121.212445,True,560,桃園,38,17.29,Safe,AQI良好或為室內設施,2026-03-03 19:07:26
鳳山村集會所,瑞安街22巷2號,24.8607,121.0218,True,25,新竹,42,7.56,Safe,AQI良好或為室內設施,2026-03-03 19:07:26
拔雅里-拔雅社區活動中心,頭城鎮拔雅里復興路12巷2號,24.861,121.8169,True,122,宜蘭,33,19.27,Safe,AQI良好或為室內設施,2026-03-03 19:07:26
福成里-福成社區活動中心,頭城鎮福成里宜三路二段378號,24.8618,121.8051,True,48,宜蘭,33,19.1,Safe,AQI良好或為室內設施,2026-03-03 19:07:26
武營里-頭城國小,頭城鎮武營里開蘭路282號,24.863,121.8274,True,338,宜蘭,33,19.77,Safe,AQI良好或為室內設施,2026-03-03 19:07:26
陸軍裝甲第542旅,,24.863184,121.02716,True,450,新竹,42,8.15,Safe,AQI良好或為室內設施,2026-03-03 19:07:26
五寮市民活動中心,五寮93號,24.863449,121.365455,True,137,桃園,38,15.86,Safe,AQI良好或為室內設施,2026-03-03 19:07:26
烏來國民中小學,啦卡路5號,24.863755,121.553147,True,152,台北,45,17.13,Safe,AQI良好或為室內設施,2026-03-03 19:07:26
鳳岡國中,鳳岡路三段100號,24.8639,120.9657,True,585,新竹,42,5.57,Safe,AQI良好或為室內設施,2026-03-03 19:07:26
龍潭里活動中心,南龍路13號,24.863934,121.212839,True,120,桃園,38,16.94,Safe,AQI良好或為室內設施,2026-03-03 19:07:26
龍潭國小禮堂,南龍路13號,24.864047,121.214346,True,360,桃園,38,16.85,Safe,AQI良好或為室內設施,2026-03-03 19:07:26
九龍社區活動中心,五福街330號,24.864163,121.225512,True,140,桃園,38,16.28,Safe,AQI良好或為室內設施,2026-03-03 19:07:26
勝利村集會所,勝利路二段19巷10號,24.865579,121.028447,True,30,新竹,42,8.42,Safe,AQI良好或為室內設施,2026-03-03 19:07:26
運動公園,公園路67號,24.865755,121.219764,False,5000,桃園,38,16.41,Safe,AQI良好或為室內設施,2026-03-03 19:07:26
湖口鄉老人文康活動中心,新生路122號,24.8661,121.026,True,105,新竹,42,8.29,Safe,AQI良好或為室內設施,2026-03-03 19:07:26
中興社區活動中心,工業一路85號,24.8678,121.0277,True,90,新竹,42,8.54,Safe,AQI良好或為室內設施,2026-03-03 19:07:26
中山社區活動中心,華南路1號旁,24.868209,121.214887,True,60,桃園,38,16.43,Safe,AQI良好或為室內設施,2026-03-03 19:07:26
瑞源社區活動中心,番子寮59號,24.868543,121.252624,True,50,桃園,38,14.74,Safe,AQI良好或為室內設施,2026-03-03 19:07:26
凌雲里集會所,干城路19巷28號,24.868638,121.207739,True,50,桃園,38,16.78,Safe,AQI良好或為室內設施,2026-03-03 19:07:26
龍祥里集會所,干城路19巷26號,24.868638,121.207739,True,50,桃園,38,16.78,Safe,AQI良好或為室內設施,2026-03-03 19:07:26
龍潭區婦幼館,干城路19巷30號,24.868638,121.207739,True,170,桃園,38,16.78,Safe,AQI良好或為室內設施,2026-03-03 19:07:26
龍潭鄉婦幼館前廣場,干城路19巷30號前,24.868638,121.207739,False,200,桃園,38,16.78,Safe,AQI良好或為室內設施,2026-03-03 19:07:26
松林國小,松林街33鄰99號,24.869,120.9907,True,765,新竹,42,6.57,Safe,AQI良好或為室內設施,2026-03-03 19:07:26
武漢國小操場,武漢路100號,24.870371,121.234685,False,800,桃園,38,15.25,Safe,AQI良好或為室內設施,2026-03-03 19:07:26
山崎國小,新興路291號,24.8721,120.9988,True,720,新竹,42,7.21,Safe,AQI良好或為室內設施,2026-03-03 19:07:26
鳳凰社區活動中心,仁和路100號,24.8728,121.0145,True,55,新竹,42,8.1,Safe,AQI良好或為室內設施,2026-03-03 19:07:26
八德里集會所,梅龍路2號,24.873178,121.201718,True,150,桃園,38,16.72,Safe,AQI良好或為室內設施,2026-03-03 19:07:26
美華社區活動中心,美山路一段660號,24.874405,121.300457,True,30,桃園,38,13.25,Safe,AQI良好或為室內設施,2026-03-03 19:07:26
黃唐社區活動中心,成功路190巷10號,24.875343,121.228034,True,150,桃園,38,15.07,Safe,AQI良好或為室內設施,2026-03-03 19:07:26
中興里活動中心,中興路240巷38號,24.875467,121.234709,True,130,桃園,38,14.74,Safe,AQI良好或為室內設施,2026-03-03 19:07:26
松林社區活動中心,康樂路一段516號,24.8756,120.5854,True,60,新竹,42,39.16,Safe,AQI良好或為室內設施,2026-03-03 19:07:26
港口里-港口社區活動中心,頭城鎮港口里（路）60-3號,24.8762,121.8403,True,67,宜蘭,33,21.57,Safe,AQI良好或為室內設施,2026-03-03 19:07:26
湖南村集會所,7鄰鐵騎路1巷11號,24.877,121.0495,True,135,新竹,42,10.86,Safe,AQI良好或為室內設施,2026-03-03 19:07:26
湖鏡村集會所,八德路二段78巷36弄50號,24.8775,121.0556,True,675,新竹,42,11.37,Safe,AQI良好或為室內設施,2026-03-03 19:07:26
一德社區活動中心,康莊路251號3樓,24.878311,121.287976,True,30,桃園,38,12.89,Safe,AQI良好或為室內設施,2026-03-03 19:07:26
員山綜合活動中心,忠一街216號,24.8792,120.9977,True,125,新竹,42,7.88,Safe,AQI良好或為室內設施,2026-03-03 19:07:26
武漢國中操場,成功路190巷227號,24.879482,121.231839,False,1200,桃園,38,14.48,Safe,AQI良好或為室內設施,2026-03-03 19:07:26
潛龍國小操場,中豐路401號,24.880771,121.210569,False,500,桃園,38,15.51,Safe,AQI良好或為室內設施,2026-03-03 19:07:26
烏林社區活動中心,中豐路401號,24.881096,121.209566,True,100,桃園,38,15.54,Safe,AQI良好或為室內設施,2026-03-03 19:07:26
下田心社區活動中心,民權東路94巷29號,24.881411,121.29121,True,50,桃園,38,12.51,Safe,AQI良好或為室內設施,2026-03-03 19:07:26
八德社區活動中心,聖亭路八德段451巷140號,24.881998,121.195097,True,100,桃園,38,16.37,Safe,AQI良好或為室內設施,2026-03-03 19:07:26
三元社區活動中心,員林路2段450號,24.882515,121.265796,True,50,桃園,38,12.85,Safe,AQI良好或為室內設施,2026-03-03 19:07:26
德龍國小操場,聖亭路八德段451巷140號,24.882832,121.195124,False,800,桃園,38,16.3,Safe,AQI良好或為室內設施,2026-03-03 19:07:26
長安社區活動中心,8鄰長安路381號,24.8829,121.0996,True,65,新竹,42,15.39,Safe,AQI良好或為室內設施,2026-03-03 19:07:26
外澳里-外澳社區活動中心,頭城鎮外澳里濱海路二段212號,24.8833,121.8458,True,49,宜蘭,33,22.49,Safe,AQI良好或為室內設施,2026-03-03 19:07:26
信賢活動中心,信福路48號,24.883684,121.548453,True,30,台北,45,14.88,Safe,AQI良好或為室內設施,2026-03-03 19:07:26
綜合活動中心,烏來街34號,24.883684,121.548453,True,30,台北,45,14.88,Safe,AQI良好或為室內設施,2026-03-03 19:07:26
忠治活動中心,忠治14號,24.883684,121.548453,True,30,台北,45,14.88,Safe,AQI良好或為室內設施,2026-03-03 19:07:26
福山活動中心,2鄰李茂岸51號,24.883684,121.548453,True,50,台北,45,14.88,Safe,AQI良好或為室內設施,2026-03-03 19:07:26
烏來活動中心,13鄰環山路82巷45號,24.883684,121.548453,True,50,台北,45,14.88,Safe,AQI良好或為室內設施,2026-03-03 19:07:26
福山國小,福山里李茂岸56號,24.883684,121.548453,True,305,台北,45,14.88,Safe,AQI良好或為室內設施,2026-03-03 19:07:26
大溪國小,登龍路19號,24.884168,121.286797,True,550,桃園,38,12.25,Safe,AQI良好或為室內設施,2026-03-03 19:07:26
波羅村集會所,千禧路32號,24.884806,121.027932,True,47,新竹,42,9.98,Safe,AQI良好或為室內設施,2026-03-03 19:07:26
興福社區活動中心,仁愛路11號,24.88515,121.285874,True,45,桃園,38,12.16,Safe,AQI良好或為室內設施,2026-03-03 19:07:26
愛勢村集會所,17鄰信義街59號,24.886026,121.060153,True,40,新竹,42,12.32,Safe,AQI良好或為室內設施,2026-03-03 19:07:26
湖口村集會所,中美東路358巷27號,24.886026,121.060153,True,75,新竹,42,12.32,Safe,AQI良好或為室內設施,2026-03-03 19:07:26
月眉社區活動中心,月眉105號,24.889615,121.287715,True,350,桃園,38,11.64,Safe,AQI良好或為室內設施,2026-03-03 19:07:26
新豐鄉中正堂,長春路89巷1號,24.8898,120.9876,True,100,新竹,42,8.69,Safe,AQI良好或為室內設施,2026-03-03 19:07:26
上坑社區活動中心,坑子口398之1號,24.8909,120.9741,True,80,新竹,42,8.6,Safe,AQI良好或為室內設施,2026-03-03 19:07:26
山子頂公園,自由街、湧光路136巷口,24.8931,121.2044,False,233,桃園,38,14.82,Safe,AQI良好或為室內設施,2026-03-03 19:07:26
祥安國小,湧安路45號,24.894,121.2032,True,295,桃園,38,14.83,Safe,AQI良好或為室內設施,2026-03-03 19:07:26
中正村集會所,中正二路70號,24.894449,121.047063,True,300,新竹,42,12.04,Safe,AQI良好或為室內設施,2026-03-03 19:07:26
信義村集會所,中山二街72號,24.895453,121.040252,True,80,新竹,42,11.68,Safe,AQI良好或為室內設施,2026-03-03 19:07:26
大東社區活動中心,甡甡路440號二樓,24.895827,121.129569,True,50,新竹,42,18.72,Safe,AQI良好或為室內設施,2026-03-03 19:07:26
山豐國小,中豐路山頂段375巷45號,24.8964,121.2131,True,70,桃園,38,13.98,Safe,AQI良好或為室內設施,2026-03-03 19:07:26
平鎮區幼兒園紹豐分班,湧光路110號,24.8967,121.2094,True,87,桃園,38,14.19,Safe,AQI良好或為室內設施,2026-03-03 19:07:26
湧光里里民集會所,湧光里湧光路110號2樓,24.8967,121.2094,True,87,桃園,38,14.19,Safe,AQI良好或為室內設施,2026-03-03 19:07:26
永揚社區活動中心,老莊路2-1號,24.897372,121.15188,True,20,桃園,38,18.45,Safe,AQI良好或為室內設施,2026-03-03 19:07:26
仁和社區活動中心,仁和七街159號,24.897578,121.273886,True,70,桃園,38,11.02,Safe,AQI良好或為室內設施,2026-03-03 19:07:26
新豐鄉老人會館新豐鄉老人文康活動中心,新市路93號,24.8992,120.985,True,40,新竹,42,9.66,Safe,AQI良好或為室內設施,2026-03-03 19:07:26
山峰社區活動中心,福林里山子頂6號,24.8994,121.2126,True,116,桃園,38,13.75,Safe,AQI良好或為室內設施,2026-03-03 19:07:26
中崙社區活動中心,2鄰37號,24.9002,120.9978,True,30,新竹,42,10.08,Safe,AQI良好或為室內設施,2026-03-03 19:07:26
湖口陸軍裝甲第542旅,湖口鄉勝利路二段350號湖口郵政90979號信箱,24.9007,120.9888,True,450,新竹,42,9.9,Safe,AQI良好或為室內設施,2026-03-03 19:07:26
新豐鄉公所,建興路二段748巷15號,24.9011,120.9851,True,240,新竹,42,9.87,Safe,AQI良好或為室內設施,2026-03-03 19:07:26
新豐國小,明德巷13號,24.9011,120.9877,True,660,新竹,42,9.92,Safe,AQI良好或為室內設施,2026-03-03 19:07:26
中興停車場,達生路123號,24.9016,121.0493,True,315,新竹,42,12.78,Safe,AQI良好或為室內設施,2026-03-03 19:07:26
大勇 大義活動中心,自強街60號,24.9018,121.2864,True,140,桃園,38,10.31,Safe,AQI良好或為室內設施,2026-03-03 19:07:26
仁愛社區活動中心,埔頂街15巷仁和宮旁）,24.901989,121.275658,True,60,桃園,38,10.5,Safe,AQI良好或為室內設施,2026-03-03 19:07:26
龜山國小,新北市新店區新烏路三段99巷10號,24.9022,121.5532,True,75,台北,45,12.87,Safe,AQI良好或為室內設施,2026-03-03 19:07:26
更新里-更新漁民活動中心,頭城鎮濱海路三段93號,24.9022,121.8634,True,34,宜蘭,33,25.09,Safe,AQI良好或為室內設施,2026-03-03 19:07:26
廣興里辦公處,新北市新店區平廣路一段35巷3號,24.902531,121.533799,True,37,台北,45,12.77,Safe,AQI良好或為室內設施,2026-03-03 19:07:26
龜山市民活動中心,新北市新店區新烏路3段136號,24.9031,121.552,True,133,台北,45,12.76,Safe,AQI良好或為室內設施,2026-03-03 19:07:26
楊梅國中綜合活動中心,貴山街1號,24.903472,121.150291,True,500,桃園,38,18.2,Safe,AQI良好或為室內設施,2026-03-03 19:07:26
莊敬公園,自強街、莊福路口,24.904,121.2148,False,42,桃園,38,13.22,Safe,AQI良好或為室內設施,2026-03-03 19:07:26
莊敬里里民集會所,莊敬里自強街100號,24.9044,121.2147,True,67,桃園,38,13.19,Safe,AQI良好或為室內設施,2026-03-03 19:07:26
南興社區活動中心,仁和路二段190巷79號（永昌宮旁）,24.90441,121.26517,True,50,桃園,38,10.55,Safe,AQI良好或為室內設施,2026-03-03 19:07:26
石里倉庫,石27之1號,24.904686,121.745228,True,10,宜蘭,33,23.69,Safe,AQI良好或為室內設施,2026-03-03 19:07:26
崎頂社區活動中心,公園路30號2樓,24.904809,121.28385,True,50,桃園,38,10.02,Safe,AQI良好或為室內設施,2026-03-03 19:07:26
鎮興里里民集會所,中興路平鎮段229號,24.9057,121.1943,True,81,桃園,38,14.53,Safe,AQI良好或為室內設施,2026-03-03 19:07:26
大埔國小,大埔路130號,24.9057,121.3665,True,625,桃園,38,11.8,Safe,AQI良好或為室內設施,2026-03-03 19:07:26
明德高中,中正路二段399號,24.9069,121.3639,True,1569,桃園,38,11.54,Safe,AQI良好或為室內設施,2026-03-03 19:07:26
楊梅區公所大禮堂,大成路2號,24.907477,121.14586,True,100,桃園,38,18.34,Safe,AQI良好或為室內設施,2026-03-03 19:07:26
德盛村集會所,德興路127巷13號,24.9088,121.0445,True,40,新竹,42,13.11,Safe,AQI良好或為室內設施,2026-03-03 19:07:26
竹崙市民活動中心,竹崙里146號,24.9088,121.4349,True,113,新北,42,12.42,Safe,AQI良好或為室內設施,2026-03-03 19:07:26
青埔社區活動中心,6鄰80之2號,24.9098,120.9764,True,40,新竹,42,10.71,Safe,AQI良好或為室內設施,2026-03-03 19:07:26
新豐社區活動中心,池府路149號,24.9099,120.9765,True,45,新竹,42,10.72,Safe,AQI良好或為室內設施,2026-03-03 19:07:26
天津環保公園,天津街、漢口街121巷口,24.91,121.2072,False,47,桃園,38,13.26,Safe,AQI良好或為室內設施,2026-03-03 19:07:26
漢口環保公園,漢口街、大興街口,24.9101,121.205,False,42,桃園,38,13.41,Safe,AQI良好或為室內設施,2026-03-03 19:07:26
臺北榮家,白雞127號,24.9102,121.3937,True,339,桃園,38,13.17,Safe,AQI良好或為室內設施,2026-03-03 19:07:26
長青文康中心,金星里64鄰開封街88號,24.9103,121.2041,True,59,桃園,38,13.46,Safe,AQI良好或為室內設施,2026-03-03 19:07:26
平鎮區幼兒園東勢分班,金陵路5段57號,24.9104,121.2313,True,89,桃園,38,11.62,Safe,AQI良好或為室內設施,2026-03-03 19:07:26
東勢社區活動中心,金陵路5段55號,24.9105,121.2315,True,107,桃園,38,11.6,Safe,AQI良好或為室內設施,2026-03-03 19:07:26
楊明公園,中山北路一段390巷、金山街口,24.910681,121.158918,False,1000,桃園,38,17.04,Safe,AQI良好或為室內設施,2026-03-03 19:07:26
康橋高級中學,新北市新店區華城路800號,24.9109,121.4978,True,250,新北,42,12.17,Safe,AQI良好或為室內設施,2026-03-03 19:07:26
大合社區活動中心,自立街2號,24.910932,121.149137,True,50,桃園,38,17.86,Safe,AQI良好或為室內設施,2026-03-03 19:07:26
三湖社區活動中心,楊湖路二段491號,24.911967,121.108509,True,50,新竹,42,17.93,Safe,AQI良好或為室內設施,2026-03-03 19:07:26
民義國小,白雞路40號,24.912,121.3755,True,975,桃園,38,11.78,Safe,AQI良好或為室內設施,2026-03-03 19:07:26
上湖社區活動中心,楊湖路三段679之1號,24.912185,121.082425,True,100,新竹,42,15.94,Safe,AQI良好或為室內設施,2026-03-03 19:07:26
長沙公園,開封街與長沙街口,24.9122,121.2042,False,93,桃園,38,13.31,Safe,AQI良好或為室內設施,2026-03-03 19:07:26
民俗文化公園,上海路長沙街對面,24.9122,121.2067,False,361,桃園,38,13.13,Safe,AQI良好或為室內設施,2026-03-03 19:07:26
屈尺國小廣興分校,新店市廣興路57號。,24.9125,121.5396,True,37,台北,45,11.65,Safe,AQI良好或為室內設施,2026-03-03 19:07:26
埔心公園,五守街旁,24.913118,121.186092,False,2300,桃園,38,14.64,Safe,AQI良好或為室內設施,2026-03-03 19:07:26
瑞塘社區活動中心,四維路二段20號,24.913774,121.179329,True,100,桃園,38,15.14,Safe,AQI良好或為室內設施,2026-03-03 19:07:26
仁善社區活動中心,仁德街19號,24.914076,121.281644,True,70,桃園,38,9.06,Safe,AQI良好或為室內設施,2026-03-03 19:07:26
金龍社區活動中心,中興路236之1號,24.914501,121.186274,True,100,桃園,38,14.53,Safe,AQI良好或為室內設施,2026-03-03 19:07:26
平鎮區幼兒園南勢分班,南安路93號,24.9149,121.2081,True,205,桃園,38,12.82,Safe,AQI良好或為室內設施,2026-03-03 19:07:26
東興村集會所,德和路6號,24.9159,121.0502,True,95,新竹,42,14.09,Safe,AQI良好或為室內設施,2026-03-03 19:07:26
東安國中,平東路168號,24.9166,121.2498,True,136,桃園,38,10.0,Safe,AQI良好或為室內設施,2026-03-03 19:07:26
霧峰國中行政大樓地下室,霧峰區北柳里國中路110號,24.917,120.4141,True,175,新竹,42,57.0,Safe,AQI良好或為室內設施,2026-03-03 19:07:26
霧峰國小志文樓地下室,中正路736號,24.917,120.41411,True,800,新竹,42,57.0,Safe,AQI良好或為室內設施,2026-03-03 19:07:26
霧峰國中行政大樓地下室,國中路110號,24.917,120.41411,True,1381,新竹,42,57.0,Safe,AQI良好或為室內設施,2026-03-03 19:07:26
和興村集會所,德和路128號,24.917,121.046,True,20,新竹,42,13.94,Safe,AQI良好或為室內設施,2026-03-03 19:07:26
水美社區活動中心,楊新路二段2之1號,24.918994,121.137079,True,100,桃園,38,18.49,Safe,AQI良好或為室內設施,2026-03-03 19:07:26
瑞興社區活動中心,8鄰大鶯路936號,24.919559,121.3032,True,45,桃園,38,8.24,Safe,AQI良好或為室內設施,2026-03-03 19:07:26
屈尺國小,新北市新店區屈尺路五十五號,24.9225,121.5463,True,320,台北,45,10.56,Safe,AQI良好或為室內設施,2026-03-03 19:07:26
僑愛社區活動中心,僑愛1街,24.922855,121.293733,True,50,桃園,38,7.9,Safe,AQI良好或為室內設施,2026-03-03 19:07:26
屈尺市民活動中心,新北市新店區屈尺路125號,24.923518,121.544999,True,75,台北,45,10.44,Safe,AQI良好或為室內設施,2026-03-03 19:07:26
東社社區活動中心,圳南路50巷23號,24.9241,121.2437,True,116,桃園,38,9.65,Safe,AQI良好或為室內設施,2026-03-03 19:07:26
大成國小,成福路215巷2號,24.9243,121.4275,True,187,新北,42,11.01,Safe,AQI良好或為室內設施,2026-03-03 19:07:26
龍岡公園,龍岡圓環旁,24.925946,121.244033,False,274,桃園,38,9.46,Safe,AQI良好或為室內設施,2026-03-03 19:07:26
中壢區龍岡里集會所,龍岡路三段742號,24.926071,121.243388,True,50,桃園,38,9.49,Safe,AQI良好或為室內設施,2026-03-03 19:07:26
龍岡公園新,龍岡路消防隊旁,24.926099,121.244013,False,584,桃園,38,9.45,Safe,AQI良好或為室內設施,2026-03-03 19:07:26
建安國小,建安路67號,24.9264,121.4471,True,292,新北,42,10.23,Safe,AQI良好或為室內設施,2026-03-03 19:07:26
安溪國中,大同路135號,24.9266,121.3728,True,1675,桃園,38,10.39,Safe,AQI良好或為室內設施,2026-03-03 19:07:26
豐德公園,豐田一路地號︰豐田段1429-0000號,24.9267,121.2876,False,168,桃園,38,7.56,Safe,AQI良好或為室內設施,2026-03-03 19:07:26
貿七公園,貿一路、貿中街口,24.9269,121.2516,False,42,桃園,38,8.93,Safe,AQI良好或為室內設施,2026-03-03 19:07:26
龍友里集會所,龍宮街36巷1號,24.9271,121.2582,True,40,桃園,38,8.56,Safe,AQI良好或為室內設施,2026-03-03 19:07:26
中園國小,弘園街22號,24.9278,121.3672,True,926,桃園,38,9.9,Safe,AQI良好或為室內設施,2026-03-03 19:07:26
青埔社區老人會館,6鄰青埔子80-1號,24.928,121.0133,True,45,新竹,42,13.51,Safe,AQI良好或為室內設施,2026-03-03 19:07:26
獅子林社區活動中心,北貴里大仁街46號,24.9281,121.2256,True,94,桃園,38,10.53,Safe,AQI良好或為室內設施,2026-03-03 19:07:26
中興社區活動中心,大鶯路1450巷26號,24.928766,121.317064,True,50,桃園,38,7.39,Safe,AQI良好或為室內設施,2026-03-03 19:07:26
瑞原社區活動中心,民豐路506之1號,24.929769,121.112014,True,100,新竹,42,19.46,Safe,AQI良好或為室內設施,2026-03-03 19:07:26
介壽國小,大同路1號,24.9298,121.3785,True,289,桃園,38,10.55,Safe,AQI良好或為室內設施,2026-03-03 19:07:26
瑞祥里集會所,介壽路二段1233巷46-1號,24.9303,121.2988,True,128,桃園,38,7.04,Safe,AQI良好或為室內設施,2026-03-03 19:07:26
安溪國小,中華路42號,24.9304,121.3729,True,435,桃園,38,10.1,Safe,AQI良好或為室內設施,2026-03-03 19:07:26
青少年活動中心,興豐路2207號,24.9308,121.2945,True,175,桃園,38,7.01,Safe,AQI良好或為室內設施,2026-03-03 19:07:26
陽光活力園區,興豐路2189巷地號︰大發段1219-0000號,24.9308,121.2945,False,251,桃園,38,7.01,Safe,AQI良好或為室內設施,2026-03-03 19:07:26
興豐公園三,豐田路與豐田五街,24.9311,121.2893,False,200,桃園,38,7.05,Safe,AQI良好或為室內設施,2026-03-03 19:07:26
大明活動中心,桃鶯路134號,24.9316,121.2838,True,67,桃園,38,7.11,Safe,AQI良好或為室內設施,2026-03-03 19:07:26
竹霄活動中心,廟前2鄰1-1號,24.9316,121.2838,True,125,桃園,38,7.11,Safe,AQI良好或為室內設施,2026-03-03 19:07:26
龍安公園,龍江路國軍副食品後,24.931644,121.257829,False,208,桃園,38,8.15,Safe,AQI良好或為室內設施,2026-03-03 19:07:26
振興公園,振興里龍陵路以西,24.931646,121.231332,False,225,桃園,38,9.84,Safe,AQI良好或為室內設施,2026-03-03 19:07:26
副食品公園,龍江路旁,24.931675,121.257805,False,950,桃園,38,8.15,Safe,AQI良好或為室內設施,2026-03-03 19:07:26
富岡社區活動中心,新明街347巷2弄1號二樓,24.93201,121.075161,True,100,新竹,42,17.05,Safe,AQI良好或為室內設施,2026-03-03 19:07:26
興豐公園一,豐田七街地號︰豐田段1342-0000號,24.9321,121.2885,False,72,桃園,38,6.95,Safe,AQI良好或為室內設施,2026-03-03 19:07:26
建德公園,長興路與建德路口地號︰福興段0973-0000號,24.9327,121.2733,False,148,桃園,38,7.32,Safe,AQI良好或為室內設施,2026-03-03 19:07:26
龍岡萬坪公園,龍岡路三段,24.93283,121.251014,False,3443,桃園,38,8.43,Safe,AQI良好或為室內設施,2026-03-03 19:07:26
高山社區活動中心,幼獅路三段168號二樓,24.932923,121.156662,True,100,桃園,38,16.04,Safe,AQI良好或為室內設施,2026-03-03 19:07:26
成福國小,溪東路213號,24.9332,121.4057,True,261,新北,42,11.14,Safe,AQI良好或為室內設施,2026-03-03 19:07:26
藝文廣場,興豐路825巷旁地號︰瑞豐段0975-0001號,24.9334,121.2999,False,47,桃園,38,6.69,Safe,AQI良好或為室內設施,2026-03-03 19:07:26
里昂社區公園,竹興街地號︰霄裡段0618-0000號,24.9339,121.2703,False,32,桃園,38,7.32,Safe,AQI良好或為室內設施,2026-03-03 19:07:26
龍岡森林公園,龍岡路三段與龍岡路262巷,24.933902,121.235785,False,2500,桃園,38,9.34,Safe,AQI良好或為室內設施,2026-03-03 19:07:26
三峽國小,中山路16號,24.9345,121.3697,True,581,桃園,38,9.55,Safe,AQI良好或為室內設施,2026-03-03 19:07:26
長青市民活動中心,中山路65號,24.93479,121.367,True,166,桃園,38,9.33,Safe,AQI良好或為室內設施,2026-03-03 19:07:26
楓樹腳休閒公園,介壽路二段946巷947號旁,24.9348,121.2967,False,468,桃園,38,6.55,Safe,AQI良好或為室內設施,2026-03-03 19:07:26
南亞公園,龍福路與龍東路445巷,24.934965,121.25218,False,856,桃園,38,8.17,Safe,AQI良好或為室內設施,2026-03-03 19:07:26
溪濱公園,廣興五街,24.9353,121.2825,False,43,桃園,38,6.75,Safe,AQI良好或為室內設施,2026-03-03 19:07:26
瑞泰社區公園,介壽路二段933巷瑞豐國小旁地號︰瑞豐段0966-0000號,24.9356,121.2982,False,20,桃園,38,6.46,Safe,AQI良好或為室內設施,2026-03-03 19:07:26
新勢公園,延平路與中豐路口,24.9357,121.2005,False,1260,桃園,38,12.0,Safe,AQI良好或為室內設施,2026-03-03 19:07:26
龍和公園,隆昌街以南,24.93578,121.249574,False,203,桃園,38,8.26,Safe,AQI良好或為室內設施,2026-03-03 19:07:26
北勢國小,金陵路二段330號,24.9358,121.2238,True,70,桃園,38,10.09,Safe,AQI良好或為室內設施,2026-03-03 19:07:26
合興里-合興社區活動中心,頭城鎮合興里路94-1號,24.9359,121.8859,True,44,基隆,35,25.94,Safe,AQI良好或為室內設施,2026-03-03 19:07:26
瑞安公園,瑞安街底,24.9361,121.2967,False,49,桃園,38,6.41,Safe,AQI良好或為室內設施,2026-03-03 19:07:26
新北市坪林區公所,坪林101號,24.93614,121.711784,True,50,台北,45,19.57,Safe,AQI良好或為室內設施,2026-03-03 19:07:26
新北市坪林區坪林國民小學,坪林114號,24.936238,121.71088,True,314,台北,45,19.48,Safe,AQI良好或為室內設施,2026-03-03 19:07:26
豐野社區活動中心,信義街83巷25弄23號,24.936444,121.084322,True,100,新竹,42,18.02,Safe,AQI良好或為室內設施,2026-03-03 19:07:26
上田社區活動中心,和平路87號2樓,24.937104,121.125912,True,50,桃園,38,18.73,Safe,AQI良好或為室內設施,2026-03-03 19:07:26
北興社區活動中心,金陵路2段433號,24.9375,121.2248,True,51,桃園,38,9.9,Safe,AQI良好或為室內設施,2026-03-03 19:07:26
中壢區台貿社區活動中心,台貿一街100號,24.937684,121.255788,True,125,桃園,38,7.71,Safe,AQI良好或為室內設施,2026-03-03 19:07:26
高榮社區活動中心,幼獅路二段390之2號,24.937725,121.16583,True,50,桃園,38,14.98,Safe,AQI良好或為室內設施,2026-03-03 19:07:26
龍德公園,龍興國中旁,24.937741,121.237951,False,206,桃園,38,8.89,Safe,AQI良好或為室內設施,2026-03-03 19:07:26
直潭國小,新北市新店區直潭路92號,24.9378,121.5313,True,1600,台北,45,8.88,Safe,AQI良好或為室內設施,2026-03-03 19:07:26
新北市立坪林國民中學,國中路4號,24.938007,121.712825,True,1144,台北,45,19.57,Safe,AQI良好或為室內設施,2026-03-03 19:07:26
員本社區活動中心,2鄰員本路532之1號,24.938356,121.106168,True,100,新竹,42,19.69,Safe,AQI良好或為室內設施,2026-03-03 19:07:26
興豐公園二,廣豐路與豐田路口,24.9386,121.3083,False,107,桃園,38,6.16,Safe,AQI良好或為室內設施,2026-03-03 19:07:26
三峽國中,復興路238號,24.9391,121.3693,True,1149,桃園,38,9.17,Safe,AQI良好或為室內設施,2026-03-03 19:07:26
鶯歌高職,中正三路154號,24.9393,121.335,True,1513,桃園,38,6.94,Safe,AQI良好或為室內設施,2026-03-03 19:07:26
伯公岡公園,民生街、富豐北路口,24.939416,121.084716,False,2000,新竹,42,18.3,Safe,AQI良好或為室內設施,2026-03-03 19:07:26
中壢區龍興社區活動中心,龍岡路三段37巷92弄102號,24.939461,121.23325,True,60,桃園,38,9.1,Safe,AQI良好或為室內設施,2026-03-03 19:07:26
黎明公園,榮民南路消防隊旁,24.939842,121.256073,False,188,桃園,38,7.5,Safe,AQI良好或為室內設施,2026-03-03 19:07:26
平鎮高中,南路三段100號,24.9399,121.2189,True,182,桃園,38,10.21,Safe,AQI良好或為室內設施,2026-03-03 19:07:26
廣仁里里民集會所,新光路65巷50號,24.94,121.2059,True,104,桃園,38,11.29,Safe,AQI良好或為室內設施,2026-03-03 19:07:26
新富公園,中豐路、環南路三段口,24.94,121.2165,False,255,桃園,38,10.4,Safe,AQI良好或為室內設施,2026-03-03 19:07:26
廣仁公園,新光路65巷福壽5巷對面,24.9402,121.2064,False,269,桃園,38,11.23,Safe,AQI良好或為室內設施,2026-03-03 19:07:26
仁福公園,中山東路3段429巷87弄旁,24.940545,121.253749,False,213,桃園,38,7.58,Safe,AQI良好或為室內設施,2026-03-03 19:07:26
大溪里-大溪社區活動中心,頭城鎮大溪里濱海路五段249號,24.9406,121.8932,True,62,基隆,35,25.94,Safe,AQI良好或為室內設施,2026-03-03 19:07:26
龍埔國小,大學路6號,24.940679,121.377883,True,855,桃園,38,9.73,Safe,AQI良好或為室內設施,2026-03-03 19:07:26
二橋國小,鶯歌區中正三路106號,24.9409,121.3376,True,1284,桃園,38,6.92,Safe,AQI良好或為室內設施,2026-03-03 19:07:26
兒四十公園,龍岡路2段306巷,24.941319,121.230266,False,198,桃園,38,9.2,Safe,AQI良好或為室內設施,2026-03-03 19:07:26
宋屋國小,延平路二段389號,24.9419,121.2062,True,42,桃園,38,11.15,Safe,AQI良好或為室內設施,2026-03-03 19:07:26
後寮公園,後興路一段90巷,24.942039,121.247381,False,59,桃園,38,7.88,Safe,AQI良好或為室內設施,2026-03-03 19:07:26
瑞泰里集會所,介壽路二段583巷12號,24.9422,121.2983,True,70,桃園,38,5.72,Safe,AQI良好或為室內設施,2026-03-03 19:07:26
八德埤塘生態公園,興豐路1315號,24.9423,121.3112,False,613,桃園,38,5.8,Safe,AQI良好或為室內設施,2026-03-03 19:07:26
583綠地,介壽路二段583巷地號︰麻園段0844-0000號,24.9426,121.2999,False,17,桃園,38,5.67,Safe,AQI良好或為室內設施,2026-03-03 19:07:26
龜山里-龜山社區活動中心,頭城鎮龜山里路221號,24.9426,121.9002,True,28,基隆,35,26.2,Safe,AQI良好或為室內設施,2026-03-03 19:07:26
大信里集會所,大興路992號,24.9431,121.3008,True,75,桃園,38,5.62,Safe,AQI良好或為室內設施,2026-03-03 19:07:26
大竹里集會所,竹高厝11-2號,24.9431,121.3152,True,95,桃園,38,5.79,Safe,AQI良好或為室內設施,2026-03-03 19:07:26
中壢區新振社區活動中心,龍岡路2段232號,24.943244,121.229589,True,20,桃園,38,9.12,Safe,AQI良好或為室內設施,2026-03-03 19:07:26
新北市立尖山國民中學,鶯歌區國中街1號,24.9437,121.3422,True,622,桃園,38,6.93,Safe,AQI良好或為室內設施,2026-03-03 19:07:26
北勢社區活動中心,振平街153號,24.9438,121.2196,True,99,桃園,38,9.9,Safe,AQI良好或為室內設施,2026-03-03 19:07:26
平鎮區幼兒園本園,振平街155號,24.9438,121.2196,True,100,桃園,38,9.9,Safe,AQI良好或為室內設施,2026-03-03 19:07:26
中壢區後寮里集會所,龍興路107巷21號,24.944478,121.245972,True,50,桃園,38,7.78,Safe,AQI良好或為室內設施,2026-03-03 19:07:26
瑞泰鄰里公園,介壽路二段490巷地號︰ 大庄段2311-0000號,24.9446,121.2959,False,31,桃園,38,5.47,Safe,AQI良好或為室內設施,2026-03-03 19:07:26
新興公園,林森國小旁,24.945306,121.225507,False,904,桃園,38,9.31,Safe,AQI良好或為室內設施,2026-03-03 19:07:26
桃園市南區老人文康活動中心,林森路90號,24.945355,121.225934,True,100,桃園,38,9.28,Safe,AQI良好或為室內設施,2026-03-03 19:07:26
平興暨宋屋里里民集會所,平興里廣泰路85號,24.9454,121.2042,True,92,桃園,38,11.13,Safe,AQI良好或為室內設施,2026-03-03 19:07:26
建國公園,建國路與同和街交匯地號︰大和段0162-0000號,24.9454,121.2887,False,41,桃園,38,5.5,Safe,AQI良好或為室內設施,2026-03-03 19:07:26
仁德公園,建國路與仁德路口,24.9454,121.2887,False,75,桃園,38,5.5,Safe,AQI良好或為室內設施,2026-03-03 19:07:26
福興活動中心,廣興路53號,24.9456,121.2837,True,62,桃園,38,5.62,Safe,AQI良好或為室內設施,2026-03-03 19:07:26
大竹埤塘公園,興豐路1810號,24.9456,121.3163,False,152,桃園,38,5.56,Safe,AQI良好或為室內設施,2026-03-03 19:07:26
平鎮國中,振興路2號,24.9457,121.216,True,496,桃園,38,10.09,Safe,AQI良好或為室內設施,2026-03-03 19:07:26
福興社區公園,廣興路,24.9457,121.2832,False,37,桃園,38,5.62,Safe,AQI良好或為室內設施,2026-03-03 19:07:26
宋屋公園,平興里廣泰路壢新醫院旁,24.9464,121.2051,False,168,桃園,38,11.0,Safe,AQI良好或為室內設施,2026-03-03 19:07:26
華勛公園,華勛街363巷,24.94666,121.261776,False,981,桃園,38,6.55,Safe,AQI良好或為室內設施,2026-03-03 19:07:26
廣興活動中心,雙連坡1-1號,24.9468,121.2836,True,120,桃園,38,5.49,Safe,AQI良好或為室內設施,2026-03-03 19:07:26
客家文化廣場,大興路地號︰榮興段1405-0000號,24.9471,121.3023,False,40,桃園,38,5.17,Safe,AQI良好或為室內設施,2026-03-03 19:07:26
義民公園,環南路、復旦路口,24.9474,121.207,False,125,桃園,38,10.78,Safe,AQI良好或為室內設施,2026-03-03 19:07:26
大興活動中心,介壽路2段361巷96號,24.9474,121.2993,True,140,桃園,38,5.14,Safe,AQI良好或為室內設施,2026-03-03 19:07:26
大昌鄰里公園,鴻昌街底地號︰大庄段1135-0000號,24.9475,121.2969,False,46,桃園,38,5.14,Safe,AQI良好或為室內設施,2026-03-03 19:07:26
中壢區仁祥、華勛里集會所,華祥一街21號,24.948055,121.261425,True,50,桃園,38,6.45,Safe,AQI良好或為室內設施,2026-03-03 19:07:26
平鎮區幼兒園義民分班,復旦路2段115號,24.9485,121.2037,True,207,桃園,38,11.02,Safe,AQI良好或為室內設施,2026-03-03 19:07:26
普慶公園,普慶路旁,24.948548,121.246511,False,191,桃園,38,7.43,Safe,AQI良好或為室內設施,2026-03-03 19:07:26
北大高中,大義路277號,24.948608,121.376106,True,1122,桃園,38,9.07,Safe,AQI良好或為室內設施,2026-03-03 19:07:26
仁祥公園,華勛街,24.948742,121.260686,False,208,桃園,38,6.43,Safe,AQI良好或為室內設施,2026-03-03 19:07:26
桃子腳國民中小學,學勤路555號,24.94923,121.382973,True,3155,桃園,38,9.62,Safe,AQI良好或為室內設施,2026-03-03 19:07:26
平興國中,環南路300號,24.9497,121.2063,True,21,桃園,38,10.72,Safe,AQI良好或為室內設施,2026-03-03 19:07:26
義興里里民集會所,義興里25鄰義興街80號,24.9497,121.2092,True,99,桃園,38,10.46,Safe,AQI良好或為室內設施,2026-03-03 19:07:26
南靖里活動中心,鶯歌區文化路395號,24.950284,121.352776,True,56,桃園,38,7.1,Safe,AQI良好或為室內設施,2026-03-03 19:07:26
中壢區東興社區活動中心,中北路二段76巷10號,24.950351,121.225243,True,100,桃園,38,9.02,Safe,AQI良好或為室內設施,2026-03-03 19:07:26
義興公園,義興路義興國小對面,24.9504,121.2096,False,108,桃園,38,10.39,Safe,AQI良好或為室內設施,2026-03-03 19:07:26
鶯歌國中,鶯歌區尖山埔路108號,24.9504,121.3448,True,1093,桃園,38,6.52,Safe,AQI良好或為室內設施,2026-03-03 19:07:26
新勢國小,延平路一段181號,24.9505,121.2168,True,140,桃園,38,9.75,Safe,AQI良好或為室內設施,2026-03-03 19:07:26
瑞聯社區公園,建安街底地號︰大發段1494-0000號,24.9508,121.3198,False,108,桃園,38,5.12,Safe,AQI良好或為室內設施,2026-03-03 19:07:26
莒光環保公園,莒光路2側,24.951014,121.235903,False,2032,桃園,38,8.09,Safe,AQI良好或為室內設施,2026-03-03 19:07:26
新昇倉庫,大粗坑11之1號,24.951077,121.725304,True,10,基隆,35,19.68,Safe,AQI良好或為室內設施,2026-03-03 19:07:26
鶯歌國小,鶯歌區尖山埔路106號,24.9512,121.3458,True,1501,桃園,38,6.53,Safe,AQI良好或為室內設施,2026-03-03 19:07:26
雙峰國小,新北市新店區北宜路三段66號,24.9515,121.5755,True,255,台北,45,8.17,Safe,AQI良好或為室內設施,2026-03-03 19:07:26
復興親子公園,育達路二段、文化街口,24.952,121.2105,False,305,桃園,38,10.23,Safe,AQI良好或為室內設施,2026-03-03 19:07:26
景文科技大學,新北市新店區安忠路99號,24.952,121.5093,True,1855,台北,45,7.87,Safe,AQI良好或為室內設施,2026-03-03 19:07:26
雙城國小,台北縣新店市安康路三段322號,24.9521,121.4865,True,399,新北,42,7.46,Safe,AQI良好或為室內設施,2026-03-03 19:07:26
華愛公園,華愛街43號對面,24.952552,121.259728,False,181,桃園,38,6.18,Safe,AQI良好或為室內設施,2026-03-03 19:07:26
祖田市民活動中心,中央路4段285號2樓,24.952776,121.411937,True,50,新北,42,9.0,Safe,AQI良好或為室內設施,2026-03-03 19:07:26
德和公園,清潔隊對面,24.952781,121.262532,False,201,桃園,38,5.97,Safe,AQI良好或為室內設施,2026-03-03 19:07:26
新榮國小,中原路88號,24.9528,121.2184,True,196,桃園,38,9.48,Safe,AQI良好或為室內設施,2026-03-03 19:07:26
新店國小,新北市新店區新店路2號,24.9529,121.5402,True,1795,台北,45,7.16,Safe,AQI良好或為室內設施,2026-03-03 19:07:26
文化國小,文化街189號,24.9531,121.2033,True,35,桃園,38,10.83,Safe,AQI良好或為室內設施,2026-03-03 19:07:26
麗盛公園,文昌街97巷大和段0535-0000號,24.9531,121.2956,False,51,桃園,38,4.54,Safe,AQI良好或為室內設施,2026-03-03 19:07:26
青潭國小,新北市新店區北宜路二段80號,24.9531,121.5523,True,203,台北,45,7.25,Safe,AQI良好或為室內設施,2026-03-03 19:07:26
文昌休閒公園,文昌街與金和街交匯地號︰大和段0152-0000號,24.9533,121.2947,False,51,桃園,38,4.53,Safe,AQI良好或為室內設施,2026-03-03 19:07:26
雲海國小,坑內1號,24.9533,121.637,True,299,台北,45,12.13,Safe,AQI良好或為室內設施,2026-03-03 19:07:26
仁德公園,仁美新村旁,24.95342,121.266276,False,205,桃園,38,5.68,Safe,AQI良好或為室內設施,2026-03-03 19:07:26
中壢區仁美社區活動中心,榮民南路350巷內,24.953425,121.256945,True,55,桃園,38,6.3,Safe,AQI良好或為室內設施,2026-03-03 19:07:26
達觀國民中小學,僑信路1號,24.95362,121.49998,True,407,新北,42,7.77,Safe,AQI良好或為室內設施,2026-03-03 19:07:26
雙城活動中心,新北市新店區安康路3段2號5樓,24.9538,121.4937,True,132,新北,42,7.5,Safe,AQI良好或為室內設施,2026-03-03 19:07:26
舊社公園,舊明里義民路明德路口,24.953848,121.215935,False,574,桃園,38,9.65,Safe,AQI良好或為室內設施,2026-03-03 19:07:26
中壢區舊明里集會所,義民路70號,24.953916,121.216238,True,50,桃園,38,9.62,Safe,AQI良好或為室內設施,2026-03-03 19:07:26
復旦暨復興里里民集會所,復興街55號,24.9544,121.2051,True,84,桃園,38,10.6,Safe,AQI良好或為室內設施,2026-03-03 19:07:26
和盛公園,大和路96號對面地號︰大和段0280-0000號,24.9545,121.2964,False,75,桃園,38,4.37,Safe,AQI良好或為室內設施,2026-03-03 19:07:26
復旦國小,廣平街1號,24.9547,121.2078,True,140,桃園,38,10.34,Safe,AQI良好或為室內設施,2026-03-03 19:07:26
柑園國中,柑園街二段125號,24.95474,121.384115,True,1238,桃園,38,9.43,Safe,AQI良好或為室內設施,2026-03-03 19:07:26
同和公園,同和街與金和街交匯地號︰大和段0295-0000號,24.9548,121.2951,False,48,桃園,38,4.36,Safe,AQI良好或為室內設施,2026-03-03 19:07:26
建國國小,鶯歌區育英街2號,24.955,121.3461,True,376,桃園,38,6.25,Safe,AQI良好或為室內設施,2026-03-03 19:07:26
大安里集會所,長安街65號,24.9551,121.216,True,190,桃園,38,9.58,Safe,AQI良好或為室內設施,2026-03-03 19:07:26
高雄市立立德國民中學,實踐路101號,24.955186,121.241045,True,100,桃園,38,7.4,Safe,AQI良好或為室內設施,2026-03-03 19:07:26
高連社區活動中心,高雙里13鄰高雙路80號,24.9552,121.1895,True,356,桃園,38,12.02,Safe,AQI良好或為室內設施,2026-03-03 19:07:26
樹梅嶺倉庫,樹梅嶺11號,24.955382,121.696956,True,10,台北,45,17.3,Safe,AQI良好或為室內設施,2026-03-03 19:07:26
昌福國小,鶯歌區永明街22號,24.9556,121.3392,True,1391,桃園,38,5.72,Safe,AQI良好或為室內設施,2026-03-03 19:07:26
平鎮區婦幼活動中心,廣達里廣成街10號,24.9558,121.2084,True,202,桃園,38,10.24,Safe,AQI良好或為室內設施,2026-03-03 19:07:26
北鶯里活動中心,仁愛路55號,24.955861,121.354434,True,37,桃園,38,6.83,Safe,AQI良好或為室內設施,2026-03-03 19:07:26
大和公園,銀和街又霸倫敦城對面地號︰大和段0264-0000號,24.9559,121.297,False,32,桃園,38,4.21,Safe,AQI良好或為室內設施,2026-03-03 19:07:26
頂埔國小,中央路4段205號,24.95623,121.414403,True,873,新北,42,8.54,Safe,AQI良好或為室內設施,2026-03-03 19:07:26
柑園國小,柑園街一段353號,24.956328,121.389362,True,467,桃園,38,9.82,Safe,AQI良好或為室內設施,2026-03-03 19:07:26
廣達公園,環南路35巷、廣成街口,24.9564,121.2076,False,195,桃園,38,10.28,Safe,AQI良好或為室內設施,2026-03-03 19:07:26
中央公園,中央里公七停車場上,24.956471,121.226786,False,600,桃園,38,8.54,Safe,AQI良好或為室內設施,2026-03-03 19:07:26
公七公園,領航南路3段與高鐵站前東路2段,24.956529,121.226641,False,1294,桃園,38,8.55,Safe,AQI良好或為室內設施,2026-03-03 19:07:26
大忠里集會所,建國路1199號5樓,24.9567,121.2962,True,105,桃園,38,4.13,Safe,AQI良好或為室內設施,2026-03-03 19:07:26
大慶 大華里集會所,建國路1199號4樓,24.9567,121.2962,True,105,桃園,38,4.13,Safe,AQI良好或為室內設施,2026-03-03 19:07:26
大成活動中心,建國路1199號,24.9567,121.2962,True,105,桃園,38,4.13,Safe,AQI良好或為室內設施,2026-03-03 19:07:26
文山國中,新北市新店區文中路38號,24.9567,121.5392,True,703,台北,45,6.74,Safe,AQI良好或為室內設施,2026-03-03 19:07:26
能仁家商,新北市新店區文中路53巷10號,24.9569,121.5404,True,1373,台北,45,6.72,Safe,AQI良好或為室內設施,2026-03-03 19:07:26
西鶯里活動中心,中正一路203號,24.9572,121.3536,True,207,桃園,38,6.67,Safe,AQI良好或為室內設施,2026-03-03 19:07:26
福僑公園大成社區公園,福僑街80巷地號︰福國段0404-0000號,24.9573,121.295,False,40,桃園,38,4.08,Safe,AQI良好或為室內設施,2026-03-03 19:07:26
瑞發公園,瑞發街與興豐路825巷交匯地號︰瑞發段0973-0000號,24.9576,121.2988,False,117,桃園,38,4.01,Safe,AQI良好或為室內設施,2026-03-03 19:07:26
大安活動中心,和平路548號,24.9576,121.3042,True,147,桃園,38,4.02,Safe,AQI良好或為室內設施,2026-03-03 19:07:26
文中廣明活動中心,新北市新店區北宜路一段39巷32號,24.9577,121.5399,True,45,台北,45,6.63,Safe,AQI良好或為室內設施,2026-03-03 19:07:26
篤行公園,永福路以北,24.958407,121.263193,False,153,桃園,38,5.46,Safe,AQI良好或為室內設施,2026-03-03 19:07:26
同福公園,和義街底地號︰同福段0424-0000號,24.9587,121.3077,False,111,桃園,38,3.94,Safe,AQI良好或為室內設施,2026-03-03 19:07:26
永吉國小,鶯歌區德昌二街2號,24.9588,121.3329,True,440,桃園,38,5.03,Safe,AQI良好或為室內設施,2026-03-03 19:07:26
頂埔市民活動中心,中央路4段55-12號,24.958966,121.417311,True,60,新北,42,8.12,Safe,AQI良好或為室內設施,2026-03-03 19:07:26
新街溪公園,溪州街旁,24.959085,121.230141,False,300,桃園,38,8.11,Safe,AQI良好或為室內設施,2026-03-03 19:07:26
五權兒童公園,正光街,24.959108,121.20439,False,569,桃園,38,10.47,Safe,AQI良好或為室內設施,2026-03-03 19:07:26
中壢區婦幼館,正大街55號,24.959254,121.204444,True,100,桃園,38,10.45,Safe,AQI良好或為室內設施,2026-03-03 19:07:26
中正公園,中央里中美路,24.959449,121.22659,False,5000,桃園,38,8.41,Safe,AQI良好或為室內設施,2026-03-03 19:07:26
新北市坪林區坪林國小漁光校區,大舌湖35號,24.959584,121.746242,True,62,基隆,35,18.7,Safe,AQI良好或為室內設施,2026-03-03 19:07:26
過嶺里兒一公園,民族路5段.文中一南側,24.95967,121.173807,False,230,桃園,38,13.36,Safe,AQI良好或為室內設施,2026-03-03 19:07:26
中壢區社福館,元化路159號,24.959848,121.228005,True,100,桃園,38,8.26,Safe,AQI良好或為室內設施,2026-03-03 19:07:26
中壢區過嶺社區活動中心,雙福路9號,24.959978,121.176781,True,55,桃園,38,13.07,Safe,AQI良好或為室內設施,2026-03-03 19:07:26
普忠公園,普忠里中原大學運動場旁,24.960062,121.243726,False,137,桃園,38,6.87,Safe,AQI良好或為室內設施,2026-03-03 19:07:26
中壢區聯合長壽俱樂部〈松鶴會館〉,元化路182-2號,24.960342,121.227251,True,100,桃園,38,8.3,Safe,AQI良好或為室內設施,2026-03-03 19:07:26
中壢區德義、仁義、忠義、普義里集會所,中華路二段369-1號,24.960534,121.237458,True,50,桃園,38,7.39,Safe,AQI良好或為室內設施,2026-03-03 19:07:26
大湳公園,福國北街與中路街交匯地號︰大智段0897-0000號,24.9607,121.2951,False,173,桃園,38,3.71,Safe,AQI良好或為室內設施,2026-03-03 19:07:26
頂城市民活動中心,新北市新店區安康路一段9-1號,24.960733,121.532147,True,119,台北,45,6.33,Safe,AQI良好或為室內設施,2026-03-03 19:07:26
八德市綜合大樓三樓,大智里福國北街220號,24.9608,121.295,True,182,桃園,38,3.7,Safe,AQI良好或為室內設施,2026-03-03 19:07:26
永寧市民活動中心,永寧路32巷10弄10號,24.961098,121.42864,True,30,新北,42,7.28,Safe,AQI良好或為室內設施,2026-03-03 19:07:26
白馬公園,白馬街與王子二街,24.961274,121.21328,False,217,桃園,38,9.54,Safe,AQI良好或為室內設施,2026-03-03 19:07:26
安坑國小,新北市新店區安忠路36號,24.9613,121.5142,True,901,台北,45,6.73,Safe,AQI良好或為室內設施,2026-03-03 19:07:26
中壢區中正、中山里集會所,榮民路396號,24.96168,121.261501,True,50,桃園,38,5.33,Safe,AQI良好或為室內設施,2026-03-03 19:07:26
中路休閒公園,國豐街國際路88號旁,24.9619,121.2897,False,217,桃園,38,3.7,Safe,AQI良好或為室內設施,2026-03-03 19:07:26
坤慶公園,忠孝里天晟醫院後方,24.961985,121.229855,False,66,桃園,38,7.99,Safe,AQI良好或為室內設施,2026-03-03 19:07:26
中壢區光明、新明、永光里集會所,新明路223號,24.962185,121.216903,True,50,桃園,38,9.17,Safe,AQI良好或為室內設施,2026-03-03 19:07:26
夢幻公園,榮民路以西,24.962219,121.261867,False,1230,桃園,38,5.27,Safe,AQI良好或為室內設施,2026-03-03 19:07:26
土城國中,永寧路18號,24.962522,121.430192,True,1384,新北,42,7.06,Safe,AQI良好或為室內設施,2026-03-03 19:07:26
公十五公園,永福西街與福國北街交匯地號︰大智段0753-0000號,24.963,121.2984,False,49,桃園,38,3.41,Safe,AQI良好或為室內設施,2026-03-03 19:07:26
公二公園,永福西街與福國北街交匯地號︰大智段0418-0000號,24.963,121.2984,False,65,桃園,38,3.41,Safe,AQI良好或為室內設施,2026-03-03 19:07:26
地標公園,延平路普義路橋旁,24.963076,121.229788,False,60,桃園,38,7.94,Safe,AQI良好或為室內設施,2026-03-03 19:07:26
平鎮區幼兒園平鎮分班,新光路3段186號,24.9633,121.2759,True,40,桃園,38,4.21,Safe,AQI良好或為室內設施,2026-03-03 19:07:26
大智里集會所,福國北街221號,24.9634,121.2968,True,23,桃園,38,3.38,Safe,AQI良好或為室內設施,2026-03-03 19:07:26
六和兒童公園,六合路九合二路口,24.963452,121.225114,False,370,桃園,38,8.35,Safe,AQI良好或為室內設施,2026-03-03 19:07:26
光明公園,光明里中壢高商旁,24.963517,121.216424,False,6329,桃園,38,9.16,Safe,AQI良好或為室內設施,2026-03-03 19:07:26
沛陂市民活動中心,三民路23巷8弄9號,24.963872,121.419474,True,50,新北,42,7.56,Safe,AQI良好或為室內設施,2026-03-03 19:07:26
大里里-大里社區活動中心,頭城鎮大里里濱海路六段251號,24.9639,121.92,True,184,基隆,35,25.75,Safe,AQI良好或為室內設施,2026-03-03 19:07:26
廣豐兒一公園,大智路明智段0030-0000號,24.9641,121.2996,False,42,桃園,38,3.28,Safe,AQI良好或為室內設施,2026-03-03 19:07:26
茄苳埤塘公園,東泰街地號︰白鷺段0559-0000號,24.9643,121.2759,False,55,桃園,38,4.12,Safe,AQI良好或為室內設施,2026-03-03 19:07:26
茄白活動中心,永豐路170號,24.9649,121.2786,True,136,桃園,38,3.91,Safe,AQI良好或為室內設施,2026-03-03 19:07:26
桃園市中壢區公所,環北路380號,24.965503,121.224923,True,200,桃園,38,8.28,Safe,AQI良好或為室內設施,2026-03-03 19:07:26
高明公園,高城五街底地號︰高城段0818-0000號,24.9656,121.3047,False,34,桃園,38,3.14,Safe,AQI良好或為室內設施,2026-03-03 19:07:26
大勇兒童公園,忠勇一街與忠勇六街地號︰同福段0551-0000號,24.9656,121.3047,False,52,桃園,38,3.14,Safe,AQI良好或為室內設施,2026-03-03 19:07:26
君臨休閒廣場,忠勇一街與忠勇六街交匯地號︰同福段0620-0000號,24.9656,121.3047,False,88,桃園,38,3.14,Safe,AQI良好或為室內設施,2026-03-03 19:07:26
大千公園,忠勇街與永福街交匯地號︰永福段0457-0000號,24.9657,121.3036,False,17,桃園,38,3.11,Safe,AQI良好或為室內設施,2026-03-03 19:07:26
忠勇公園,忠勇街與東勇街一路交匯地號︰同福段0653-0000號,24.9657,121.3036,False,84,桃園,38,3.11,Safe,AQI良好或為室內設施,2026-03-03 19:07:26
及人高中,新北市新店區安興路1號,24.9663,121.5149,True,2774,台北,45,6.19,Safe,AQI良好或為室內設施,2026-03-03 19:07:26
五峰國中,新北市新店區中興路一段253號,24.9664,121.544,True,1103,台北,45,5.68,Safe,AQI良好或為室內設施,2026-03-03 19:07:26
廣豐綠一公園,廣豐路地號︰大智段0630-0000號,24.9665,121.2967,False,34,桃園,38,3.04,Safe,AQI良好或為室內設施,2026-03-03 19:07:26
廣豐公一公園,廣豐路地號︰明智段0025-0000號,24.9665,121.2967,False,95,桃園,38,3.04,Safe,AQI良好或為室內設施,2026-03-03 19:07:26
鳳鳴國中,鶯歌區永和街33號,24.9671,121.3318,True,527,桃園,38,4.28,Safe,AQI良好或為室內設施,2026-03-03 19:07:26
大明公園二,興隆街23巷底地號︰大明段1099-0000號,24.9673,121.3264,False,33,桃園,38,3.89,Safe,AQI良好或為室內設施,2026-03-03 19:07:26
中壢區自強、自治里集會所,強國路46號,24.967453,121.259528,True,50,桃園,38,5.09,Safe,AQI良好或為室內設施,2026-03-03 19:07:26
永福環保公園,中園路114巷,24.967528,121.236409,False,296,桃園,38,7.13,Safe,AQI良好或為室內設施,2026-03-03 19:07:26
自強公園,自強國中旁，強國路以北,24.967876,121.259385,False,516,桃園,38,5.08,Safe,AQI良好或為室內設施,2026-03-03 19:07:26
中鑄公園,中華路2段,24.968046,121.249815,False,434,桃園,38,5.89,Safe,AQI良好或為室內設施,2026-03-03 19:07:26
廣豐生態綠地公園,介壽路一段與廣豐路交匯地號︰大智段0011-1002號,24.9681,121.3014,False,215,桃園,38,2.84,Safe,AQI良好或為室內設施,2026-03-03 19:07:26
文化公園,文化街、復興街口,24.9684,121.2484,False,231,桃園,38,6.0,Safe,AQI良好或為室內設施,2026-03-03 19:07:26
大明公園一,興隆街與13巷交匯地號︰大明段1096-0000號,24.9687,121.3273,False,41,桃園,38,3.83,Safe,AQI良好或為室內設施,2026-03-03 19:07:26
安康高中,新北市新店區安興路25號,24.9688,121.5149,True,1119,台北,45,5.94,Safe,AQI良好或為室內設施,2026-03-03 19:07:26
圳邊公園,大明街大圳邊地號︰前埕段0564-0000號,24.9691,121.2977,False,51,桃園,38,2.74,Safe,AQI良好或為室內設施,2026-03-03 19:07:26
鳳鳴國小,鶯歌區永和街120號,24.9691,121.3351,True,342,桃園,38,4.39,Safe,AQI良好或為室內設施,2026-03-03 19:07:26
大仁里集會所,桃鶯路南僑巷76號,24.9696,121.3264,True,110,桃園,38,3.7,Safe,AQI良好或為室內設施,2026-03-03 19:07:26
大仁休閒公園,和平路頂僑巷,24.9704,121.3237,False,6,桃園,38,3.45,Safe,AQI良好或為室內設施,2026-03-03 19:07:26
中壢區水尾社區活動中心,新生路598巷22號,24.970735,121.224783,True,40,桃園,38,8.09,Safe,AQI良好或為室內設施,2026-03-03 19:07:26
育德國小,佳園路一段34號,24.971116,121.392558,True,484,新北,42,9.03,Safe,AQI良好或為室內設施,2026-03-03 19:07:26
大正休閒廣場,正福五街與正福二街口地號︰大福段0603-0000號,24.9714,121.2979,False,46,桃園,38,2.49,Safe,AQI良好或為室內設施,2026-03-03 19:07:26
高明里集會所,永豐路572巷21號2樓,24.9716,121.2759,True,105,桃園,38,3.52,Safe,AQI良好或為室內設施,2026-03-03 19:07:26
中正國小,新北市新店區三民路３６號,24.9717,121.5366,True,1001,台北,45,5.08,Safe,AQI良好或為室內設施,2026-03-03 19:07:26
崇光女中,新北市新店區三民路18號,24.9718,121.5391,True,522,台北,45,5.06,Safe,AQI良好或為室內設施,2026-03-03 19:07:26
土城國小,興城路17號,24.972383,121.441935,True,958,新北,42,5.52,Safe,AQI良好或為室內設施,2026-03-03 19:07:26
土城區公所,金城路1段101號7樓,24.972533,121.442873,True,162,新北,42,5.47,Safe,AQI良好或為室內設施,2026-03-03 19:07:26
泰平里活動中心,溪尾寮46號,24.9727,121.827,True,100,基隆,35,19.36,Safe,AQI良好或為室內設施,2026-03-03 19:07:26
山佳市民活動中心,中山路三段40號2樓,24.972721,121.39436,True,80,新北,42,8.78,Safe,AQI良好或為室內設施,2026-03-03 19:07:26
中壢區永福、忠福、幸福里集會所,南園二路90號,24.972729,121.233494,True,50,桃園,38,7.19,Safe,AQI良好或為室內設施,2026-03-03 19:07:26
中湖里活動中心,中湖街25號,24.973,121.3481,True,119,桃園,38,5.27,Safe,AQI良好或為室內設施,2026-03-03 19:07:26
中湖國小,中湖街25號,24.973,121.3481,True,465,桃園,38,5.27,Safe,AQI良好或為室內設施,2026-03-03 19:07:26
復興公園,復華里內壢國中旁,24.973494,121.248762,False,844,桃園,38,5.72,Safe,AQI良好或為室內設施,2026-03-03 19:07:26
思源公園,思源街與正福里交匯地號︰大福段0583-0000號,24.9735,121.2989,False,69,桃園,38,2.25,Safe,AQI良好或為室內設施,2026-03-03 19:07:26
北新國小　,新北市新店區寶橋路8號,24.9737,121.5439,True,1737,台北,45,4.87,Safe,AQI良好或為室內設施,2026-03-03 19:07:26
鴻撫宮,桃園市鴻撫街3號,24.9738,121.2645,True,72,桃園,38,4.29,Safe,AQI良好或為室內設施,2026-03-03 19:07:26
清化市民活動中心,青雲路368號4樓,24.973802,121.458661,True,30,新北,42,4.84,Safe,AQI良好或為室內設施,2026-03-03 19:07:26
清和市民活動中心,青雲路368號1樓,24.973802,121.458661,True,30,新北,42,4.84,Safe,AQI良好或為室內設施,2026-03-03 19:07:26
中園路環保公園,中園路,24.97388,121.235833,False,1401,桃園,38,6.92,Safe,AQI良好或為室內設施,2026-03-03 19:07:26
樂山市民活動中心,中和街38號3樓,24.973944,121.389871,True,61,新北,42,9.09,Safe,AQI良好或為室內設施,2026-03-03 19:07:26
元生公園,文化路,24.974152,121.253145,False,1303,桃園,38,5.29,Safe,AQI良好或為室內設施,2026-03-03 19:07:26
松柏會老人文康活動中心,2鄰29-5號,24.974502,121.026312,True,0,新竹,42,18.83,Safe,AQI良好或為室內設施,2026-03-03 19:07:26
中山社區活動中心,國際路一段575號,24.975,121.2892,True,45,桃園,38,2.39,Safe,AQI良好或為室內設施,2026-03-03 19:07:26
新店高中,新北市新店區中央路93號,24.9756,121.5318,True,1307,台北,45,4.7,Safe,AQI良好或為室內設施,2026-03-03 19:07:26
常樂公園,元化路元生國小旁,24.975768,121.250826,False,885,桃園,38,5.43,Safe,AQI良好或為室內設施,2026-03-03 19:07:26
山佳國小,中山路三段5號,24.975774,121.401678,True,654,新北,42,7.98,Safe,AQI良好或為室內設施,2026-03-03 19:07:26
福豐國中,延平路326號,24.976,121.3139,True,105,桃園,38,2.35,Safe,AQI良好或為室內設施,2026-03-03 19:07:26
耕莘健康管理專科學校,新北市新店區民族路112號,24.9761,121.5355,True,87,台北,45,4.6,Safe,AQI良好或為室內設施,2026-03-03 19:07:26
忠孝公園,忠孝路元生二街旁,24.976276,121.254187,False,1015,桃園,38,5.1,Safe,AQI良好或為室內設施,2026-03-03 19:07:26
指南國小,文山區指南路3段38巷5-2號,24.9764,121.5836,True,20,台北,45,6.36,Safe,AQI良好或為室內設施,2026-03-03 19:07:26
中壢區中原、忠孝、和平里原住民集會所,元生二街126號,24.976697,121.209151,True,50,桃園,38,9.45,Safe,AQI良好或為室內設施,2026-03-03 19:07:26
大豐社福館,新北市新店區民族路110號,24.9769,121.5376,True,1540,台北,45,4.5,Safe,AQI良好或為室內設施,2026-03-03 19:07:26
中壢區復興、復華里集會所,長樂街55號,24.977376,121.249838,True,50,桃園,38,5.46,Safe,AQI良好或為室內設施,2026-03-03 19:07:26
建國國中,介新街20號,24.9774,121.3077,True,70,桃園,38,1.92,Safe,AQI良好或為室內設施,2026-03-03 19:07:26
大豐國小,新北市新店區23143民族路108號,24.9776,121.5382,True,5794,台北,45,4.42,Safe,AQI良好或為室內設施,2026-03-03 19:07:26
成功公園,福得里內壢高中旁,24.977663,121.257876,False,547,桃園,38,4.69,Safe,AQI良好或為室內設施,2026-03-03 19:07:26
大林社區活動中心,大原路31號,24.9778,121.3202,True,89,桃園,38,2.61,Safe,AQI良好或為室內設施,2026-03-03 19:07:26
甲蟲兒童公園（文化兒2）,文化路以東、元生一街以北,24.977813,121.252899,False,535,桃園,38,5.16,Safe,AQI良好或為室內設施,2026-03-03 19:07:26
中壢區內壢、成功、福德里集會所,光華三街10號,24.97792,121.258069,True,50,桃園,38,4.67,Safe,AQI良好或為室內設施,2026-03-03 19:07:26
員林市民活動中心,員林街15號1樓,24.978282,121.442984,True,77,新北,42,4.9,Safe,AQI良好或為室內設施,2026-03-03 19:07:26
霖園兒童公園,介壽路一段16底地號︰力行段0029-0000號,24.9784,121.3022,False,71,桃園,38,1.69,Safe,AQI良好或為室內設施,2026-03-03 19:07:26
高城公園,高城六街與48巷交匯地號︰高明段0146-0000號,24.979,121.2754,False,35,桃園,38,3.05,Safe,AQI良好或為室內設施,2026-03-03 19:07:26
陽明社區活動中心,陽明三街33號,24.9794,121.3072,True,65,桃園,38,1.7,Safe,AQI良好或為室內設施,2026-03-03 19:07:26
中壢區文化里集會所,文化路383-20號,24.979431,121.250258,True,50,桃園,38,5.35,Safe,AQI良好或為室內設施,2026-03-03 19:07:26
竹林中學,中和區華新街143巷12號,24.9799,121.506,True,430,台北,45,5.36,Safe,AQI良好或為室內設施,2026-03-03 19:07:26
石城里-石城社區活動中心,頭城鎮石城里（路）40-8號,24.9799,121.9498,True,67,基隆,35,26.83,Safe,AQI良好或為室內設施,2026-03-03 19:07:26
開明工商,新北市新店區寶中路49號,24.98,121.5462,True,1945,台北,45,4.2,Safe,AQI良好或為室內設施,2026-03-03 19:07:26
華梵大學于藝館3樓,華梵路1號,24.98,121.6921,True,100,台北,45,15.93,Safe,AQI良好或為室內設施,2026-03-03 19:07:26
文化公園,內壢文化路,24.980065,121.249202,False,1700,桃園,38,5.43,Safe,AQI良好或為室內設施,2026-03-03 19:07:26
青山市民活動中心,明德路1段74-1號1樓,24.98031,121.464447,True,18,新北,42,4.05,Safe,AQI良好或為室內設施,2026-03-03 19:07:26
永富市民活動中心,明德路1段74-1號2樓,24.98031,121.464447,True,25,新北,42,4.05,Safe,AQI良好或為室內設施,2026-03-03 19:07:26
景美女中,文山區木新路3段312號,24.9807,121.5562,True,300,台北,45,4.4,Safe,AQI良好或為室內設施,2026-03-03 19:07:26
延平公園,桃園市延平路、大豐路口,24.9808,121.3186,False,1400,桃園,38,2.27,Safe,AQI良好或為室內設施,2026-03-03 19:07:26
廷寮市民活動中心,永豐路240-1號,24.980803,121.467199,True,80,新北,42,3.99,Safe,AQI良好或為室內設施,2026-03-03 19:07:26
南強工商,新北市新店區文化路42號,24.9809,121.5448,True,1132,台北,45,4.08,Safe,AQI良好或為室內設施,2026-03-03 19:07:26
力行國小,文山區木新路3段155巷7號,24.9809,121.561,True,30,台北,45,4.59,Safe,AQI良好或為室內設施,2026-03-03 19:07:26
三角公園,文化路,24.980978,121.249318,False,2281,桃園,38,5.39,Safe,AQI良好或為室內設施,2026-03-03 19:07:26
陽明公園,桃園市長沙街十一號,24.9811,121.3073,False,4600,桃園,38,1.53,Safe,AQI良好或為室內設施,2026-03-03 19:07:26
大同國小,大同街43號,24.981493,121.417421,True,450,新北,42,6.32,Safe,AQI良好或為室內設施,2026-03-03 19:07:26
東陽市民活動中心,鎮前街467號,24.981593,121.410902,True,78,新北,42,6.85,Safe,AQI良好或為室內設施,2026-03-03 19:07:26
彭福國小,忠孝街30號,24.981755,121.42394,True,1704,新北,42,5.8,Safe,AQI良好或為室內設施,2026-03-03 19:07:26
清水高中,明德路1段72號,24.982013,121.465311,True,1033,新北,42,3.86,Safe,AQI良好或為室內設施,2026-03-03 19:07:26
福林、豐林、福安、大豐里聯合集會所（陽明公園管理中心）,介壽路199號,24.9821,121.3081,True,131,桃園,38,1.47,Safe,AQI良好或為室內設施,2026-03-03 19:07:26
華夏科技大學,中和區工專路111號,24.9822,121.5076,True,1447,台北,45,5.06,Safe,AQI良好或為室內設施,2026-03-03 19:07:26
"青雲,柑林市民活動中心",清水路141巷18號B1,24.98237,121.458501,True,50,新北,42,3.91,Safe,AQI良好或為室內設施,2026-03-03 19:07:26
裕德高中,擺接堡路1號,24.982977,121.439585,True,975,新北,42,4.64,Safe,AQI良好或為室內設施,2026-03-03 19:07:26
新北高工,學府路1段241號,24.983308,121.45038,True,2785,新北,42,4.06,Safe,AQI良好或為室內設施,2026-03-03 19:07:26
建國國小,昆明路95號,24.9834,121.3144,True,280,桃園,38,1.76,Safe,AQI良好或為室內設施,2026-03-03 19:07:26
實踐國中,文山區辛亥路7段67號,24.9834,121.5547,True,300,台北,45,4.07,Safe,AQI良好或為室內設施,2026-03-03 19:07:26
中正國中,金城路2段247號,24.983456,121.456842,True,415,新北,42,3.83,Safe,AQI良好或為室內設施,2026-03-03 19:07:26
樹林高級中學,中華路8號,24.983502,121.422804,True,1404,新北,42,5.76,Safe,AQI良好或為室內設施,2026-03-03 19:07:26
實踐國小,文山區忠順街1段4號,24.9836,121.5575,True,75,台北,45,4.16,Safe,AQI良好或為室內設施,2026-03-03 19:07:26
東昇市民活動中心,中山路二段80號2樓,24.984222,121.415159,True,214,新北,42,6.33,Safe,AQI良好或為室內設施,2026-03-03 19:07:26
清水國小,金城路2段356號,24.984402,121.461508,True,597,新北,42,3.63,Safe,AQI良好或為室內設施,2026-03-03 19:07:26
吉林公園,忠工路341-1地號,24.984425,121.250192,False,305,桃園,38,5.22,Safe,AQI良好或為室內設施,2026-03-03 19:07:26
新和國小,新店市安和路三段100號,24.9846,121.5182,True,648,台北,45,4.22,Safe,AQI良好或為室內設施,2026-03-03 19:07:26
北政國中,臺北市文山區指南路3段2巷14號,24.9849,121.5783,True,20,台北,45,5.32,Safe,AQI良好或為室內設施,2026-03-03 19:07:26
中山公園,內定里吉林北路以東,24.985413,121.251276,False,3275,桃園,38,5.09,Safe,AQI良好或為室內設施,2026-03-03 19:07:26
樂利國小,裕生路65號,24.985602,121.447559,True,1168,新北,42,3.96,Safe,AQI良好或為室內設施,2026-03-03 19:07:26
莊敬工家,新北市新店區民生路45號,24.9858,121.5322,True,8362,台北,45,3.58,Safe,AQI良好或為室內設施,2026-03-03 19:07:26
西園路環保公園,永福里社區.新街溪綠地,24.985901,121.236845,False,509,桃園,38,6.52,Safe,AQI良好或為室內設施,2026-03-03 19:07:26
廣興市民活動中心,學府路一段99巷底2樓,24.985909,121.457766,True,50,新北,42,3.54,Safe,AQI良好或為室內設施,2026-03-03 19:07:26
廣福市民活動中心,學府路一段99巷底1樓,24.985909,121.457766,True,50,新北,42,3.54,Safe,AQI良好或為室內設施,2026-03-03 19:07:26
育林國小,復興路395號,24.986051,121.415677,True,135,新北,42,6.17,Safe,AQI良好或為室內設施,2026-03-03 19:07:26
育林國中,復興路395號,24.986051,121.415677,True,574,新北,42,6.17,Safe,AQI良好或為室內設施,2026-03-03 19:07:26
中和國中,中和區興南路2段3巷17號,24.9862,121.5085,True,2649,台北,45,4.66,Safe,AQI良好或為室內設施,2026-03-03 19:07:26
中山國小,國際路一段1070號,24.9864,121.2902,True,212,桃園,38,1.35,Safe,AQI良好或為室內設施,2026-03-03 19:07:26
中山、中平、中原、中泰、中聖五里聯合集會所,中平路118號,24.9867,121.2928,True,339,桃園,38,1.13,Safe,AQI良好或為室內設施,2026-03-03 19:07:26
興南國小,中和區興南路1段135巷24號,24.9867,121.5091,True,1278,台北,45,4.58,Safe,AQI良好或為室內設施,2026-03-03 19:07:26
廣福國小,學府路1段127號,24.986953,121.454896,True,608,新北,42,3.52,Safe,AQI良好或為室內設施,2026-03-03 19:07:26
建國、雲林里聯合集會所建國公園管理中心,建成街88號一、二樓,24.987,121.3155,True,191,桃園,38,1.64,Safe,AQI良好或為室內設施,2026-03-03 19:07:26
市二簡易公園,桃園市泰昌三街、宏昌七街口,24.9871,121.2931,False,250,桃園,38,1.08,Safe,AQI良好或為室內設施,2026-03-03 19:07:26
溪洲國小,金門街289號,24.9873,121.4309,True,1021,新北,42,4.87,Safe,AQI良好或為室內設施,2026-03-03 19:07:26
明道國小,文山區木柵路2段138巷61號,24.9874,121.5626,True,42,台北,45,4.06,Safe,AQI良好或為室內設施,2026-03-03 19:07:26
木柵國中,文山區木柵路3段102巷12號,24.9875,121.5677,True,30,台北,45,4.37,Safe,AQI良好或為室內設施,2026-03-03 19:07:26
兔坑社區活動中心,大同路918號,24.987578,121.35073,True,120,桃園,38,5.06,Safe,AQI良好或為室內設施,2026-03-03 19:07:26
永建國小,文山區試院路2號,24.9876,121.55,True,30,台北,45,3.47,Safe,AQI良好或為室內設施,2026-03-03 19:07:26
幸福社區活動中心,幸福一街38號1樓,24.988014,121.33609,True,82,桃園,38,3.59,Safe,AQI良好或為室內設施,2026-03-03 19:07:26
龍岡公園,桃園市國強七街、國豐二街口,24.9882,121.2782,False,400,桃園,38,2.38,Safe,AQI良好或為室內設施,2026-03-03 19:07:26
南門國小,復興路303號,24.9886,121.3044,True,159,桃園,38,0.65,Safe,AQI良好或為室內設施,2026-03-03 19:07:26
山福集會所,中興路152號,24.988719,121.331807,True,120,桃園,38,3.15,Safe,AQI良好或為室內設施,2026-03-03 19:07:26
建國公園,桃園市桃鶯路、大林路口,24.9888,121.3173,False,1400,桃園,38,1.73,Safe,AQI良好或為室內設施,2026-03-03 19:07:26
安和國小,延和路23號,24.988807,121.464774,True,2293,新北,42,3.11,Safe,AQI良好或為室內設施,2026-03-03 19:07:26
龍祥公園,龍城五街邊,24.9889,121.3111,False,100,桃園,38,1.14,Safe,AQI良好或為室內設施,2026-03-03 19:07:26
汴洲社區活動中心,水汴一路112號,24.9889,121.3111,True,178,桃園,38,1.14,Safe,AQI良好或為室內設施,2026-03-03 19:07:26
溫州公園,桃園市溫洲街、蓮華街口,24.9889,121.3111,False,800,桃園,38,1.14,Safe,AQI良好或為室內設施,2026-03-03 19:07:26
景新國小,中和區景新街467巷37號,24.9893,121.515,True,897,台北,45,3.97,Safe,AQI良好或為室內設施,2026-03-03 19:07:26
龍岡社區活動中心,國豐二街6號,24.9895,121.2805,True,92,桃園,38,2.12,Safe,AQI良好或為室內設施,2026-03-03 19:07:26
景美國小,文山區景文街108號,24.9895,121.5408,True,74,台北,45,3.09,Safe,AQI良好或為室內設施,2026-03-03 19:07:26
復興國小,中和區復興路301巷6號,24.9896,121.5019,True,946,新北,42,4.65,Safe,AQI良好或為室內設施,2026-03-03 19:07:26
行政中心大禮堂,臺北市木柵路3段220號10樓,24.9896,121.5701,True,60,台北,45,4.36,Safe,AQI良好或為室內設施,2026-03-03 19:07:26
沙崙國小,篤行路二段132號,24.9897,121.4305,True,1692,新北,42,4.72,Safe,AQI良好或為室內設施,2026-03-03 19:07:26
復興大樓圖書館,南山路236號6樓,24.9897,121.5065,True,25,台北,45,4.53,Safe,AQI良好或為室內設施,2026-03-03 19:07:26
大同社區活動中心,明德路203巷10號,24.989757,121.343269,True,133,桃園,38,4.28,Safe,AQI良好或為室內設施,2026-03-03 19:07:26
中壢區內厝活動中心,月眉路1段2號,24.989775,121.179172,True,55,桃園,38,12.29,Safe,AQI良好或為室內設施,2026-03-03 19:07:26
山德社區活動中心,頂興路2巷14號,24.989945,121.328351,True,68,桃園,38,2.79,Safe,AQI良好或為室內設施,2026-03-03 19:07:26
樹林區公所,鎮前街93號,24.989981,121.424633,True,215,新北,42,5.18,Safe,AQI良好或為室內設施,2026-03-03 19:07:26
樹林國小,育英街176號,24.99003,121.418101,True,304,新北,42,5.73,Safe,AQI良好或為室內設施,2026-03-03 19:07:26
錦和國小,中和區圓通路292號,24.9901,121.4893,True,1173,新北,42,3.73,Safe,AQI良好或為室內設施,2026-03-03 19:07:26
木柵國小,文山區木柵路3段191號,24.9903,121.5702,True,155,台北,45,4.31,Safe,AQI良好或為室內設施,2026-03-03 19:07:26
石碇國小,石碇西街15號,24.9903,121.659,True,109,台北,45,12.41,Safe,AQI良好或為室內設施,2026-03-03 19:07:26
萬興國小,文山區秀明路2段114號,24.9904,121.5766,True,125,台北,45,4.79,Safe,AQI良好或為室內設施,2026-03-03 19:07:26
信義國小,四川路二段245巷60號,24.9917,121.4528,True,1024,新北,42,3.11,Safe,AQI良好或為室內設施,2026-03-03 19:07:26
國強公園,國強一街、益壽一街口,24.992,121.2827,False,100,桃園,38,1.85,Safe,AQI良好或為室內設施,2026-03-03 19:07:26
桃園國小,民權路67號,24.9923,121.3102,True,212,桃園,38,0.94,Safe,AQI良好或為室內設施,2026-03-03 19:07:26
錦和中學,中和區錦和路163號,24.9925,121.4911,True,2543,新北,42,3.65,Safe,AQI良好或為室內設施,2026-03-03 19:07:26
龜山區公所本所（三樓禮堂）,中山街26號,24.992506,121.337823,True,200,桃園,38,3.71,Safe,AQI良好或為室內設施,2026-03-03 19:07:26
民族公園,民族路與三民路三段口,24.9926,121.3086,False,200,桃園,38,0.77,Safe,AQI良好或為室內設施,2026-03-03 19:07:26
市中心區聯合里集會所文明、文昌、文化、南華里,民族路110號三、四樓,24.9926,121.3091,True,129,桃園,38,0.82,Safe,AQI良好或為室內設施,2026-03-03 19:07:26
景美國中,文山區景中街27號,24.993,121.5429,True,80,台北,45,2.72,Safe,AQI良好或為室內設施,2026-03-03 19:07:26
長青學苑,民權路24號7樓,24.9934,121.3105,True,42,桃園,38,0.96,Safe,AQI良好或為室內設施,2026-03-03 19:07:26
桃園市公所禮堂,縣府路7號,24.9939,121.3015,True,64,桃園,38,0.06,Safe,AQI良好或為室內設施,2026-03-03 19:07:26
中和高中,中和區連城路460號,24.994,121.4783,True,2072,新北,42,2.78,Safe,AQI良好或為室內設施,2026-03-03 19:07:26
溪口國小,文山區景福街225號,24.9941,121.5387,True,90,台北,45,2.58,Safe,AQI良好或為室內設施,2026-03-03 19:07:26
龜山社區活動中心,中興路一段50號,24.994116,121.338374,True,70,桃園,38,3.77,Safe,AQI良好或為室內設施,2026-03-03 19:07:26
秀山國小,中和區立人街2號,24.9942,121.5212,True,4228,台北,45,3.16,Safe,AQI良好或為室內設施,2026-03-03 19:07:26
重慶國小,廣和街31號,24.9945,121.4624,True,2135,新北,42,2.51,Safe,AQI良好或為室內設施,2026-03-03 19:07:26
新路社區活動中心,永安街77號,24.994912,121.334421,True,60,桃園,38,3.37,Safe,AQI良好或為室內設施,2026-03-03 19:07:26
壽山高級中學,大同路23號,24.994986,121.341548,True,796,桃園,38,4.09,Safe,AQI良好或為室內設施,2026-03-03 19:07:26
東門國小,東國街14號,24.9952,121.3149,True,550,桃園,38,1.41,Safe,AQI良好或為室內設施,2026-03-03 19:07:26
景華公園,臺北市文山區景興路與景華街交叉口,24.9956,121.5446,False,1350,台北,45,2.47,Safe,AQI良好或為室內設施,2026-03-03 19:07:26
智光商工,永和區智光里中正路100號,24.9957,121.5143,True,722,台北,45,3.5,Safe,AQI良好或為室內設施,2026-03-03 19:07:26
中壢市芭里社區活動中心,啟文路175號,24.995705,121.203831,True,50,桃園,38,9.8,Safe,AQI良好或為室內設施,2026-03-03 19:07:26
桃園國中,莒光街2號,24.9958,121.3048,True,70,桃園,38,0.45,Safe,AQI良好或為室內設施,2026-03-03 19:07:26
木柵高工,文山區木柵路4段77號,24.9959,121.5719,True,169,台北,45,4.04,Safe,AQI良好或為室內設施,2026-03-03 19:07:26
景興國小,文山區景華街150巷21號,24.9961,121.5482,True,126,台北,45,2.52,Safe,AQI良好或為室內設施,2026-03-03 19:07:26
景興國中,文山區景興路46巷2號,24.9962,121.5443,True,100,台北,45,2.4,Safe,AQI良好或為室內設施,2026-03-03 19:07:26
臺北市文山運動中心,興隆路三段222號,24.9962,121.5443,True,189,台北,45,2.4,Safe,AQI良好或為室內設施,2026-03-03 19:07:26
嶺頂社區活動中心,西嶺頂24號,24.996761,121.342294,True,68,桃園,38,4.18,Safe,AQI良好或為室內設施,2026-03-03 19:07:26
自強國小,自強東路269號,24.997386,121.345413,True,700,桃園,38,4.5,Safe,AQI良好或為室內設施,2026-03-03 19:07:26
三民里集會所,中山東路128號,24.9976,121.3207,True,36,桃園,38,2.03,Safe,AQI良好或為室內設施,2026-03-03 19:07:26
文林國小,千歲街59號,24.997757,121.426072,True,1151,新北,42,4.6,Safe,AQI良好或為室內設施,2026-03-03 19:07:26
龜山國中,自強西路66號,24.997776,121.338533,True,100,桃園,38,3.81,Safe,AQI良好或為室內設施,2026-03-03 19:07:26
北門、朝陽二里聯合活動中心,朝陽街63號,24.9978,121.3129,True,69,桃園,38,1.29,Safe,AQI良好或為室內設施,2026-03-03 19:07:26
民權市民活動中心,永和區民族里民權路60號,24.998,121.5199,True,125,台北,45,2.92,Safe,AQI良好或為室內設施,2026-03-03 19:07:26
青溪、成功、東門里集會所,鎮撫街41號,24.9981,121.3145,True,88,桃園,38,1.45,Safe,AQI良好或為室內設施,2026-03-03 19:07:26
重慶國中,國慶路221號,24.9982,121.4632,True,2826,新北,42,2.09,Safe,AQI良好或為室內設施,2026-03-03 19:07:26
中和區公所,中和區景平路634之2號,24.9982,121.5002,True,65,新北,42,3.95,Safe,AQI良好或為室內設施,2026-03-03 19:07:26
成功國小,三民路3段22號,24.9983,121.3078,True,212,桃園,38,0.86,Safe,AQI良好或為室內設施,2026-03-03 19:07:26
阿柔市民活動中心,阿柔里阿柔洋62號,24.9983,121.6072,True,57,台北,45,7.14,Safe,AQI良好或為室內設施,2026-03-03 19:07:26
溪崑國中,大觀路三段50巷30號,24.9984,121.4313,True,785,新北,42,4.11,Safe,AQI良好或為室內設施,2026-03-03 19:07:26
自強國小,中和區莒光路200號,24.9985,121.4719,True,562,新北,42,2.09,Safe,AQI良好或為室內設施,2026-03-03 19:07:26
志清國小,文山區景福街21巷5號,24.9987,121.5388,True,35,台北,45,2.07,Safe,AQI良好或為室內設施,2026-03-03 19:07:26
自強國中,中和區莒光路191號,24.9988,121.4726,True,936,新北,42,2.08,Safe,AQI良好或為室內設施,2026-03-03 19:07:26
興華國小,臺北市文山區興隆路3段125巷6號,24.9988,121.5587,True,30,台北,45,2.82,Safe,AQI良好或為室內設施,2026-03-03 19:07:26
積穗國小,中和區員山路154號,24.9991,121.4814,True,545,新北,42,2.45,Safe,AQI良好或為室內設施,2026-03-03 19:07:26
青溪國小,自強路80號,24.9997,121.3182,True,210,桃園,38,1.86,Safe,AQI良好或為室內設施,2026-03-03 19:07:26
秀朗國小,永和區民權里得和路202號,24.9997,121.5214,True,2124,台北,45,2.68,Safe,AQI良好或為室內設施,2026-03-03 19:07:26
中和國小,中和區中和路100號,24.9999,121.5016,True,2866,新北,42,3.98,Safe,AQI良好或為室內設施,2026-03-03 19:07:26
忠孝國小,辭修路200號,25.0,120.0,True,703,新竹,42,99.75,Safe,AQI良好或為室內設施,2026-03-03 19:07:26
士東國小,中山北路六段392號,25.0,121.0,True,63,新竹,42,20.96,Safe,AQI良好或為室內設施,2026-03-03 19:07:26
積穗國中,中和區民安街66號,25.0004,121.4798,True,597,新北,42,2.24,Safe,AQI良好或為室內設施,2026-03-03 19:07:26
萬芳高中,文山區興隆路3段115巷1號,25.0005,121.5588,True,131,台北,45,2.7,Safe,AQI良好或為室內設施,2026-03-03 19:07:26
萬順市民活動中心,萬順里北深路3段107巷26號,25.0008,121.6041,True,22,台北,45,6.76,Safe,AQI良好或為室內設施,2026-03-03 19:07:26
公十五公園,領航南路一段與文德路,25.000969,121.207661,False,1007,桃園,38,9.44,Safe,AQI良好或為室內設施,2026-03-03 19:07:26
永安、長安、長德三里聯合活動中心（永康公園管理中心）,中正五街315號,25.001,121.3033,True,196,桃園,38,0.85,Safe,AQI良好或為室內設施,2026-03-03 19:07:26
三民公園、青溪公園,桃園市三民路、三元街、自強路口,25.0013,121.3171,False,2800,桃園,38,1.83,Safe,AQI良好或為室內設施,2026-03-03 19:07:26
鶴齡交誼中心,廟美街6巷3號2、4樓,25.0014,121.5011,True,82,新北,42,3.86,Safe,AQI良好或為室內設施,2026-03-03 19:07:26
南山高中,中和區廣福路41號,25.0016,121.5034,True,2130,台北,45,4.03,Safe,AQI良好或為室內設施,2026-03-03 19:07:26
興德國小,文山區興隆路2段235號,25.0017,121.5508,True,30,台北,45,2.07,Safe,AQI良好或為室內設施,2026-03-03 19:07:26
深坑國中,深坑里文化路41號,25.0017,121.6183,True,304,台北,45,8.13,Safe,AQI良好或為室內設施,2026-03-03 19:07:26
深坑國小,深坑里文化路45號,25.0018,121.6169,True,632,台北,45,7.99,Safe,AQI良好或為室內設施,2026-03-03 19:07:26
萬芳國小,文山區萬和街1號,25.0019,121.5673,True,135,台北,45,3.28,Safe,AQI良好或為室內設施,2026-03-03 19:07:26
武林國小,保安街二段151號,25.002028,121.415438,True,822,新北,42,5.42,Safe,AQI良好或為室內設施,2026-03-03 19:07:26
博嘉國小,文山區木柵路4段159巷14之1號,25.0021,121.5758,True,30,台北,45,4.03,Safe,AQI良好或為室內設施,2026-03-03 19:07:26
精忠集會所,光峰路141號,25.002285,121.343353,True,114,桃園,38,4.38,Safe,AQI良好或為室內設施,2026-03-03 19:07:26
中山國小,大觀路二段59巷31號,25.0023,121.4477,True,1136,新北,42,2.5,Safe,AQI良好或為室內設施,2026-03-03 19:07:26
興隆國小,文山區福興路2號,25.0024,121.5519,True,133,台北,45,2.08,Safe,AQI良好或為室內設施,2026-03-03 19:07:26
深坑市民活動中心,深坑里北深路2段166號,25.0025,121.6147,True,36,台北,45,7.75,Safe,AQI良好或為室內設施,2026-03-03 19:07:26
深坑區公所,深坑里深坑街10號,25.0025,121.616,True,100,台北,45,7.88,Safe,AQI良好或為室內設施,2026-03-03 19:07:26
漳和國中,中和區廣福路39號,25.0027,121.5055,True,1067,台北,45,3.79,Safe,AQI良好或為室內設施,2026-03-03 19:07:26
興德里營區,興德路55號,25.0029,121.5571,True,200,台北,45,2.39,Safe,AQI良好或為室內設施,2026-03-03 19:07:26
永康公園,桃園市中正五街、永康街口,25.0032,121.3018,False,800,桃園,38,1.07,Safe,AQI良好或為室內設施,2026-03-03 19:07:26
後埔國小,重慶路157號,25.0033,121.4627,True,703,新北,42,1.54,Safe,AQI良好或為室內設施,2026-03-03 19:07:26
復興商工,永和區得和里秀朗路一段201號,25.0035,121.5186,True,827,台北,45,2.61,Safe,AQI良好或為室內設施,2026-03-03 19:07:26
永和國小,永和區潭墘里秀朗路一段120號,25.0036,121.517,True,1329,台北,45,2.73,Safe,AQI良好或為室內設施,2026-03-03 19:07:26
武功國小,臺北市文山區興隆路1段68號,25.0039,121.5405,True,50,台北,45,1.49,Safe,AQI良好或為室內設施,2026-03-03 19:07:26
公十三公園及兒增二,高鐵南路二段與文德路,25.003951,121.205639,False,3562,桃園,38,9.68,Safe,AQI良好或為室內設施,2026-03-03 19:07:26
福和國中,永和區秀和里永利路71號,25.004,121.5209,True,1401,台北,45,2.39,Safe,AQI良好或為室內設施,2026-03-03 19:07:26
公八公園,領航南路3段與青松路,25.004304,121.214921,False,365,桃園,38,8.76,Safe,AQI良好或為室內設施,2026-03-03 19:07:26
東南科技大學,萬福里北深路3段152號,25.0044,121.6047,True,916,台北,45,6.72,Safe,AQI良好或為室內設施,2026-03-03 19:07:26
兒六兒童遊樂場,青埔六街與青埔十一街,25.004761,121.216768,False,408,桃園,38,8.58,Safe,AQI良好或為室內設施,2026-03-03 19:07:26
忠孝國中,成都街30號,25.0048,121.4616,True,191,新北,42,1.42,Safe,AQI良好或為室內設施,2026-03-03 19:07:26
萬福國小,文山區羅斯福路5段170巷32號,25.0048,121.5367,True,32,台北,45,1.42,Safe,AQI良好或為室內設施,2026-03-03 19:07:26
興福國中,文山區福興路80號,25.0049,121.5497,True,300,台北,45,1.72,Safe,AQI良好或為室內設施,2026-03-03 19:07:26
昇高市民活動中心,昇高里旺耽路25號,25.0049,121.6287,True,87,台北,45,9.09,Safe,AQI良好或為室內設施,2026-03-03 19:07:26
實踐國小,實踐路93巷51號,25.005,121.4664,True,1018,新北,42,1.3,Safe,AQI良好或為室內設施,2026-03-03 19:07:26
東勢市民活動中心,竿蓁林62-1號,25.0052,121.7508,True,25,基隆,35,13.66,Safe,AQI良好或為室內設施,2026-03-03 19:07:26
嶺腳市民活動中心,嶺腳寮14號,25.0052,121.7508,True,47,基隆,35,13.66,Safe,AQI良好或為室內設施,2026-03-03 19:07:26
兒十四兒童公園,高鐵南路二段與公園路一段,25.00591,121.20791,False,427,桃園,38,9.48,Safe,AQI良好或為室內設施,2026-03-03 19:07:26
直潭派出所,新北市新店區直潭十街2號,25.005939,121.456585,True,75,新北,42,1.57,Safe,AQI良好或為室內設施,2026-03-03 19:07:26
山北市民活動中心,莊敬路49巷29弄2號,25.0061,121.5016,True,92,新北,42,3.71,Safe,AQI良好或為室內設施,2026-03-03 19:07:26
德林寺停車場,龍安街985號,25.00618693,121.258501,False,150,桃園,38,4.51,Safe,AQI良好或為室內設施,2026-03-03 19:07:26
辛亥國小,文山區辛亥路4段103號,25.0063,121.5585,True,30,台北,45,2.27,Safe,AQI良好或為室內設施,2026-03-03 19:07:26
三多國中,三多路101號,25.006414,121.414672,True,847,新北,42,5.37,Safe,AQI良好或為室內設施,2026-03-03 19:07:26
永和國中,永和區秀和里國中路111號,25.0067,121.5233,True,1109,台北,45,2.01,Safe,AQI良好或為室內設施,2026-03-03 19:07:26
保生國民小學,觀音鄉保生村十四鄰五號,25.006913,121.07162,True,100,桃園,38,23.16,Safe,AQI良好或為室內設施,2026-03-03 19:07:26
育才國小,永和區永貞里福和路125巷20號,25.0071,121.5216,True,207,台北,45,2.13,Safe,AQI良好或為室內設施,2026-03-03 19:07:26
北門國小,正康三街139號,25.0072,121.307,True,64,桃園,38,1.63,Safe,AQI良好或為室內設施,2026-03-03 19:07:26
大業國小,大業路一段135號,25.0074,121.3158,True,106,桃園,38,2.14,Safe,AQI良好或為室內設施,2026-03-03 19:07:26
永定國小,靜安路一段245號,25.0078,121.688,True,330,基隆,35,14.28,Safe,AQI良好或為室內設施,2026-03-03 19:07:26
永平國小,永和區保安里保生路25號,25.0081,121.5057,True,943,台北,45,3.56,Safe,AQI良好或為室內設施,2026-03-03 19:07:26
大觀國小,大觀路一段30號,25.0086,121.4493,True,1784,新北,42,1.97,Safe,AQI良好或為室內設施,2026-03-03 19:07:26
三元、忠義里集會所,三元街289號,25.0087,121.3234,True,122,桃園,38,2.81,Safe,AQI良好或為室內設施,2026-03-03 19:07:26
中壢區洽溪社區活動中心,民權路4段546號,25.008748,121.202022,True,30,桃園,38,10.12,Safe,AQI良好或為室內設施,2026-03-03 19:07:26
公十一公園,洽溪路與永興路,25.008888,121.207384,False,523,桃園,38,9.59,Safe,AQI良好或為室內設施,2026-03-03 19:07:26
大有國小,大有路220號,25.0089,121.3205,True,212,桃園,38,2.6,Safe,AQI良好或為室內設施,2026-03-03 19:07:26
大有國中,大有路215號,25.0093,121.3196,True,70,桃園,38,2.56,Safe,AQI良好或為室內設施,2026-03-03 19:07:26
土庫第1市民活動中心,土庫里北深路1段83巷8弄36號,25.01,121.6346,True,100,台北,45,9.62,Safe,AQI良好或為室內設施,2026-03-03 19:07:26
石碇綜合活動大樓,楓子林32-1號,25.0101,121.6423,True,200,台北,45,10.39,Safe,AQI良好或為室內設施,2026-03-03 19:07:26
海山高中,漢生東路215號,25.0102,121.4709,True,2122,新北,42,0.84,Safe,AQI良好或為室內設施,2026-03-03 19:07:26
中壢區月眉社區活動中心,11鄰135-1號,25.01027,121.184493,True,55,桃園,38,11.89,Safe,AQI良好或為室內設施,2026-03-03 19:07:26
龍壽國小,龍校街30號,25.010772,121.387488,True,100,新北,42,8.01,Safe,AQI良好或為室內設施,2026-03-03 19:07:26
板橋國小,文化路一段23號,25.0108,121.4582,True,641,新北,42,1.08,Safe,AQI良好或為室內設施,2026-03-03 19:07:26
永平高中,永和區保安里永平路205號,25.0108,121.5086,True,5315,台北,45,3.2,Safe,AQI良好或為室內設施,2026-03-03 19:07:26
大觀國中,僑中一街1號,25.0112,121.4485,True,1611,新北,42,1.93,Safe,AQI良好或為室內設施,2026-03-03 19:07:26
民族國中,大安區羅斯福路4段113巷13號,25.0112,121.5388,True,139,台北,45,0.68,Safe,AQI良好或為室內設施,2026-03-03 19:07:26
臺北市大安運動中心,辛亥路三段55號,25.0112,121.5388,True,389,台北,45,0.68,Safe,AQI良好或為室內設施,2026-03-03 19:07:26
板橋高中,文化路一段25號,25.0117,121.4591,True,1136,新北,42,0.95,Safe,AQI良好或為室內設施,2026-03-03 19:07:26
會稽國小,春日路1080號,25.0118,121.3086,True,70,桃園,38,2.16,Safe,AQI良好或為室內設施,2026-03-03 19:07:26
大甲高中活動中心,大甲區南陽里中山路一段720號,25.012024,121.465467,True,598,新北,42,0.53,Safe,AQI良好或為室內設施,2026-03-03 19:07:26
公館國小,臺北市大安區基隆路4段41巷68弄2號,25.0124,121.5429,True,50,台北,45,0.64,Safe,AQI良好或為室內設施,2026-03-03 19:07:26
石碇高中,八分寮45號,25.0127,121.6426,True,963,台北,45,10.4,Safe,AQI良好或為室內設施,2026-03-03 19:07:26
網溪國小,永和區上林里竹林路79號,25.0129,121.5193,True,853,台北,45,2.09,Safe,AQI良好或為室內設施,2026-03-03 19:07:26
公十公園,永春路與永溪路,25.01304,121.20699,False,523,桃園,38,9.72,Safe,AQI良好或為室內設施,2026-03-03 19:07:26
民生公園市民活動中心,民生路一段30之1號,25.0137,121.4768,True,292,新北,42,1.07,Safe,AQI良好或為室內設施,2026-03-03 19:07:26
臺北市中正運動中心,信義路一段1號,25.0137,121.535,True,250,台北,45,0.6,Safe,AQI良好或為室內設施,2026-03-03 19:07:26
月眉環保公園,7鄰95號附近,25.014116,121.190069,False,1200,桃園,38,11.41,Safe,AQI良好或為室內設施,2026-03-03 19:07:26
會稽社區活動中心,興一街65巷50號,25.0142,121.3161,True,52,桃園,38,2.75,Safe,AQI良好或為室內設施,2026-03-03 19:07:26
銘傳國小,大安區羅斯福路4段21號,25.0142,121.5352,True,161,台北,45,0.55,Safe,AQI良好或為室內設施,2026-03-03 19:07:26
竹林小學,永和區勵行里竹林路34號,25.0145,121.5173,True,58,台北,45,2.26,Safe,AQI良好或為室內設施,2026-03-03 19:07:26
光復國小,中和區光環路2段1號,25.0148,121.4829,True,855,新北,42,1.65,Safe,AQI良好或為室內設施,2026-03-03 19:07:26
公六公園,領航南路4段與青昇路,25.015014,121.222287,False,456,桃園,38,8.28,Safe,AQI良好或為室內設施,2026-03-03 19:07:26
柑林國小,9鄰柑腳3號,25.01513,121.804558,True,133,基隆,35,14.13,Safe,AQI良好或為室內設施,2026-03-03 19:07:26
虎子山,虎子山街,25.015188,121.944391,False,50,基隆,35,24.15,Safe,AQI良好或為室內設施,2026-03-03 19:07:26
頂溪國小,永和區文化里文化路133號,25.0155,121.5116,True,888,台北,45,2.82,Safe,AQI良好或為室內設施,2026-03-03 19:07:26
及人國小,永和區新?里文化路172號,25.0157,121.512,True,1041,台北,45,2.78,Safe,AQI良好或為室內設施,2026-03-03 19:07:26
長源社區活動中心,柑腳19號,25.0157,121.8028,True,172,基隆,35,13.99,Safe,AQI良好或為室內設施,2026-03-03 19:07:26
金甌女中,永和區復興里博愛街36號,25.0158,121.5193,True,239,台北,45,2.04,Safe,AQI良好或為室內設施,2026-03-03 19:07:26
福連國小,福連街1號,25.0162,121.9888,True,300,基隆,35,28.03,Safe,AQI良好或為室內設施,2026-03-03 19:07:26
中壢區山東社區活動中心,山東一路39號,25.01621,121.173726,True,100,桃園,38,13.07,Safe,AQI良好或為室內設施,2026-03-03 19:07:26
貢寮國中,嵩陽路42號,25.0164,121.9071,True,661,基隆,35,20.95,Safe,AQI良好或為室內設施,2026-03-03 19:07:26
三多國小,三福街52號,25.016651,121.4059,True,807,新北,42,6.13,Safe,AQI良好或為室內設施,2026-03-03 19:07:26
同安里集會所,新埔六街140號,25.0167,121.3018,True,61,桃園,38,2.57,Safe,AQI良好或為室內設施,2026-03-03 19:07:26
光復高中,光環路一段7號,25.0168,121.4828,True,416,新北,42,1.62,Safe,AQI良好或為室內設施,2026-03-03 19:07:26
忠孝市民活動中心,忠孝街26巷8號,25.0169,121.5153,True,85,台北,45,2.44,Safe,AQI良好或為室內設施,2026-03-03 19:07:26
福隆國小,東興街35號,25.0171,121.9487,True,430,基隆,35,24.42,Safe,AQI良好或為室內設施,2026-03-03 19:07:26
龍華社區活動中心,萬壽路一段422巷22弄43-1號,25.017485,121.400544,True,150,新北,42,6.67,Safe,AQI良好或為室內設施,2026-03-03 19:07:26
丹鳳國小,新北大道七段437號,25.0175,121.4257,True,297,新北,42,4.13,Safe,AQI良好或為室內設施,2026-03-03 19:07:26
光復國小,中和區中原里光環路二段1號,25.0177,121.484,True,855,新北,42,1.75,Safe,AQI良好或為室內設施,2026-03-03 19:07:26
靈鷲山無生道場,香蘭街7-1號,25.0177,121.9729,True,100,基隆,35,26.52,Safe,AQI良好或為室內設施,2026-03-03 19:07:26
桃園縣多功能藝文園區,桃園市南平路、中正路,25.0179,121.2977,False,3000,桃園,38,2.72,Safe,AQI良好或為室內設施,2026-03-03 19:07:26
埔墘國小,永豐街42之8號,25.0181,121.4741,True,628,新北,42,0.76,Safe,AQI良好或為室內設施,2026-03-03 19:07:26
上興公園,上興路與大興八街交叉附近,25.01826193,121.262927,False,150,桃園,38,4.72,Safe,AQI良好或為室內設施,2026-03-03 19:07:26
同新公園,同安街慈文國小邊,25.0183,121.3014,False,150,桃園,38,2.75,Safe,AQI良好或為室內設施,2026-03-03 19:07:26
福隆青少年活動中心,福隆里福隆街60號,25.0184,121.9457,True,403,基隆,35,24.08,Safe,AQI良好或為室內設施,2026-03-03 19:07:26
迴龍社區活動中心,宏慶街34巷48-1號,25.018416,121.410691,True,93,新北,42,5.65,Safe,AQI良好或為室內設施,2026-03-03 19:07:26
中山國中,文化路一段188巷56號,25.0185,121.4676,True,2280,新北,42,0.22,Safe,AQI良好或為室內設施,2026-03-03 19:07:26
外柑市民活動中心,外柑腳49號,25.018517,121.807814,True,72,基隆,35,13.96,Safe,AQI良好或為室內設施,2026-03-03 19:07:26
快樂國小,大有路789號,25.0187,121.3154,True,70,桃園,38,3.15,Safe,AQI良好或為室內設施,2026-03-03 19:07:26
芳和國中,臺北市大安區臥龍街170號,25.0187,121.5503,True,30,台北,45,1.1,Safe,AQI良好或為室內設施,2026-03-03 19:07:26
螢橋國中,中正區汀州路3段四號,25.019,121.5265,True,52,台北,45,1.32,Safe,AQI良好或為室內設施,2026-03-03 19:07:26
迴龍國中小學,萬壽路一段168號,25.019376,121.405433,True,500,新北,42,6.18,Safe,AQI良好或為室內設施,2026-03-03 19:07:26
同德社區活動中心,永安北路500號,25.0194,121.2925,True,111,桃園,38,2.99,Safe,AQI良好或為室內設施,2026-03-03 19:07:26
國光國小,中正路325巷30號,25.0194,121.4533,True,1211,新北,42,1.38,Safe,AQI良好或為室內設施,2026-03-03 19:07:26
大安國小,臺北市大安區臥龍街129號,25.0195,121.5496,True,60,台北,45,1.05,Safe,AQI良好或為室內設施,2026-03-03 19:07:26
和平高中,大安區臥龍街100號,25.0196,121.5491,True,300,台北,45,1.0,Safe,AQI良好或為室內設施,2026-03-03 19:07:26
板橋莊敬市民活動中心,民生路二段120號,25.0197,121.4708,True,188,新北,42,0.53,Safe,AQI良好或為室內設施,2026-03-03 19:07:26
新埔里活動中心,南通路65號,25.0201,121.3056,True,140,桃園,38,2.98,Safe,AQI良好或為室內設施,2026-03-03 19:07:26
貢寮市民活動中心,長泰路18-2號,25.0206,121.9075,True,176,基隆,35,20.71,Safe,AQI良好或為室內設施,2026-03-03 19:07:26
古亭國小,大安區羅斯福路3段,25.0207,121.5285,True,62,台北,45,1.17,Safe,AQI良好或為室內設施,2026-03-03 19:07:26
西埔里活動中心,富國路681巷19弄路口,25.0209,121.2805,True,25,桃園,38,3.67,Safe,AQI良好或為室內設施,2026-03-03 19:07:26
四維市民活動中心,四維路186巷2號,25.021171,121.421825,True,300,新北,42,4.55,Safe,AQI良好或為室內設施,2026-03-03 19:07:26
裕民行政大樓,裕民路136號,25.0212,121.4162,True,300,新北,42,5.11,Safe,AQI良好或為室內設施,2026-03-03 19:07:26
春日里活動中心,至善街133號,25.0216,121.3126,True,28,桃園,38,3.33,Safe,AQI良好或為室內設施,2026-03-03 19:07:26
中平國中,中平路385號,25.0216,121.4278,True,1384,新北,42,3.96,Safe,AQI良好或為室內設施,2026-03-03 19:07:26
莊敬社區活動中心,新埔七街169巷13號,25.0219,121.2999,True,53,桃園,38,3.15,Safe,AQI良好或為室內設施,2026-03-03 19:07:26
榮富國小,中和街193號,25.0219,121.418,True,2819,新北,42,4.94,Safe,AQI良好或為室內設施,2026-03-03 19:07:26
貢寮國小,學苑街7號,25.022,121.9151,True,633,基隆,35,21.25,Safe,AQI良好或為室內設施,2026-03-03 19:07:26
青年公園,臺北市萬華區水源路199號,25.0221,121.507,False,33756,台北,45,3.32,Safe,AQI良好或為室內設施,2026-03-03 19:07:26
白石市民活動中心,9鄰靜安路2段241號,25.0221,121.7247,True,49,基隆,35,11.82,Safe,AQI良好或為室內設施,2026-03-03 19:07:26
文德國小,英士路179號,25.0225,121.4585,True,1207,新北,42,1.05,Safe,AQI良好或為室內設施,2026-03-03 19:07:26
薯榔市民活動中心,靜安路二段63號,25.022689,121.728154,True,61,基隆,35,11.72,Safe,AQI良好或為室內設施,2026-03-03 19:07:26
大竹國中,大竹路國中巷35號,25.02289,121.258528,True,0,桃園,38,5.38,Safe,AQI良好或為室內設施,2026-03-03 19:07:26
萬大國小,大同區萬大路346號,25.023,121.4993,True,66,新北,42,3.36,Safe,AQI良好或為室內設施,2026-03-03 19:07:26
朝陽公園,桃園市三民路、朝陽街口,25.0231,121.3062,False,3000,桃園,38,3.32,Safe,AQI良好或為室內設施,2026-03-03 19:07:26
青年公園棒球場,水源路199號,25.0231,121.4978,True,68,新北,42,3.21,Safe,AQI良好或為室內設施,2026-03-03 19:07:26
東園國小,臺北市萬華區東園街195號,25.0231,121.4978,True,102,新北,42,3.21,Safe,AQI良好或為室內設施,2026-03-03 19:07:26
臺北市萬華運動中心,西寧南路6之1號,25.0231,121.4978,True,226,新北,42,3.21,Safe,AQI良好或為室內設施,2026-03-03 19:07:26
河堤國小,中正區汀州路2段180號,25.0232,121.5226,True,30,台北,45,1.82,Safe,AQI良好或為室內設施,2026-03-03 19:07:26
長庚醫護社區活動文康中心,80號B1,25.023311,121.357412,True,200,桃園,38,6.57,Safe,AQI良好或為室內設施,2026-03-03 19:07:26
菁桐市民活動中心,菁桐街65-1號,25.0235,121.7262,True,104,基隆,35,11.65,Safe,AQI良好或為室內設施,2026-03-03 19:07:26
平溪國中,靜安路二段295號,25.0235,121.7336,True,710,基隆,35,11.59,Safe,AQI良好或為室內設施,2026-03-03 19:07:26
菁桐國小,菁桐街45號,25.0236,121.7266,True,310,基隆,35,11.63,Safe,AQI良好或為室內設施,2026-03-03 19:07:26
大崗社區活動中心,忠義路二段491號,25.023863,121.353653,True,272,桃園,38,6.28,Safe,AQI良好或為室內設施,2026-03-03 19:07:26
龍安國小,大安區新生南路3段33號,25.0239,121.5348,True,120,台北,45,0.87,Safe,AQI良好或為室內設施,2026-03-03 19:07:26
五權社區活動中心,14鄰中正東路二段541號,25.023949,121.230923,True,100,桃園,38,7.83,Safe,AQI良好或為室內設施,2026-03-03 19:07:26
板橋國中,中正路437號,25.024,121.4542,True,1628,新北,42,1.5,Safe,AQI良好或為室內設施,2026-03-03 19:07:26
中港國小,中港一街142號,25.0242,121.4138,True,695,新北,42,5.4,Safe,AQI良好或為室內設施,2026-03-03 19:07:26
長庚里345號地下一樓,345號B1,25.024279,121.356905,True,200,桃園,38,6.59,Safe,AQI良好或為室內設施,2026-03-03 19:07:26
昌平國小,昌平街200號,25.0243,121.4238,True,635,新北,42,4.4,Safe,AQI良好或為室內設施,2026-03-03 19:07:26
古亭國中,中正區中華路2段465號,25.0246,121.5106,True,66,台北,45,3.02,Safe,AQI良好或為室內設施,2026-03-03 19:07:26
平溪市民活動中心,公園街17號2樓,25.0247,121.7371,True,106,基隆,35,11.44,Safe,AQI良好或為室內設施,2026-03-03 19:07:26
大竹國小,大竹路556號,25.02483395,121.258678,True,260,桃園,38,5.5,Safe,AQI良好或為室內設施,2026-03-03 19:07:26
新埔國中,新海路181號,25.0249,121.4597,True,3276,新北,42,1.15,Safe,AQI良好或為室內設施,2026-03-03 19:07:26
螢橋國小,中正區詔安街29號,25.0249,121.5144,True,63,台北,45,2.67,Safe,AQI良好或為室內設施,2026-03-03 19:07:26
龍門國中,大安區建國南路2段269號,25.0249,121.538,True,300,台北,45,0.86,Safe,AQI良好或為室內設施,2026-03-03 19:07:26
新莊國中,中正路211號,25.0253,121.4225,True,1370,新北,42,4.56,Safe,AQI良好或為室內設施,2026-03-03 19:07:26
平湖市民活動中心,大湖10號,25.0256,121.7813,True,71,基隆,35,12.11,Safe,AQI良好或為室內設施,2026-03-03 19:07:26
橫峰社區活動中心,中山南路二段435號,25.025624,121.213508,True,100,桃園,38,9.51,Safe,AQI良好或為室內設施,2026-03-03 19:07:26
豐年市民活動中心,豐年街57號之5,25.0258,121.4283,True,100,新北,42,4.0,Safe,AQI良好或為室內設施,2026-03-03 19:07:26
新和國小,萬華區西藏路125巷31號,25.026,121.5033,True,79,台北,45,3.77,Safe,AQI良好或為室內設施,2026-03-03 19:07:26
吳興國小,臺北市信義區松仁路226號,25.026,121.5686,True,60,台北,45,3.09,Safe,AQI良好或為室內設施,2026-03-03 19:07:26
莒光國小,莒光路163號,25.0261,121.4736,True,428,新北,42,1.26,Safe,AQI良好或為室內設施,2026-03-03 19:07:26
汴洲里老人活動中心,桃園巿莊敬路1段71號,25.0263,121.3038,True,178,桃園,38,3.65,Safe,AQI良好或為室內設施,2026-03-03 19:07:26
舊路社區活動中心,振興路1278巷29號-振天宮,25.02646,121.36753,True,60,桃園,38,7.64,Safe,AQI良好或為室內設施,2026-03-03 19:07:26
西園國小,萬華區東園街73巷23號6樓,25.0266,121.4988,True,30,新北,42,3.42,Safe,AQI良好或為室內設施,2026-03-03 19:07:26
平溪國小,平溪街56號,25.0272,121.7376,True,525,基隆,35,11.17,Safe,AQI良好或為室內設施,2026-03-03 19:07:26
昭惠廟,龍門街74-1號,25.0273,121.9316,True,50,基隆,35,22.36,Safe,AQI良好或為室內設施,2026-03-03 19:07:26
雙園國中,萬華區興義街2號,25.0276,121.4927,True,30,新北,42,2.89,Safe,AQI良好或為室內設施,2026-03-03 19:07:26
華江高中,萬華區西藏路213號,25.0285,121.4962,True,300,新北,42,3.25,Safe,AQI良好或為室內設施,2026-03-03 19:07:26
信義國中,信義區松仁路158巷1號,25.0286,121.5679,True,361,台北,45,3.13,Safe,AQI良好或為室內設施,2026-03-03 19:07:26
中正公園,同安街、中正路口,25.0288,121.2925,False,1500,桃園,38,4.01,Safe,AQI良好或為室內設施,2026-03-03 19:07:26
江翠國中,松江街63號,25.0289,121.4684,True,2895,新北,42,1.37,Safe,AQI良好或為室內設施,2026-03-03 19:07:26
上林國小,內平林60號,25.029,121.832,True,1309,基隆,35,14.41,Safe,AQI良好或為室內設施,2026-03-03 19:07:26
萬華國中,萬華區西藏路201號,25.0291,121.4987,True,50,新北,42,3.51,Safe,AQI良好或為室內設施,2026-03-03 19:07:26
牡丹心市民活動中心,雙鳳路75號5樓,25.0294,121.4431,True,300,新北,42,2.77,Safe,AQI良好或為室內設施,2026-03-03 19:07:26
建安國小,大安區大安路2段99號,25.0294,121.5461,True,30,台北,45,1.5,Safe,AQI良好或為室內設施,2026-03-03 19:07:26
文聖國小,文聖街86號,25.0295,121.4772,True,1023,新北,42,1.77,Safe,AQI良好或為室內設施,2026-03-03 19:07:26
忠義國小,中正區中華路2段307巷17號,25.0296,121.5062,True,100,台北,45,3.62,Safe,AQI良好或為室內設施,2026-03-03 19:07:26
中華區民活動中心,中華路2段291號地下室,25.0297,121.5045,True,35,台北,45,3.79,Safe,AQI良好或為室內設施,2026-03-03 19:07:26
三興國小,信義區基隆路2段99號,25.0297,121.558,True,77,台北,45,2.32,Safe,AQI良好或為室內設施,2026-03-03 19:07:26
大安森林公園,臺北市大安區新生南路以東、信義路3段以南,25.0301,121.5354,False,47436,台北,45,1.48,Safe,AQI良好或為室內設施,2026-03-03 19:07:26
新生國小,大安區新生南路2段36號,25.0304,121.5335,True,35,台北,45,1.58,Safe,AQI良好或為室內設施,2026-03-03 19:07:26
瓊泰市民活動中心,瓊泰路85號,25.0306,121.4467,True,150,新北,42,2.54,Safe,AQI良好或為室內設施,2026-03-03 19:07:26
大安國中,大安區大安路2段63號,25.0307,121.5462,True,274,台北,45,1.64,Safe,AQI良好或為室內設施,2026-03-03 19:07:26
大理高中,萬華區長順街2號,25.0308,121.4913,True,300,新北,42,2.93,Safe,AQI良好或為室內設施,2026-03-03 19:07:26
思賢國小,自立街229號,25.0309,121.4433,True,285,新北,42,2.84,Safe,AQI良好或為室內設施,2026-03-03 19:07:26
雙園國小,萬華區莒光路315號,25.0309,121.4975,True,109,新北,42,3.48,Safe,AQI良好或為室內設施,2026-03-03 19:07:26
國語實小,中正區南海路58號,25.0309,121.511,True,49,台北,45,3.25,Safe,AQI良好或為室內設施,2026-03-03 19:07:26
大理國小,萬華區艋舺大道389號,25.0312,121.4938,True,84,新北,42,3.17,Safe,AQI良好或為室內設施,2026-03-03 19:07:26
建國中學,中正區南海路56號,25.0312,121.5122,True,300,台北,45,3.16,Safe,AQI良好或為室內設施,2026-03-03 19:07:26
金華國中,大安區新生南路2段32號,25.0312,121.5331,True,300,台北,45,1.67,Safe,AQI良好或為室內設施,2026-03-03 19:07:26
信義國小,信義區松勤街60號,25.0318,121.5632,True,150,台北,45,2.88,Safe,AQI良好或為室內設施,2026-03-03 19:07:26
共和社區活動中心,中山路41巷6號,25.0318,121.8661,True,100,基隆,35,16.64,Safe,AQI良好或為室內設施,2026-03-03 19:07:26
大安高工,大安區復興南路2段52號,25.0319,121.5432,True,100,台北,45,1.67,Safe,AQI良好或為室內設施,2026-03-03 19:07:26
金華國小,大安區愛國東路79巷11號,25.0322,121.5277,True,56,台北,45,2.04,Safe,AQI良好或為室內設施,2026-03-03 19:07:26
中正國中,中正區愛國東路158號,25.0323,121.5221,True,300,台北,45,2.42,Safe,AQI良好或為室內設施,2026-03-03 19:07:26
江翠國小,文化路二段413號,25.0324,121.4742,True,784,新北,42,1.9,Safe,AQI良好或為室內設施,2026-03-03 19:07:26
永春高中,信義區松山路654號,25.0327,121.5786,True,300,台北,45,4.3,Safe,AQI良好或為室內設施,2026-03-03 19:07:26
輔仁大學,中正路510號,25.0329,121.4341,True,705,新北,42,3.75,Safe,AQI良好或為室內設施,2026-03-03 19:07:26
台北世貿一館,台北市信義區信義路五段5號,25.033152,121.56234,True,4245,台北,45,2.9,Safe,AQI良好或為室內設施,2026-03-03 19:07:26
雙溪國小,東榮街54號,25.0334,121.8672,True,1013,基隆,35,16.61,Safe,AQI良好或為室內設施,2026-03-03 19:07:26
華江國小,萬華區環河南路2段250巷42弄2號,25.0341,121.4912,True,37,新北,42,3.14,Safe,AQI良好或為室內設施,2026-03-03 19:07:26
新莊國小,中正路86號,25.0342,121.4417,True,1029,新北,42,3.18,Safe,AQI良好或為室內設施,2026-03-03 19:07:26
松山家商,信義區松山路655號,25.0348,121.5801,True,116,台北,45,4.53,Safe,AQI良好或為室內設施,2026-03-03 19:07:26
雙溪高中,梅竹蹊3號,25.0349,121.8632,True,1376,基隆,35,16.19,Safe,AQI良好或為室內設施,2026-03-03 19:07:26
南門國小,中正區廣州街6號,25.0352,121.5091,True,30,台北,45,3.65,Safe,AQI良好或為室內設施,2026-03-03 19:07:26
南門國中,中正區廣州街6號,25.0352,121.5091,True,151,台北,45,3.65,Safe,AQI良好或為室內設施,2026-03-03 19:07:26
平林市民活動中心,外平林52號,25.035598,121.849136,True,79,基隆,35,15.07,Safe,AQI良好或為室內設施,2026-03-03 19:07:26
龍山國小,萬華區和平西路3段235號,25.0356,121.4962,True,50,新北,42,3.64,Safe,AQI良好或為室內設施,2026-03-03 19:07:26
臺北市信義運動中心,松勤路100號,25.0356,121.5733,True,200,台北,45,3.97,Safe,AQI良好或為室內設施,2026-03-03 19:07:26
松德公園,臺北市信義區松德路180巷興雅國中西側,25.0356,121.5733,False,1346,台北,45,3.97,Safe,AQI良好或為室內設施,2026-03-03 19:07:26
台北市世貿三館,台北市信義區松壽路6號,25.035701,121.563833,True,1000,台北,45,3.19,Safe,AQI良好或為室內設施,2026-03-03 19:07:26
中信國小,中信街168號,25.0358,121.4505,True,1084,新北,42,2.68,Safe,AQI良好或為室內設施,2026-03-03 19:07:26
仁愛國小,大安區安和路1段60號,25.0358,121.5524,True,53,台北,45,2.43,Safe,AQI良好或為室內設施,2026-03-03 19:07:26
新莊區公所,中正路176號,25.035834,121.450558,True,200,新北,42,2.68,Safe,AQI良好或為室內設施,2026-03-03 19:07:26
新莊高中,中平路135號,25.0359,121.4525,True,933,新北,42,2.57,Safe,AQI良好或為室內設施,2026-03-03 19:07:26
龍山國中,臺北市萬華區南寧路46號,25.036,121.5046,True,367,台北,45,4.09,Safe,AQI良好或為室內設施,2026-03-03 19:07:26
博愛國小,信義區松仁路95巷20號,25.0364,121.5711,True,80,台北,45,3.83,Safe,AQI良好或為室內設施,2026-03-03 19:07:26
興雅國中,信義區松德路168巷15號,25.0364,121.5723,True,151,台北,45,3.93,Safe,AQI良好或為室內設施,2026-03-03 19:07:26
私立恆毅高級中學,中正路108號,25.036593,121.453731,True,604,新北,42,2.57,Safe,AQI良好或為室內設施,2026-03-03 19:07:26
新泰市民活動中心,建中街116巷3弄2號,25.0369,121.4451,True,250,新北,42,3.13,Safe,AQI良好或為室內設施,2026-03-03 19:07:26
頭前國中,思源路485號,25.037,121.4564,True,2352,新北,42,2.48,Safe,AQI良好或為室內設施,2026-03-03 19:07:26
?公國中,臺北市信義區福德街221巷15號,25.0371,121.5853,True,30,台北,45,5.11,Safe,AQI良好或為室內設施,2026-03-03 19:07:26
弘道國中,中正區公園路21號,25.0375,121.5153,True,87,台北,45,3.32,Safe,AQI良好或為室內設施,2026-03-03 19:07:26
仁愛國中,大安區仁愛路4段130號,25.0375,121.5507,True,125,台北,45,2.51,Safe,AQI良好或為室內設施,2026-03-03 19:07:26
幸安國小,大安區仁愛路3段22號,25.0376,121.535,True,200,台北,45,2.3,Safe,AQI良好或為室內設施,2026-03-03 19:07:26
光華國小,龍安路452號,25.0378,121.4438,True,963,新北,42,3.29,Safe,AQI良好或為室內設施,2026-03-03 19:07:26
老松國小,臺北市萬華區桂林路64號,25.038,121.5027,True,50,新北,42,4.33,Safe,AQI良好或為室內設施,2026-03-03 19:07:26
北一女中,臺北市中正區重慶南路1段 165 號,25.0386,121.513,True,60,台北,45,3.57,Safe,AQI良好或為室內設施,2026-03-03 19:07:26
東門國小,中正區仁愛路1段2-4號,25.0387,121.5209,True,100,台北,45,3.03,Safe,AQI良好或為室內設施,2026-03-03 19:07:26
福德國小,信義區福德街253號,25.0389,121.5865,True,105,台北,45,5.31,Safe,AQI良好或為室內設施,2026-03-03 19:07:26
貴和市民活動中心,明志路三段365號,25.0394,121.4266,True,76,新北,42,4.76,Safe,AQI良好或為室內設施,2026-03-03 19:07:26
財團法人臺北市東和禪寺,仁愛路一段21-33號,25.0394,121.5225,True,30,台北,45,3.0,Safe,AQI良好或為室內設施,2026-03-03 19:07:26
松山工農,臺北市信義區忠孝東路5段236巷15號,25.0398,121.572,True,50,台北,45,4.12,Safe,AQI良好或為室內設施,2026-03-03 19:07:26
光復國小,臺北市信義區光復南路271號,25.0402,121.5578,True,40,台北,45,3.14,Safe,AQI良好或為室內設施,2026-03-03 19:07:26
舊庄國小,舊莊街一段100號,25.040245,121.61735,True,92,台北,45,8.25,Safe,AQI良好或為室內設施,2026-03-03 19:07:26
二二八和平公園,臺北市中正區-凱達格蘭大道3號,25.0403,121.5156,False,7909,台北,45,3.51,Safe,AQI良好或為室內設施,2026-03-03 19:07:26
懷生國中,大安區忠孝東路3段248巷30號,25.0403,121.5412,True,300,台北,45,2.56,Safe,AQI良好或為室內設施,2026-03-03 19:07:26
南上社區活動中心,民生北路一段356巷386-1號,25.040457,121.300096,True,60,林口,120,4.45,High Risk,最近AQI測站(林口) AQI為120 > 100,2026-03-03 19:07:26
南興公園,南順二街,25.04135998,121.287732,False,0,林口,120,4.96,High Risk,最近AQI測站(林口) AQI為120 > 100,2026-03-03 19:07:26
明志科技大學,工專路84號,25.0417,121.4206,True,1803,新北,42,5.41,Safe,AQI良好或為室內設施,2026-03-03 19:07:26
中港第一市民活動中心,中港路172號,25.041825,121.455157,True,75,新北,42,3.03,Safe,AQI良好或為室內設施,2026-03-03 19:07:26
老人文康活動中心,十分街66巷1號,25.04193,121.775807,True,127,基隆,35,10.21,Safe,AQI良好或為室內設施,2026-03-03 19:07:26
全安市民活動中心,新莊路527號,25.0423,121.4565,True,200,新北,42,3.03,Safe,AQI良好或為室內設施,2026-03-03 19:07:26
龍騰活動中心,4鄰外庄10號,25.042385,121.533012,True,20,台北,45,2.86,Safe,AQI良好或為室內設施,2026-03-03 19:07:26
雙潭活動中心,2鄰雙連潭40-1號,25.042385,121.533012,True,20,台北,45,2.86,Safe,AQI良好或為室內設施,2026-03-03 19:07:26
鯉魚潭活動中心室內,鯉魚口2鄰47-2號,25.042385,121.533012,True,50,台北,45,2.86,Safe,AQI良好或為室內設施,2026-03-03 19:07:26
建中國民小學活動中心室內,6鄰廣盛80號,25.042385,121.533012,True,50,台北,45,2.86,Safe,AQI良好或為室內設施,2026-03-03 19:07:26
西湖村活動中心室內,4鄰上湖64號,25.042385,121.533012,True,50,台北,45,2.86,Safe,AQI良好或為室內設施,2026-03-03 19:07:26
上?里民眾活動中心,4鄰62-7號,25.042385,121.533012,True,50,台北,45,2.86,Safe,AQI良好或為室內設施,2026-03-03 19:07:26
銅鏡社區活動中心,1鄰小銅鑼圈9之11號,25.042385,121.533012,True,50,台北,45,2.86,Safe,AQI良好或為室內設施,2026-03-03 19:07:26
西湖村活動中心室外,4鄰上湖64號,25.042385,121.533012,False,150,台北,45,2.86,Safe,AQI良好或為室內設施,2026-03-03 19:07:26
鯉魚潭村活動中心室外,1鄰鯉魚口10-1號,25.042385,121.533012,False,150,台北,45,2.86,Safe,AQI良好或為室內設施,2026-03-03 19:07:26
建中國民小學操場室外,6鄰廣盛80號,25.042385,121.533012,False,300,台北,45,2.86,Safe,AQI良好或為室內設施,2026-03-03 19:07:26
苑裡鎮立托兒所,10鄰110-1號2樓,25.042385,121.533012,True,300,台北,45,2.86,Safe,AQI良好或為室內設施,2026-03-03 19:07:26
苑裡鎮老人文康中心,13鄰興隆2-1號,25.042385,121.533012,True,300,台北,45,2.86,Safe,AQI良好或為室內設施,2026-03-03 19:07:26
苑裡鎮苑東苑南苑北社區聯合活動中,13鄰中山路312號,25.042385,121.533012,True,500,台北,45,2.86,Safe,AQI良好或為室內設施,2026-03-03 19:07:26
苗栗縣立苑裡高中操場,1鄰2號,25.042385,121.533012,False,1000,台北,45,2.86,Safe,AQI良好或為室內設施,2026-03-03 19:07:26
山腳國小田徑場,10鄰47號,25.042385,121.533012,False,1000,台北,45,2.86,Safe,AQI良好或為室內設施,2026-03-03 19:07:26
苑裡鎮中山國小操場,51-1號,25.042385,121.533012,False,1000,台北,45,2.86,Safe,AQI良好或為室內設施,2026-03-03 19:07:26
苑裡鎮立體育場,中正路10鄰1段32號鎮立游泳池旁,25.042385,121.533012,False,2000,台北,45,2.86,Safe,AQI良好或為室內設施,2026-03-03 19:07:26
綺湖社區活動中心,綺湖96號,25.042385,121.533012,True,78,台北,45,2.86,Safe,AQI良好或為室內設施,2026-03-03 19:07:26
大有市民活動中心,插角25-1號,25.042385,121.533012,True,148,台北,45,2.86,Safe,AQI良好或為室內設施,2026-03-03 19:07:26
豐珠國中小活動中心,雞母嶺街6-6號,25.042385,121.533012,True,369,台北,45,2.86,Safe,AQI良好或為室內設施,2026-03-03 19:07:26
大林鎮公所,中興路二段239號,25.042385,121.533012,True,50,台北,45,2.86,Safe,AQI良好或為室內設施,2026-03-03 19:07:26
西興村活動中心前廣場,菜瓜坪4號之1,25.042385,121.533012,False,50,台北,45,2.86,Safe,AQI良好或為室內設施,2026-03-03 19:07:26
大埔鄉公所,54號,25.042385,121.533012,True,50,台北,45,2.86,Safe,AQI良好或為室內設施,2026-03-03 19:07:26
文光國際英語村[室內],外埔5號,25.042385,121.533012,True,80,台北,45,2.86,Safe,AQI良好或為室內設施,2026-03-03 19:07:26
嘉義縣竹崎鄉灣橋村朴子埔收容所暨防災物資整備所,4鄰朴子埔32號之2,25.042385,121.533012,True,90,台北,45,2.86,Safe,AQI良好或為室內設施,2026-03-03 19:07:26
溪口國中室外,中正東路103號,25.042385,121.533012,False,300,台北,45,2.86,Safe,AQI良好或為室內設施,2026-03-03 19:07:26
竹園國小室外,69號,25.042385,121.533012,False,400,台北,45,2.86,Safe,AQI良好或為室內設施,2026-03-03 19:07:26
後塘國小室外,毛蟹行11號,25.042385,121.533012,False,500,台北,45,2.86,Safe,AQI良好或為室內設施,2026-03-03 19:07:26
老人文康活動中心,彰化縣永靖鄉永社路266號,25.042385,121.533012,True,50,台北,45,2.86,Safe,AQI良好或為室內設施,2026-03-03 19:07:26
永靖鄉立托兒所,彰化縣永靖鄉永社路267號,25.042385,121.533012,True,200,台北,45,2.86,Safe,AQI良好或為室內設施,2026-03-03 19:07:26
梧棲國小活動中心,民生街15之89巷1號,25.042385,121.533012,True,200,台北,45,2.86,Safe,AQI良好或為室內設施,2026-03-03 19:07:26
樟原社區活動中心,1鄰6號,25.042385,121.533012,True,40,台北,45,2.86,Safe,AQI良好或為室內設施,2026-03-03 19:07:26
三間社區活動中心,7鄰11號,25.042385,121.533012,True,80,台北,45,2.86,Safe,AQI良好或為室內設施,2026-03-03 19:07:26
三間村南溪國小,南溪16鄰5-7號,25.042385,121.533012,True,180,台北,45,2.86,Safe,AQI良好或為室內設施,2026-03-03 19:07:26
同義宮,口埤7號,25.042385,121.533012,True,150,台北,45,2.86,Safe,AQI良好或為室內設施,2026-03-03 19:07:26
新化區聯合活動中心,民生路269號,25.042385,121.533012,True,490,台北,45,2.86,Safe,AQI良好或為室內設施,2026-03-03 19:07:26
成功高中,臺北市中正區濟南路1段71號,25.0424,121.5238,True,30,台北,45,3.21,Safe,AQI良好或為室內設施,2026-03-03 19:07:26
胡適國小,南港區舊莊街1段1號,25.0424,121.6172,True,30,台北,45,8.31,Safe,AQI良好或為室內設施,2026-03-03 19:07:26
丹鳳高中,龍安路72號,25.0426,121.4444,True,1337,新北,42,3.65,Safe,AQI良好或為室內設施,2026-03-03 19:07:26
忠孝國小,中正區忠孝東路2段101號,25.0428,121.5317,True,30,台北,45,2.94,Safe,AQI良好或為室內設施,2026-03-03 19:07:26
明志國小,新生路2號,25.043,121.4317,True,1024,新北,42,4.58,Safe,AQI良好或為室內設施,2026-03-03 19:07:26
永吉國小,信義區松山路287巷5號,25.043,121.5791,True,53,台北,45,4.91,Safe,AQI良好或為室內設施,2026-03-03 19:07:26
私立金陵女中,三重區忠孝路三段93巷12號,25.0431,121.467,True,913,新北,42,2.94,Safe,AQI良好或為室內設施,2026-03-03 19:07:26
西門國小,萬華區成都路98號,25.0432,121.5035,True,95,台北,45,4.63,Safe,AQI良好或為室內設施,2026-03-03 19:07:26
第一河濱公園,忠孝西路忠孝西橋旁,25.04345895,121.287732,False,100,林口,120,4.77,High Risk,最近AQI測站(林口) AQI為120 > 100,2026-03-03 19:07:26
松山高中,信義區基隆路1段156號,25.0439,121.5658,True,300,台北,45,3.97,Safe,AQI良好或為室內設施,2026-03-03 19:07:26
十分國小,十分街157號,25.0439,121.7774,True,175,基隆,35,10.07,Safe,AQI良好或為室內設施,2026-03-03 19:07:26
光明國中操場,光明路一段123號,25.04435395,121.288977,False,200,林口,120,4.62,High Risk,最近AQI測站(林口) AQI為120 > 100,2026-03-03 19:07:26
永春國小,信義區松山路225巷48號,25.0447,121.5789,True,115,台北,45,5.0,Safe,AQI良好或為室內設施,2026-03-03 19:07:26
臺北田徑場,臺北市松山區敦化北路3號,25.0449,121.5509,False,440,台北,45,3.28,Safe,AQI良好或為室內設施,2026-03-03 19:07:26
成德國中,臺北市南港區東新街108巷23號,25.045069,121.587751,True,300,台北,45,5.76,Safe,AQI良好或為室內設施,2026-03-03 19:07:26
國泰國小,中正路386號,25.0451,121.4472,True,1036,新北,42,3.72,Safe,AQI良好或為室內設施,2026-03-03 19:07:26
懷生國小,中山區安東街16巷2號,25.0453,121.5417,True,30,台北,45,3.12,Safe,AQI良好或為室內設施,2026-03-03 19:07:26
光明河濱公園,光明路二段,25.04544138,121.287217,False,0,林口,120,4.63,High Risk,最近AQI測站(林口) AQI為120 > 100,2026-03-03 19:07:26
修德國小,東新街118巷86號,25.0455,121.5896,True,95,台北,45,5.94,Safe,AQI良好或為室內設施,2026-03-03 19:07:26
頭前國小,化成路231號,25.0456,121.4566,True,610,新北,42,3.37,Safe,AQI良好或為室內設施,2026-03-03 19:07:26
南港公園,東新街170-1號,25.0458,121.5912,False,8661,台北,45,6.1,Safe,AQI良好或為室內設施,2026-03-03 19:07:26
高雄市林園區汕尾國民小學,北汕路58巷2號,25.046238,121.517414,True,400,台北,45,3.91,Safe,AQI良好或為室內設施,2026-03-03 19:07:26
福星國小,萬華區中華路1段66號,25.0463,121.5089,True,50,台北,45,4.46,Safe,AQI良好或為室內設施,2026-03-03 19:07:26
臺北市南港運動中心,臺北市南港區玉成街69號,25.0466,121.5822,True,240,台北,45,5.4,Safe,AQI良好或為室內設施,2026-03-03 19:07:26
興雅國小,信義區基隆路1段83巷9號,25.0467,121.5701,True,198,台北,45,4.49,Safe,AQI良好或為室內設施,2026-03-03 19:07:26
成德國小,南港區東新街65號,25.0469,121.5869,True,200,台北,45,5.8,Safe,AQI良好或為室內設施,2026-03-03 19:07:26
蘆竹區公所三樓禮堂,南崁路150號,25.046998,121.295049,True,0,林口,120,4.03,High Risk,最近AQI測站(林口) AQI為120 > 100,2026-03-03 19:07:26
義學國中,民生路30號,25.0472,121.4347,True,606,新北,42,4.68,Safe,AQI良好或為室內設施,2026-03-03 19:07:26
義學國小,民生路33號,25.0472,121.4347,True,952,新北,42,4.68,Safe,AQI良好或為室內設施,2026-03-03 19:07:26
白雲國小,民權街2段90號,25.047641,121.618882,True,96,台北,45,8.68,Safe,AQI良好或為室內設施,2026-03-03 19:07:26
南美國小,南上路99號,25.047711,121.297367,True,60,林口,120,3.84,High Risk,最近AQI測站(林口) AQI為120 > 100,2026-03-03 19:07:26
福營行政大樓,四維路9號,25.0482,121.4447,True,200,新北,42,4.15,Safe,AQI良好或為室內設施,2026-03-03 19:07:26
永吉國中,信義區松隆路161號,25.0483,121.5741,True,97,台北,45,4.9,Safe,AQI良好或為室內設施,2026-03-03 19:07:26
中山女中,中山區長安東路2段141號,25.0485,121.5371,True,135,台北,45,3.48,Safe,AQI良好或為室內設施,2026-03-03 19:07:26
義仁市民活動中心,明志路二段185號,25.0487,121.4273,True,55,新北,42,5.33,Safe,AQI良好或為室內設施,2026-03-03 19:07:26
中崙高中,松山區八德路4段101號,25.0487,121.5611,True,300,台北,45,4.11,Safe,AQI良好或為室內設施,2026-03-03 19:07:26
臺北市松山運動中心,臺北市松山區敦化北路1號,25.049,121.5501,True,180,台北,45,3.68,Safe,AQI良好或為室內設施,2026-03-03 19:07:26
敦化國小,松山區敦化北路2號,25.0491,121.5485,True,56,台北,45,3.65,Safe,AQI良好或為室內設施,2026-03-03 19:07:26
長安國中,中山區松江路70巷11號,25.0494,121.5319,True,41,台北,45,3.65,Safe,AQI良好或為室內設施,2026-03-03 19:07:26
長安國小,中山區吉林路15號,25.0497,121.5302,True,300,台北,45,3.72,Safe,AQI良好或為室內設施,2026-03-03 19:07:26
玉泉公園,臺北市大同區西寧北路28號,25.0498,121.5077,False,2183,台北,45,4.83,Safe,AQI良好或為室內設施,2026-03-03 19:07:26
興穀國民小學,三重區五谷王北街46號,25.0502,121.4755,True,299,新北,42,3.83,Safe,AQI良好或為室內設施,2026-03-03 19:07:26
建成國中,臺北市大同區長安西路37之1號,25.0503,121.5197,True,55,台北,45,4.18,Safe,AQI良好或為室內設施,2026-03-03 19:07:26
橫科里活動中心,橫科路119號,25.05045,121.620181,True,74,台北,45,8.93,Safe,AQI良好或為室內設施,2026-03-03 19:07:26
中正國小,中山區龍江路62號,25.0506,121.5402,True,76,台北,45,3.7,Safe,AQI良好或為室內設施,2026-03-03 19:07:26
南崁國小,吉林路160號,25.05063298,121.300993,True,0,林口,120,3.38,High Risk,最近AQI測站(林口) AQI為120 > 100,2026-03-03 19:07:26
龜山婦幼公園,忠義路二段438號,25.050908,121.359767,False,500,林口,120,5.3,High Risk,最近AQI測站(林口) AQI為120 > 100,2026-03-03 19:07:26
文華國小,文化七路116號,25.050955,121.365307,True,50,林口,120,5.76,High Risk,最近AQI測站(林口) AQI為120 > 100,2026-03-03 19:07:26
忠孝國中,大同區西寧北路32號,25.0512,121.5082,True,131,台北,45,4.91,Safe,AQI良好或為室內設施,2026-03-03 19:07:26
松山國小,松山區八德路4段746號,25.0512,121.5793,True,95,台北,45,5.5,Safe,AQI良好或為室內設施,2026-03-03 19:07:26
五福游泳池停車場及旁空地,仁愛路一段油管路交叉口,25.05120598,121.294652,False,0,林口,120,3.67,High Risk,最近AQI測站(林口) AQI為120 > 100,2026-03-03 19:07:26
蘆竹區婦幼館,仁愛路一段2號,25.051391,121.29348,True,0,林口,120,3.72,High Risk,最近AQI測站(林口) AQI為120 > 100,2026-03-03 19:07:26
豐年國小,瓊泰路116號,25.0514,121.4474,True,1128,新北,42,4.32,Safe,AQI良好或為室內設施,2026-03-03 19:07:26
新泰國小,公園一路91號,25.0514,121.4554,True,106,新北,42,4.02,Safe,AQI良好或為室內設施,2026-03-03 19:07:26
仁和宮,仁和路11號,25.051427,121.92262,True,125,基隆,35,20.32,Safe,AQI良好或為室內設施,2026-03-03 19:07:26
敦化國中,松山區南京東路3段300號,25.0515,121.5468,True,389,台北,45,3.87,Safe,AQI良好或為室內設施,2026-03-03 19:07:26
臺北體育館,臺北市松山區南京東路4段10號,25.0517,121.5446,True,1000,台北,45,3.86,Safe,AQI良好或為室內設施,2026-03-03 19:07:26
大崗國中,文化二路168號,25.051707,121.370832,True,700,林口,120,6.21,High Risk,最近AQI測站(林口) AQI為120 > 100,2026-03-03 19:07:26
臺北市極限運動訓練中心,臺北市南港區忠孝東路七段382號,25.0519,121.6073,True,50,台北,45,7.84,Safe,AQI良好或為室內設施,2026-03-03 19:07:26
私立清傳商職,三重區五谷王北街141巷1號,25.052,121.4769,True,294,新北,42,4.06,Safe,AQI良好或為室內設施,2026-03-03 19:07:26
樂善社區活動中心,樂安街7-1號,25.052012,121.382177,True,60,林口,120,7.22,High Risk,最近AQI測站(林口) AQI為120 > 100,2026-03-03 19:07:26
福壽市民活動中心,昌明街1號,25.0522,121.4576,True,120,新北,42,4.05,Safe,AQI良好或為室內設施,2026-03-03 19:07:26
西松國小,臺北市松山區三民路5號,25.0522,121.5636,True,50,台北,45,4.58,Safe,AQI良好或為室內設施,2026-03-03 19:07:26
大坑社區活動中心,大坑路1段1003巷18號,25.05223,121.328662,True,33,林口,120,3.09,High Risk,最近AQI測站(林口) AQI為120 > 100,2026-03-03 19:07:26
南崁高中,仁愛路二段1號,25.052285,121.297216,True,400,林口,120,3.42,High Risk,最近AQI測站(林口) AQI為120 > 100,2026-03-03 19:07:26
埔心社區活動中心,埔心街82-4號2樓,25.052378,121.225524,True,280,林口,120,9.57,High Risk,最近AQI測站(林口) AQI為120 > 100,2026-03-03 19:07:26
南港高中,南港區向陽路21號,25.0525,121.595,True,435,台北,45,6.83,Safe,AQI良好或為室內設施,2026-03-03 19:07:26
民安國小,民安路261號,25.0529,121.4661,True,1184,新北,42,4.03,Safe,AQI良好或為室內設施,2026-03-03 19:07:26
三港集會所,三港7號,25.053,121.878,True,63,基隆,35,16.25,Safe,AQI良好或為室內設施,2026-03-03 19:07:26
玉成國小,向陽路31號,25.05364,121.594769,True,30,台北,45,6.88,Safe,AQI良好或為室內設施,2026-03-03 19:07:26
福營國中,富國路105號,25.0538,121.4445,True,319,新北,42,4.69,Safe,AQI良好或為室內設施,2026-03-03 19:07:26
誠正國中,南港區富康街1巷42號,25.0541,121.6187,True,143,台北,45,8.97,Safe,AQI良好或為室內設施,2026-03-03 19:07:26
同榮國小,公園路33號,25.0546,121.4282,True,931,新北,42,5.73,Safe,AQI良好或為室內設施,2026-03-03 19:07:26
新北市立三重高中,集美街212號,25.0547,121.4915,True,897,新北,42,4.91,Safe,AQI良好或為室內設施,2026-03-03 19:07:26
吉林國小,中山區長春路116號,25.0547,121.5296,True,117,台北,45,4.28,Safe,AQI良好或為室內設施,2026-03-03 19:07:26
澳底圖書館,仁愛路79號3樓,25.054775,121.926916,True,157,基隆,35,20.56,Safe,AQI良好或為室內設施,2026-03-03 19:07:26
南崁國中,五福六路1號,25.054812,121.298375,True,370,林口,120,3.12,High Risk,最近AQI測站(林口) AQI為120 > 100,2026-03-03 19:07:26
長春國小,中山區長春路165號,25.0549,121.5339,True,47,台北,45,4.22,Safe,AQI良好或為室內設施,2026-03-03 19:07:26
澳底國小大禮堂,延平街10號,25.0549,121.9246,True,479,基隆,35,20.35,Safe,AQI良好或為室內設施,2026-03-03 19:07:26
慶安宮,延平街13號,25.054921,121.923804,True,12,基隆,35,20.27,Safe,AQI良好或為室內設施,2026-03-03 19:07:26
大同高中,中山區長春路167號,25.055,121.5351,True,300,台北,45,4.22,Safe,AQI良好或為室內設施,2026-03-03 19:07:26
新泰國中,新泰路359號,25.0551,121.4594,True,743,新北,42,4.33,Safe,AQI良好或為室內設施,2026-03-03 19:07:26
日新國小,大同區太原路151號,25.0553,121.5167,True,137,台北,45,4.81,Safe,AQI良好或為室內設施,2026-03-03 19:07:26
白雲里活動中心,水源路2段112、114號,25.05542,121.656768,True,37,基隆,35,11.55,Safe,AQI良好或為室內設施,2026-03-03 19:07:26
泰山體育館,公園路54號,25.0556,121.4263,True,1280,新北,42,5.94,Safe,AQI良好或為室內設施,2026-03-03 19:07:26
西松高中,松山區健康路325巷7號,25.0556,121.5671,True,255,台北,45,5.09,Safe,AQI良好或為室內設施,2026-03-03 19:07:26
三光國民小學,三重區大同南路157號,25.0561,121.4968,True,1502,新北,42,5.33,Safe,AQI良好或為室內設施,2026-03-03 19:07:26
東新國小,南港區興南街62號,25.0562,121.602,True,30,台北,45,7.64,Safe,AQI良好或為室內設施,2026-03-03 19:07:26
昌隆國小,昌隆街63號,25.0563,121.448,True,509,新北,42,4.79,Safe,AQI良好或為室內設施,2026-03-03 19:07:26
南港高工,南港區興中路29號,25.0563,121.6072,True,160,台北,45,8.08,Safe,AQI良好或為室內設施,2026-03-03 19:07:26
南港展覽館,臺北市南港區經貿二路1號,25.056376,121.617345,True,7370,台北,45,8.97,Safe,AQI良好或為室內設施,2026-03-03 19:07:26
興化國小,五工二路50巷2號,25.0564,121.4556,True,599,新北,42,4.55,Safe,AQI良好或為室內設施,2026-03-03 19:07:26
介壽國中,松山區延壽街401號,25.0564,121.5565,True,70,台北,45,4.67,Safe,AQI良好或為室內設施,2026-03-03 19:07:26
集美國民小學,三重區集美街10號,25.0565,121.4879,True,104,新北,42,4.91,Safe,AQI良好或為室內設施,2026-03-03 19:07:26
蓬萊國小,大同區寧夏路35號,25.0565,121.5155,True,104,台北,45,4.98,Safe,AQI良好或為室內設施,2026-03-03 19:07:26
民生國小,松山區敦化北路199巷18號,25.0565,121.552,True,70,台北,45,4.54,Safe,AQI良好或為室內設施,2026-03-03 19:07:26
健康國小,松山區延壽街168號,25.0566,121.5629,True,84,台北,45,4.97,Safe,AQI良好或為室內設施,2026-03-03 19:07:26
泰山高中,辭修路7號,25.0573,121.4285,True,650,新北,42,5.93,Safe,AQI良好或為室內設施,2026-03-03 19:07:26
南港國小,臺北市南港區惠民街67號,25.0575,121.6104,True,50,台北,45,8.43,Safe,AQI良好或為室內設施,2026-03-03 19:07:26
明志市民活動中心,明志路二段426號,25.0577,121.4299,True,20,新北,42,5.88,Safe,AQI良好或為室內設施,2026-03-03 19:07:26
菜寮市民活動中心,三重區中寮街57巷18號,25.0578,121.4928,True,100,新北,42,5.27,Safe,AQI良好或為室內設施,2026-03-03 19:07:26
潮音國小,16鄰17號,25.057905,121.168175,True,180,林口,120,15.08,High Risk,最近AQI測站(林口) AQI為120 > 100,2026-03-03 19:07:26
育成高中,重陽路366號,25.0587,121.6092,True,375,台北,45,8.4,Safe,AQI良好或為室內設施,2026-03-03 19:07:26
光興國民小學,三重區正義南路62號,25.0589,121.4988,True,600,新北,42,5.7,Safe,AQI良好或為室內設施,2026-03-03 19:07:26
民族國小,臺北市松山區民生東路4段97巷7號,25.0589,121.5519,True,40,台北,45,4.79,Safe,AQI良好或為室內設施,2026-03-03 19:07:26
北峰國小,環河街1號,25.058956,121.629106,True,1067,台北,45,10.15,Safe,AQI良好或為室內設施,2026-03-03 19:07:26
大園國小學生活動中心,11鄰中正東路160號,25.059085,121.202671,True,1200,林口,120,11.63,High Risk,最近AQI測站(林口) AQI為120 > 100,2026-03-03 19:07:26
泰山區公所,明志路1段322號,25.0592,121.4314,True,53,新北,42,5.91,Safe,AQI良好或為室內設施,2026-03-03 19:07:26
東山國小,汐平路二段76號,25.059723,121.699553,True,118,基隆,35,8.54,Safe,AQI良好或為室內設施,2026-03-03 19:07:26
民生國中,松山區新東街30巷1號,25.0598,121.5673,True,100,台北,45,5.49,Safe,AQI良好或為室內設施,2026-03-03 19:07:26
過圳市民活動中心,三重區過圳街19號,25.0601,121.4881,True,50,新北,42,5.29,Safe,AQI良好或為室內設施,2026-03-03 19:07:26
雙蓮國小,大同區錦西街51號,25.0601,121.5167,True,300,台北,45,5.28,Safe,AQI良好或為室內設施,2026-03-03 19:07:26
東方科學園區,汐止區新台五路一段90號,25.060367,121.64793,True,500,基隆,35,11.85,Safe,AQI良好或為室內設施,2026-03-03 19:07:26
中山國中,松山區復興北路361巷7號,25.0605,121.5455,True,111,台北,45,4.84,Safe,AQI良好或為室內設施,2026-03-03 19:07:26
潭美國小,內湖區新明路22號,25.0609,121.5908,True,81,台北,45,7.09,Safe,AQI良好或為室內設施,2026-03-03 19:07:26
中正社區活動中心,中正路64號,25.061,121.8515,True,76,基隆,35,13.52,Safe,AQI良好或為室內設施,2026-03-03 19:07:26
三重區公所,三重區新北大道1段11號,25.0611,121.4885,True,136,新北,42,5.4,Safe,AQI良好或為室內設施,2026-03-03 19:07:26
青山國中小,莊敬街33號,25.061158,121.656653,True,970,基隆,35,11.12,Safe,AQI良好或為室內設施,2026-03-03 19:07:26
成淵高中,大同區承德路2段235號,25.0613,121.5185,True,75,台北,45,5.33,Safe,AQI良好或為室內設施,2026-03-03 19:07:26
太平國小,大同區延平北路2段239號,25.0614,121.5114,True,50,台北,45,5.66,Safe,AQI良好或為室內設施,2026-03-03 19:07:26
永樂國小,臺北市大同區延平北路2段266號,25.0617,121.5111,True,50,台北,45,5.71,Safe,AQI良好或為室內設施,2026-03-03 19:07:26
民權公園,臺北市松山區民權國小旁,25.0619,121.5575,False,2786,台北,45,5.28,Safe,AQI良好或為室內設施,2026-03-03 19:07:26
楓樹福泰市民活動中心,楓江路26巷26號,25.062,121.4345,True,201,新北,42,5.99,Safe,AQI良好或為室內設施,2026-03-03 19:07:26
新生公園棒球場,新生北路三段105號,25.062,121.5258,True,60,台北,45,5.16,Safe,AQI良好或為室內設施,2026-03-03 19:07:26
新興國中,中山區林森北路511號,25.062,121.5258,True,175,台北,45,5.16,Safe,AQI良好或為室內設施,2026-03-03 19:07:26
臺北市中山運動中心,中山北路二段44巷2號,25.062,121.5258,True,184,台北,45,5.16,Safe,AQI良好或為室內設施,2026-03-03 19:07:26
公西社區活動中心,復興街250巷1-1號,25.062299,121.36028,True,100,林口,120,4.75,High Risk,最近AQI測站(林口) AQI為120 > 100,2026-03-03 19:07:26
泰山國小,泰林路2段255號,25.0623,121.4313,True,1283,新北,42,6.2,Safe,AQI良好或為室內設施,2026-03-03 19:07:26
民權國小,臺北市松山區民權東路4段200號,25.0625,121.5623,True,80,台北,45,5.53,Safe,AQI良好或為室內設施,2026-03-03 19:07:26
碧華國民中學,自強路5段66號,25.0626,121.4903,True,969,新北,42,5.63,Safe,AQI良好或為室內設施,2026-03-03 19:07:26
榮星花園公園,臺北市中山區民權東路3段1號,25.0626,121.5402,False,2432,台北,45,5.04,Safe,AQI良好或為室內設施,2026-03-03 19:07:26
大園社區活動中心,和平東路89號1樓,25.062655,121.200297,True,140,林口,120,11.8,High Risk,最近AQI測站(林口) AQI為120 > 100,2026-03-03 19:07:26
黎明市民活動中心,黎明路23號,25.0627,121.421,True,21,新北,42,6.88,Safe,AQI良好或為室內設施,2026-03-03 19:07:26
牡丹國小,政光路3號,25.0627,121.8517,True,320,基隆,35,13.43,Safe,AQI良好或為室內設施,2026-03-03 19:07:26
秀峰國小,仁愛路90號,25.062874,121.661377,True,1185,基隆,35,10.64,Safe,AQI良好或為室內設施,2026-03-03 19:07:26
中山國小,臺北市中山區民權東路1段69號,25.0629,121.5263,True,290,台北,45,5.24,Safe,AQI良好或為室內設施,2026-03-03 19:07:26
三重區綜合運動場,中正北路特2號,25.063033,121.489253,False,2200,新北,42,5.63,Safe,AQI良好或為室內設施,2026-03-03 19:07:26
三民國小,松山區民權東路5段1號,25.0633,121.5643,True,100,台北,45,5.69,Safe,AQI良好或為室內設施,2026-03-03 19:07:26
明志國民中學,三重區中正北路107號,25.0634,121.4892,True,437,新北,42,5.67,Safe,AQI良好或為室內設施,2026-03-03 19:07:26
民權國中,大同區重慶北路3段1號,25.0635,121.5139,True,30,台北,45,5.75,Safe,AQI良好或為室內設施,2026-03-03 19:07:26
五常國中,中山區復興北路430巷1號,25.0635,121.5431,True,250,台北,45,5.15,Safe,AQI良好或為室內設施,2026-03-03 19:07:26
汐止區公所行政中心,汐止區新台五路一段268號,25.063774,121.658894,True,158,基隆,35,10.76,Safe,AQI良好或為室內設施,2026-03-03 19:07:26
五常國小,中山區五常街16號,25.0642,121.5422,True,97,台北,45,5.22,Safe,AQI良好或為室內設施,2026-03-03 19:07:26
大橋國小,大同區重慶北路3段2號,25.0643,121.5134,True,86,台北,45,5.85,Safe,AQI良好或為室內設施,2026-03-03 19:07:26
正義國民小學,三重區信義西街31號,25.0644,121.4961,True,929,新北,42,6.07,Safe,AQI良好或為室內設施,2026-03-03 19:07:26
行政區民活動中心,松江路367號9樓,25.0644,121.5335,True,72,台北,45,5.27,Safe,AQI良好或為室內設施,2026-03-03 19:07:26
私立東海高中,三重區集美街212號,25.0648,121.4787,True,408,新北,42,5.48,Safe,AQI良好或為室內設施,2026-03-03 19:07:26
大同國小,大同區大龍街51號,25.0648,121.5161,True,183,台北,45,5.78,Safe,AQI良好或為室內設施,2026-03-03 19:07:26
長興社區活動中心,長興路四段325之1號,25.06484198,121.267905,True,250,林口,120,5.08,High Risk,最近AQI測站(林口) AQI為120 > 100,2026-03-03 19:07:26
內厝河濱公園,內溪路底,25.06511398,121.278033,False,0,林口,120,4.1,High Risk,最近AQI測站(林口) AQI為120 > 100,2026-03-03 19:07:26
泰山國中,泰林路2段498號,25.0652,121.426,True,1388,新北,42,6.77,Safe,AQI良好或為室內設施,2026-03-03 19:07:26
二重國民小學,三重區大有街10號,25.0652,121.478,True,4404,新北,42,5.51,Safe,AQI良好或為室內設施,2026-03-03 19:07:26
福安廟,雞母嶺街7號,25.0655,121.8952,True,40,基隆,35,17.16,Safe,AQI良好或為室內設施,2026-03-03 19:07:26
二重國民中學,三重區忠孝路三段89號,25.0657,121.4805,True,845,新北,42,5.62,Safe,AQI良好或為室內設施,2026-03-03 19:07:26
黎明技術學院,黎專路2之2號,25.0658,121.4199,True,1081,新北,42,7.21,Safe,AQI良好或為室內設施,2026-03-03 19:07:26
裕民國小,裕民街123號,25.0659,121.4616,True,1127,新北,42,5.49,Safe,AQI良好或為室內設施,2026-03-03 19:07:26
樟樹國中,樟樹二路135號,25.06594,121.639893,True,2481,台北,45,11.47,Safe,AQI良好或為室內設施,2026-03-03 19:07:26
延平國小,大同區昌吉街97號,25.066,121.5124,True,88,台北,45,6.06,Safe,AQI良好或為室內設施,2026-03-03 19:07:26
修德國民小學,三重區重陽路三段3號,25.0661,121.489,True,962,新北,42,5.93,Safe,AQI良好或為室內設施,2026-03-03 19:07:26
大園區老人文康活動中心,大觀路118號,25.066173,121.193358,True,700,林口,120,12.45,High Risk,最近AQI測站(林口) AQI為120 > 100,2026-03-03 19:07:26
重陽國民小學,三重區中正北路113號,25.0663,121.4845,True,608,新北,42,5.8,Safe,AQI良好或為室內設施,2026-03-03 19:07:26
秀峰高中,忠孝東路201號,25.066456,121.661912,True,1190,基隆,35,10.33,Safe,AQI良好或為室內設施,2026-03-03 19:07:26
樟樹國小,樟樹一路141巷2號,25.066498,121.641767,True,1292,台北,45,11.66,Safe,AQI良好或為室內設施,2026-03-03 19:07:26
汐止國小,大同路二段313號,25.066688,121.654876,True,810,基隆,35,10.86,Safe,AQI良好或為室內設施,2026-03-03 19:07:26
南湖高中,內湖區康寧路3段220號,25.0669,121.6111,True,300,台北,45,9.08,Safe,AQI良好或為室內設施,2026-03-03 19:07:26
汐止國中,大同路二段394號,25.066957,121.658337,True,1384,基隆,35,10.57,Safe,AQI良好或為室內設施,2026-03-03 19:07:26
師範大學林口校區體育館,仁愛路一段2號,25.067902,121.397844,True,4587,林口,120,8.28,High Risk,最近AQI測站(林口) AQI為120 > 100,2026-03-03 19:07:26
林口市民活動中心,中正路100號3樓,25.068,121.3717,True,63,林口,120,5.68,High Risk,最近AQI測站(林口) AQI為120 > 100,2026-03-03 19:07:26
崇林國中,文化一路一段20號,25.0681,121.3703,True,1312,林口,120,5.54,High Risk,最近AQI測站(林口) AQI為120 > 100,2026-03-03 19:07:26
正義市民活動中心,三重區雙園街1號,25.0682,121.4975,True,100,新北,42,6.51,Safe,AQI良好或為室內設施,2026-03-03 19:07:26
東湖國小,內湖區東湖路115號,25.0685,121.6158,True,155,台北,45,9.57,Safe,AQI良好或為室內設施,2026-03-03 19:07:26
麗園國小,忠孝路591號,25.0686,121.3762,True,945,林口,120,6.12,High Risk,最近AQI測站(林口) AQI為120 > 100,2026-03-03 19:07:26
麗林國小,公園路46號,25.0687,121.3679,True,1790,林口,120,5.29,High Risk,最近AQI測站(林口) AQI為120 > 100,2026-03-03 19:07:26
東勢市民活動中心,麗園一街35號3樓,25.068777,121.377252,True,247,林口,120,6.22,High Risk,最近AQI測站(林口) AQI為120 > 100,2026-03-03 19:07:26
新湖國小,臺北市內湖區民權東路6段138號,25.0688,121.5887,True,40,台北,45,7.57,Safe,AQI良好或為室內設施,2026-03-03 19:07:26
金龍國小,明峰街201號,25.068806,121.627046,True,600,台北,45,10.52,Safe,AQI良好或為室內設施,2026-03-03 19:07:26
麗園市民活動中心,忠孝路569巷17號,25.068979,121.373756,True,75,林口,120,5.87,High Risk,最近AQI測站(林口) AQI為120 > 100,2026-03-03 19:07:26
三民國中,內湖區民權東路6段45號,25.0691,121.5862,True,300,台北,45,7.44,Safe,AQI良好或為室內設施,2026-03-03 19:07:26
茄苳里活動中心,茄苳路225巷35號,25.069255,121.672058,True,53,基隆,35,9.37,Safe,AQI良好或為室內設施,2026-03-03 19:07:26
蘭州國中,大同區大龍街187巷1號,25.0693,121.5167,True,30,台北,45,6.22,Safe,AQI良好或為室內設施,2026-03-03 19:07:26
內湖區行政大樓,民權東路6段99號8樓,25.069324,121.586898,True,170,台北,45,7.5,Safe,AQI良好或為室內設施,2026-03-03 19:07:26
崇德國小,茄苳路158號,25.069578,121.669187,True,1275,基隆,35,9.56,Safe,AQI良好或為室內設施,2026-03-03 19:07:26
新北市立三重商工,三重區中正北路163號,25.0696,121.4801,True,1586,新北,42,6.04,Safe,AQI良好或為室內設施,2026-03-03 19:07:26
私立穀保家商,三重區中正北路560巷38號,25.0697,121.4711,True,1674,新北,42,5.91,Safe,AQI良好或為室內設施,2026-03-03 19:07:26
更寮國民小學,四維路2號,25.0698,121.4677,True,453,新北,42,5.91,Safe,AQI良好或為室內設施,2026-03-03 19:07:26
六張市民活動中心,三重區六張街66號,25.0702,121.4938,True,100,新北,42,6.55,Safe,AQI良好或為室內設施,2026-03-03 19:07:26
三重國民小學,三重區三和路三段1號,25.0704,121.4973,True,709,新北,42,6.72,Safe,AQI良好或為室內設施,2026-03-03 19:07:26
光榮國民中學,三重區介壽路26號,25.0705,121.4999,True,1031,新北,42,6.85,Safe,AQI良好或為室內設施,2026-03-03 19:07:26
崇德橋東市民活動中心,茄苳路82號,25.070551,121.666953,True,100,基隆,35,9.65,Safe,AQI良好或為室內設施,2026-03-03 19:07:26
南湖國小,臺北市內湖區康寧路3段200號,25.0706,121.6107,True,50,台北,45,9.3,Safe,AQI良好或為室內設施,2026-03-03 19:07:26
明湖國中,內湖區康寧路3段60號,25.0706,121.6107,True,251,台北,45,9.3,Safe,AQI良好或為室內設施,2026-03-03 19:07:26
大園國中學生活動中心,4鄰中華路298號,25.070687,121.205022,True,1300,林口,120,11.23,High Risk,最近AQI測站(林口) AQI為120 > 100,2026-03-03 19:07:26
和平市民活動中心,三重區自強路二段90號,25.0707,121.4874,True,100,新北,42,6.36,Safe,AQI良好或為室內設施,2026-03-03 19:07:26
厚德國民小學,三重區中孝路一段70號,25.0707,121.4874,True,505,新北,42,6.36,Safe,AQI良好或為室內設施,2026-03-03 19:07:26
老人文康活動中心禮堂,三重區自強路二段93號B1,25.0707,121.4884,True,100,新北,42,6.39,Safe,AQI良好或為室內設施,2026-03-03 19:07:26
光榮國民小學,三重區介壽路32號,25.0709,121.5013,True,195,新北,42,6.96,Safe,AQI良好或為室內設施,2026-03-03 19:07:26
明湖國小,內湖區康寧路3段105號,25.0711,121.6106,True,137,台北,45,9.33,Safe,AQI良好或為室內設施,2026-03-03 19:07:26
更寮國小-室內,更寮村19號,25.071216,121.467216,True,20,新北,42,6.06,Safe,AQI良好或為室內設施,2026-03-03 19:07:26
保長坑訓練中心,大同路三段469號,25.071337,121.679316,True,1075,基隆,35,8.69,Safe,AQI良好或為室內設施,2026-03-03 19:07:26
德音國民小學,明德路2號,25.0714,121.4345,True,146,新北,42,6.89,Safe,AQI良好或為室內設施,2026-03-03 19:07:26
山鼻內厝聯合里民活動中心,南山路二段349巷67號,25.071722,121.287518,True,0,林口,120,2.97,High Risk,最近AQI測站(林口) AQI為120 > 100,2026-03-03 19:07:26
保長國小,大同路三段553號,25.071773,121.680851,True,470,基隆,35,8.55,Safe,AQI良好或為室內設施,2026-03-03 19:07:26
仁愛市民活動中心,文化一路1段137號,25.071966,121.37391,True,194,林口,120,5.84,High Risk,最近AQI測站(林口) AQI為120 > 100,2026-03-03 19:07:26
東湖國中,內湖區康樂街131號,25.0723,121.6195,True,138,台北,45,10.12,Safe,AQI良好或為室內設施,2026-03-03 19:07:26
大園區北港社區活動中心,9鄰海墘10-2號,25.072941,121.164351,True,400,林口,120,15.31,High Risk,最近AQI測站(林口) AQI為120 > 100,2026-03-03 19:07:26
三石社區活動中心,9鄰三和路5號,25.073,121.25823,True,380,林口,120,5.87,High Risk,最近AQI測站(林口) AQI為120 > 100,2026-03-03 19:07:26
麗湖國小,內湖區金湖路363巷8號,25.0731,121.6013,True,315,台北,45,8.79,Safe,AQI良好或為室內設施,2026-03-03 19:07:26
大佳國小,中山區濱江街107號,25.0733,121.5359,True,30,台北,45,6.24,Safe,AQI良好或為室內設施,2026-03-03 19:07:26
大龍國小,大同區哈密街47號,25.0734,121.5167,True,30,台北,45,6.65,Safe,AQI良好或為室內設施,2026-03-03 19:07:26
林口高中,仁愛路二段173號,25.0736,121.381,True,3099,林口,120,6.53,High Risk,最近AQI測站(林口) AQI為120 > 100,2026-03-03 19:07:26
格致高級中學,三重區大智街260號,25.0738,121.4887,True,1000,新北,42,6.72,Safe,AQI良好或為室內設施,2026-03-03 19:07:26
南勢市民活動中心,南勢二街154號,25.073835,121.359019,True,106,林口,120,4.32,High Risk,最近AQI測站(林口) AQI為120 > 100,2026-03-03 19:07:26
南勢國小,南勢街215號,25.075,121.3588,True,534,林口,120,4.29,High Risk,最近AQI測站(林口) AQI為120 > 100,2026-03-03 19:07:26
明倫高中,臺北市大同區承德路3段336號,25.0755,121.5199,True,70,台北,45,6.77,Safe,AQI良好或為室內設施,2026-03-03 19:07:26
憲訓中心,成泰路一段175號,25.0758,121.4349,True,686,新北,42,7.31,Safe,AQI良好或為室內設施,2026-03-03 19:07:26
后厝社區活動中心,12鄰中華路595號,25.075842,121.211571,True,100,林口,120,10.55,High Risk,最近AQI測站(林口) AQI為120 > 100,2026-03-03 19:07:26
重慶國中,大同區敦煌路19號,25.0759,121.5179,True,0,台北,45,6.87,Safe,AQI良好或為室內設施,2026-03-03 19:07:26
臺北市大同運動中心,大龍街51號,25.0759,121.5179,True,300,台北,45,6.87,Safe,AQI良好或為室內設施,2026-03-03 19:07:26
永盛市民活動中心,三重區車路頭街133號,25.0764,121.4846,True,100,新北,42,6.88,Safe,AQI良好或為室內設施,2026-03-03 19:07:26
三和國民中學,三重區三和路四段216號,25.0766,121.4865,True,653,新北,42,6.95,Safe,AQI良好或為室內設施,2026-03-03 19:07:26
林口區公所,仁愛路一段378號,25.0767,121.3885,True,120,林口,120,7.27,High Risk,最近AQI測站(林口) AQI為120 > 100,2026-03-03 19:07:26
得仁市民活動中心,中山一路415號6樓,25.0767,121.469,True,52,新北,42,6.68,Safe,AQI良好或為室內設施,2026-03-03 19:07:26
林口國中活動中心,民治路25號,25.0769,121.3769,True,1736,林口,120,6.1,High Risk,最近AQI測站(林口) AQI為120 > 100,2026-03-03 19:07:26
永福國民小學,三重區永福街66號,25.077,121.4806,True,706,新北,42,6.85,Safe,AQI良好或為室內設施,2026-03-03 19:07:26
內湖國中,內湖區陽光街1號,25.077,121.5887,True,233,台北,45,8.28,Safe,AQI良好或為室內設施,2026-03-03 19:07:26
長安里民活動中心,長安街31號,25.0771,121.6928,True,60,基隆,35,7.3,Safe,AQI良好或為室內設施,2026-03-03 19:07:26
濱江國小,中山區樂群2路266巷99號,25.0773,121.5617,True,114,台北,45,7.04,Safe,AQI良好或為室內設施,2026-03-03 19:07:26
麗林市民活動中心,公園路59號3樓,25.0774,121.394,True,236,林口,120,7.83,High Risk,最近AQI測站(林口) AQI為120 > 100,2026-03-03 19:07:26
北安國中,中山區明水路325號,25.0778,121.5416,True,30,台北,45,6.73,Safe,AQI良好或為室內設施,2026-03-03 19:07:26
內湖高中,內湖區文德路218號,25.0784,121.5865,True,110,台北,45,8.28,Safe,AQI良好或為室內設施,2026-03-03 19:07:26
臺北市內湖運動中心,洲子街12號,25.0784,121.5865,True,219,台北,45,8.28,Safe,AQI良好或為室內設施,2026-03-03 19:07:26
新北特殊教育學校,文化北路1段425號,25.078446,121.365938,True,1383,林口,120,5.0,High Risk,最近AQI測站(林口) AQI為120 > 100,2026-03-03 19:07:26
民生市民活動中心,民生街129巷14號,25.0785,121.4728,True,20,新北,42,6.9,Safe,AQI良好或為室內設施,2026-03-03 19:07:26
永安國小,臺北市中山區明水路397巷19弄1號,25.0787,121.5494,True,60,台北,45,6.9,Safe,AQI良好或為室內設施,2026-03-03 19:07:26
長安市民活動中心,長興街一段50號,25.079073,121.670529,True,89,基隆,35,8.77,Safe,AQI良好或為室內設施,2026-03-03 19:07:26
內湖國小,內湖區內湖路2段41號,25.0791,121.5802,True,150,台北,45,8.0,Safe,AQI良好或為室內設施,2026-03-03 19:07:26
長安國小,長興街一段80號,25.079315,121.670789,True,807,基隆,35,8.73,Safe,AQI良好或為室內設施,2026-03-03 19:07:26
更新市民活動中心,更洲路47號,25.0794,121.4573,True,65,新北,42,7.04,Safe,AQI良好或為室內設施,2026-03-03 19:07:26
大直高中,中山區北安路420號,25.0794,121.5428,True,300,台北,45,6.91,Safe,AQI良好或為室內設施,2026-03-03 19:07:26
醒吾高中,粉寮路一段75巷80號,25.07957,121.395779,True,1243,林口,120,8.01,High Risk,最近AQI測站(林口) AQI為120 > 100,2026-03-03 19:07:26
溪墘湧蓮市民活動中心,信義路65號,25.079572,121.476051,True,50,新北,42,7.05,Safe,AQI良好或為室內設施,2026-03-03 19:07:26
竹林山觀音寺活動中心,竹林路325號,25.0796,121.3958,True,500,林口,120,8.01,High Risk,最近AQI測站(林口) AQI為120 > 100,2026-03-03 19:07:26
濱江國中,中山區樂群二路262號,25.0796,121.5607,True,86,台北,45,7.25,Safe,AQI良好或為室內設施,2026-03-03 19:07:26
內湖高工,內湖路1段520號,25.0797,121.5754,True,245,台北,45,7.82,Safe,AQI良好或為室內設施,2026-03-03 19:07:26
劍潭國小,士林區通河街16號,25.0799,121.5229,True,30,台北,45,7.16,Safe,AQI良好或為室內設施,2026-03-03 19:07:26
康寧國小,內湖區星雲街121號,25.08,121.5949,True,247,台北,45,8.93,Safe,AQI良好或為室內設施,2026-03-03 19:07:26
佳林國中,中山路268號,25.0803,121.3842,True,747,林口,120,6.84,High Risk,最近AQI測站(林口) AQI為120 > 100,2026-03-03 19:07:26
徐匯中學,中山一路1號,25.0803,121.48,True,784,新北,42,7.2,Safe,AQI良好或為室內設施,2026-03-03 19:07:26
大直國小,中山區大直街2號,25.0805,121.5464,True,104,台北,45,7.06,Safe,AQI良好或為室內設施,2026-03-03 19:07:26
內海貴文宮,2鄰內海墘19號,25.080507,121.185356,True,300,林口,120,13.19,High Risk,最近AQI測站(林口) AQI為120 > 100,2026-03-03 19:07:26
長安市民活動中心,長安街96號4樓,25.0807,121.4619,True,123,新北,42,7.13,Safe,AQI良好或為室內設施,2026-03-03 19:07:26
林口國小,林口路76號,25.0808,121.3899,True,1009,林口,120,7.42,High Risk,最近AQI測站(林口) AQI為120 > 100,2026-03-03 19:07:26
實踐里民活動中心,百一街52-1號,25.081,121.7004,True,60,基隆,35,6.49,Safe,AQI良好或為室內設施,2026-03-03 19:07:26
永安兒童公園市民活動中心,永安北路二段42之6號,25.081635,121.481944,True,87,新北,42,7.38,Safe,AQI良好或為室內設施,2026-03-03 19:07:26
麗山國中,內湖區內湖路1段629巷42號,25.0817,121.5752,True,82,台北,45,8.01,Safe,AQI良好或為室內設施,2026-03-03 19:07:26
中路市民活動中心,光華路107巷11號,25.0821,121.4675,True,27,新北,42,7.27,Safe,AQI良好或為室內設施,2026-03-03 19:07:26
頭湖國小,民權路101號,25.0827,121.3729,True,819,林口,120,5.73,High Risk,最近AQI測站(林口) AQI為120 > 100,2026-03-03 19:07:26
堵南里民活動中心,堵南街20之8號,25.0827,121.6877,True,40,基隆,35,7.2,Safe,AQI良好或為室內設施,2026-03-03 19:07:26
大湖公園,成功路五段31號旁,25.082835,121.603982,False,4950,台北,45,9.76,Safe,AQI良好或為室內設施,2026-03-03 19:07:26
立體停車場,工商路3號,25.083,121.4393,True,550,新北,42,7.87,Safe,AQI良好或為室內設施,2026-03-03 19:07:26
堵南國小活動中心,大德路120號,25.0832,121.6922,True,120,基隆,35,6.84,Safe,AQI良好或為室內設施,2026-03-03 19:07:26
五股國民中學,成泰路二段49巷15號,25.0833,121.4357,True,230,新北,42,8.04,Safe,AQI良好或為室內設施,2026-03-03 19:07:26
暖東里民活動中心,東勢街54號,25.0833,121.7481,True,40,基隆,35,5.01,Safe,AQI良好或為室內設施,2026-03-03 19:07:26
五股國民小學,成泰路2段49號,25.0834,121.4377,True,2532,新北,42,7.97,Safe,AQI良好或為室內設施,2026-03-03 19:07:26
堵北里民活動中心,福一街136號二樓,25.0834,121.6953,True,86,基隆,35,6.61,Safe,AQI良好或為室內設施,2026-03-03 19:07:26
財團法人臺灣省臺北縣基督教徒蘆洲,三民路26巷71弄2號B1地下室,25.0835,121.4786,True,75,新北,42,7.52,Safe,AQI良好或為室內設施,2026-03-03 19:07:26
麗山國小,臺北市內湖區港華街100號,25.0836,121.5725,True,193,台北,45,8.09,Safe,AQI良好或為室內設施,2026-03-03 19:07:26
葫蘆國小,士林區環河北路3段95號,25.0837,121.507,True,35,台北,45,8.08,Safe,AQI良好或為室內設施,2026-03-03 19:07:26
百福國中活動中心,福五街1號,25.0837,121.6987,True,191,基隆,35,6.36,Safe,AQI良好或為室內設施,2026-03-03 19:07:26
西湖國小,內湖區環山路1段25號,25.0838,121.5657,True,76,台北,45,7.85,Safe,AQI良好或為室內設施,2026-03-03 19:07:26
蘆洲國小,中正路100號,25.0841,121.47,True,2139,新北,42,7.5,Safe,AQI良好或為室內設施,2026-03-03 19:07:26
麗山高中,臺北市內湖區環山路2段100號,25.0841,121.5779,True,60,台北,45,8.37,Safe,AQI良好或為室內設施,2026-03-03 19:07:26
湖南市民活動中心,民權路165號,25.0844,121.3742,True,86,林口,120,5.88,High Risk,最近AQI測站(林口) AQI為120 > 100,2026-03-03 19:07:26
蘆洲區公所,三民路95號,25.0847,121.4739,True,185,新北,42,7.6,Safe,AQI良好或為室內設施,2026-03-03 19:07:26
碧華國民小學,五華街160號,25.085115,121.490369,True,0,新北,42,7.97,Safe,AQI良好或為室內設施,2026-03-03 19:07:26
鷺江國小,民族路7號,25.0853,121.4769,True,1002,新北,42,7.7,Safe,AQI良好或為室內設施,2026-03-03 19:07:26
碧湖國小,臺北市內湖區金龍路100號,25.0853,121.5911,True,134,台北,45,9.18,Safe,AQI良好或為室內設施,2026-03-03 19:07:26
成功國小,長安街311號,25.0857,121.4575,True,495,新北,42,7.73,Safe,AQI良好或為室內設施,2026-03-03 19:07:26
重陽市民活動中心,集賢路221巷11號,25.0857,121.4837,True,58,新北,42,7.86,Safe,AQI良好或為室內設施,2026-03-03 19:07:26
文湖國小,內湖區文湖街15號,25.0858,121.5601,True,30,台北,45,7.89,Safe,AQI良好或為室內設施,2026-03-03 19:07:26
西湖國中,內湖區環山路1段27號,25.0858,121.5657,True,106,台北,45,8.06,Safe,AQI良好或為室內設施,2026-03-03 19:07:26
百齡國小,士林區福港街205號,25.0862,121.5178,True,137,台北,45,7.97,Safe,AQI良好或為室內設施,2026-03-03 19:07:26
泰安里民活動中心,泰和街57號,25.0864,121.7114,True,42,基隆,35,5.37,Safe,AQI良好或為室內設施,2026-03-03 19:07:26
五華國民小學,三重區集賢路89號,25.0865,121.4931,True,327,新北,42,8.2,Safe,AQI良好或為室內設施,2026-03-03 19:07:26
三民高中,三民路96號,25.0866,121.4723,True,5011,新北,42,7.79,Safe,AQI良好或為室內設施,2026-03-03 19:07:26
百齡高中,士林區承德路4段177號,25.087,121.523,True,300,台北,45,7.93,Safe,AQI良好或為室內設施,2026-03-03 19:07:26
蘆洲國中,中正路265號,25.0871,121.4664,True,2520,新北,42,7.83,Safe,AQI良好或為室內設施,2026-03-03 19:07:26
新北市立新北高中,三重區重新路五段656號,25.0874,121.4899,True,4475,新北,42,8.2,Safe,AQI良好或為室內設施,2026-03-03 19:07:26
山腳國中,海山路319號,25.088009,121.278634,True,500,林口,120,3.96,High Risk,最近AQI測站(林口) AQI為120 > 100,2026-03-03 19:07:26
大湖國小,內湖區大湖山莊街170號,25.0881,121.6003,True,175,台北,45,9.97,Safe,AQI良好或為室內設施,2026-03-03 19:07:26
百福里民活動中心,實踐路263號,25.0881,121.695,True,40,基隆,35,6.25,Safe,AQI良好或為室內設施,2026-03-03 19:07:26
猴硐國小,瑞芳區九芎橋路69-1號,25.0889,121.8296,True,101,基隆,35,10.07,Safe,AQI良好或為室內設施,2026-03-03 19:07:26
忠義國小,光榮路99號,25.0893,121.4639,True,1106,新北,42,8.08,Safe,AQI良好或為室內設施,2026-03-03 19:07:26
北港國小,汐萬路二段279號,25.089404,121.645595,True,1307,基隆,35,10.34,Safe,AQI良好或為室內設施,2026-03-03 19:07:26
天母棒球場,忠誠路二段77號,25.0898,121.5029,True,150,台北,45,8.86,Safe,AQI良好或為室內設施,2026-03-03 19:07:26
臺北市士林運動中心,士商路1號,25.0898,121.5029,True,171,台北,45,8.86,Safe,AQI良好或為室內設施,2026-03-03 19:07:26
社子國小,臺北市士林區延平北路6段308號,25.0898,121.5029,True,192,台北,45,8.86,Safe,AQI良好或為室內設施,2026-03-03 19:07:26
鷺江國中,長樂路235號,25.0903,121.4618,True,659,新北,42,8.2,Safe,AQI良好或為室內設施,2026-03-03 19:07:26
公民會館,御史路1巷59號,25.090383,121.440224,True,182,新北,42,8.62,Safe,AQI良好或為室內設施,2026-03-03 19:07:26
永平市民活動中心,永平街1號4樓,25.0904,121.4592,True,151,新北,42,8.23,Safe,AQI良好或為室內設施,2026-03-03 19:07:26
六堵里民活動中心,工建路104巷17-1號-2號,25.0908,121.7015,True,48,基隆,35,5.58,Safe,AQI良好或為室內設施,2026-03-03 19:07:26
仁愛國小,民族路488號,25.0915,121.471,True,584,新北,42,8.33,Safe,AQI良好或為室內設施,2026-03-03 19:07:26
陽明高中,士林區中正路510號,25.0918,121.5172,True,110,台北,45,8.58,Safe,AQI良好或為室內設施,2026-03-03 19:07:26
友一里民活動中心,華新一路59-1號,25.0921,121.6688,True,40,基隆,35,8.11,Safe,AQI良好或為室內設施,2026-03-03 19:07:26
水湳市民活動中心,民族路426巷17號,25.0927,121.4731,True,34,新北,42,8.48,Safe,AQI良好或為室內設施,2026-03-03 19:07:26
士林國小,臺北市士林區大東路165號,25.0928,121.5251,True,225,台北,45,8.52,Safe,AQI良好或為室內設施,2026-03-03 19:07:26
士林國中,士林區中正路345號,25.0943,121.5226,True,39,台北,45,8.73,Safe,AQI良好或為室內設施,2026-03-03 19:07:26
成功市民活動中心,西雲路163號,25.0944,121.4461,True,100,新北,42,8.89,Safe,AQI良好或為室內設施,2026-03-03 19:07:26
大古山停車場,大古山廣場,25.09457695,121.28829,False,200,林口,120,3.39,High Risk,最近AQI測站(林口) AQI為120 > 100,2026-03-03 19:07:26
基隆高級商工職業學校,東新街22號,25.0949,121.7173,True,146,基隆,35,4.25,Safe,AQI良好或為室內設施,2026-03-03 19:07:26
士林高商,士林區士商路150號,25.095,121.5163,True,54,台北,45,8.95,Safe,AQI良好或為室內設施,2026-03-03 19:07:26
長興里民活動中心,東新街25號,25.095,121.718,True,52,基隆,35,4.21,Safe,AQI良好或為室內設施,2026-03-03 19:07:26
士林官邸公園,臺北市士林區福林路60號,25.0951,121.5303,False,1362,台北,45,8.7,Safe,AQI良好或為室內設施,2026-03-03 19:07:26
暖西里民活動中心,東勢街26巷69號,25.0951,121.738,True,96,基隆,35,3.62,Safe,AQI良好或為室內設施,2026-03-03 19:07:26
碇祥里民活動中心,碇內街100號,25.0955,121.7538,True,85,基隆,35,3.86,Safe,AQI良好或為室內設施,2026-03-03 19:07:26
碇內里民活動中心,暖碇路15巷136號,25.0958,121.7538,True,32,基隆,35,3.83,Safe,AQI良好或為室內設施,2026-03-03 19:07:26
碇內國中,源遠路152巷75號,25.0961,121.7495,True,229,基隆,35,3.65,Safe,AQI良好或為室內設施,2026-03-03 19:07:26
暖暖里民活動中心,暖暖街281巷58號,25.0971,121.7354,True,60,基隆,35,3.41,Safe,AQI良好或為室內設施,2026-03-03 19:07:26
七堵國小活動中心,明德一路184號2-4樓,25.0978,121.7136,True,150,基隆,35,4.2,Safe,AQI良好或為室內設施,2026-03-03 19:07:26
成州市民活動中心,西雲路267號,25.0981,121.4494,True,75,新北,42,9.22,Safe,AQI良好或為室內設施,2026-03-03 19:07:26
七堵行政大樓6樓,光明路21號6樓,25.0983,121.7166,True,200,基隆,35,3.97,Safe,AQI良好或為室內設施,2026-03-03 19:07:26
福林國小,士林區福志路75號,25.0987,121.5297,True,142,台北,45,9.1,Safe,AQI良好或為室內設施,2026-03-03 19:07:26
永平里民活動中心,崇智街13-1號,25.0995,121.7134,True,90,基隆,35,4.06,Safe,AQI良好或為室內設施,2026-03-03 19:07:26
文昌國小,士林區文林路615巷20號,25.0996,121.5209,True,75,台北,45,9.34,Safe,AQI良好或為室內設施,2026-03-03 19:07:26
地藏禪寺,延平北路7段189號,25.099607,121.491108,True,100,新北,42,9.54,Safe,AQI良好或為室內設施,2026-03-03 19:07:26
成州國民小學,成泰路3段493號,25.0998,121.4505,True,398,新北,42,9.38,Safe,AQI良好或為室內設施,2026-03-03 19:07:26
碇安里民活動中心,源遠路277巷23號,25.0998,121.7555,True,64,基隆,35,3.5,Safe,AQI良好或為室內設施,2026-03-03 19:07:26
沙崙社區活動中心,12鄰41-3號,25.101094,121.222571,True,250,林口,120,9.79,High Risk,最近AQI測站(林口) AQI為120 > 100,2026-03-03 19:07:26
八德土地公廟,大華一路57巷43-4號,25.1011,121.7166,True,12,基隆,35,3.72,Safe,AQI良好或為室內設施,2026-03-03 19:07:26
湖北市民活動中心,林口區湖北里後湖17之6號,25.1013,121.3847,True,73,林口,120,7.37,High Risk,最近AQI測站(林口) AQI為120 > 100,2026-03-03 19:07:26
暖同里民活動中心,暖暖街16巷41號,25.1015,121.7373,True,64,基隆,35,2.91,Safe,AQI良好或為室內設施,2026-03-03 19:07:26
自強里民活動中心,自強路1號,25.1022,121.7122,True,44,基隆,35,3.92,Safe,AQI良好或為室內設施,2026-03-03 19:07:26
海湖國小,海湖東路191巷15號,25.10233,121.26754,True,450,林口,120,5.62,High Risk,最近AQI測站(林口) AQI為120 > 100,2026-03-03 19:07:26
雨聲國小,士林區至誠路1段62巷70號,25.1027,121.5352,True,46,台北,45,9.51,Safe,AQI良好或為室內設施,2026-03-03 19:07:26
福安國中,士林區延平北路7段250號,25.1033,121.4874,True,30,新北,42,9.85,Safe,AQI良好或為室內設施,2026-03-03 19:07:26
至善國中,臺北市士林區至善路2段360號,25.1035,121.5555,True,170,台北,45,9.72,Safe,AQI良好或為室內設施,2026-03-03 19:07:26
竹圍國小,2鄰竹圍街3號,25.103671,121.244253,True,700,林口,120,7.81,High Risk,最近AQI測站(林口) AQI為120 > 100,2026-03-03 19:07:26
吉慶國小,瑞芳區大埔路95號,25.1037,121.7628,True,403,基隆,35,3.56,Safe,AQI良好或為室內設施,2026-03-03 19:07:26
中正高中,北投區文林北路77號,25.1045,121.5165,True,109,台北,45,9.97,Safe,AQI良好或為室內設施,2026-03-03 19:07:26
竹圍社區活動中心,8鄰竹圍街90-6號,25.104511,121.241682,True,160,林口,120,8.08,High Risk,最近AQI測站(林口) AQI為120 > 100,2026-03-03 19:07:26
過港里民活動中心,過港路54號,25.1049,121.7383,True,60,基隆,35,2.53,Safe,AQI良好或為室內設施,2026-03-03 19:07:26
佛祖廟西靈岩寺,佛祖廟西靈岩寺,25.105105,121.921149,False,62,基隆,35,18.49,Safe,AQI良好或為室內設施,2026-03-03 19:07:26
雨農國小,士林區忠義街1號,25.1053,121.5299,True,124,台北,45,9.83,Safe,AQI良好或為室內設施,2026-03-03 19:07:26
爪峰里活動中心,三爪子坑路279-2號,25.1056,121.8135,True,162,基隆,35,7.87,Safe,AQI良好或為室內設施,2026-03-03 19:07:26
富安國小,臺北市士林區延平北路8段135號,25.1058,121.4824,True,50,新北,42,10.03,Safe,AQI良好或為室內設施,2026-03-03 19:07:26
文林國小,北投區文林北路155號,25.1059,121.5147,True,300,台北,45,10.16,Safe,AQI良好或為室內設施,2026-03-03 19:07:26
雙溪國小,士林區中社路2段66號,25.1061,121.5638,True,30,台北,45,10.17,Safe,AQI良好或為室內設施,2026-03-03 19:07:26
傑魚市民活動中心,傑魚坑路245巷2-1號2樓,25.1065,121.788,True,231,基隆,35,5.44,Safe,AQI良好或為室內設施,2026-03-03 19:07:26
福住市民活動中心,佛堂巷7號,25.106736,121.841768,True,53,基隆,35,10.58,Safe,AQI良好或為室內設施,2026-03-03 19:07:26
新山里活動中心,金光路241號之1,25.107,121.8515,True,41,基隆,35,11.54,Safe,AQI良好或為室內設施,2026-03-03 19:07:26
九份國小,瑞芳區崙頂路145號,25.1071,121.8434,True,172,基隆,35,10.74,Safe,AQI良好或為室內設施,2026-03-03 19:07:26
復興國小,華新二路21號,25.1073,121.6655,True,35,基隆,35,7.76,Safe,AQI良好或為室內設施,2026-03-03 19:07:26
明德國中,北投區明德路50號,25.1075,121.5183,True,88,台北,45,10.25,Safe,AQI良好或為室內設施,2026-03-03 19:07:26
瑞芳國中,瑞芳區三爪子坑路1號,25.1075,121.8145,True,1826,基隆,35,7.9,Safe,AQI良好或為室內設施,2026-03-03 19:07:26
瑞龍市民活動中心,明燈路3段2號,25.107577,121.809092,True,580,基隆,35,7.38,Safe,AQI良好或為室內設施,2026-03-03 19:07:26
基隆高中,源遠路20號,25.1077,121.7329,True,347,基隆,35,2.3,Safe,AQI良好或為室內設施,2026-03-03 19:07:26
觀音市民活動中心,凌雲路三段17之2號,25.107778,121.43072,True,149,新北,42,10.76,Safe,AQI良好或為室內設施,2026-03-03 19:07:26
瑞芳國小,瑞芳區中山路2號,25.1079,121.8039,True,447,基隆,35,6.87,Safe,AQI良好或為室內設施,2026-03-03 19:07:26
嘉寶國小,22號,25.1083,121.3393,True,425,林口,120,4.12,High Risk,最近AQI測站(林口) AQI為120 > 100,2026-03-03 19:07:26
蘭雅國小,士林區磺溪57號,25.1084,121.5231,True,30,台北,45,10.26,Safe,AQI良好或為室內設施,2026-03-03 19:07:26
八南里民活動中心,源遠路27號,25.1086,121.7324,True,66,基隆,35,2.22,Safe,AQI良好或為室內設施,2026-03-03 19:07:26
海口社區活動中心,4鄰87-1號2樓,25.108652,121.241381,True,350,林口,120,8.29,High Risk,最近AQI測站(林口) AQI為120 > 100,2026-03-03 19:07:26
瑞芳區公所,瑞芳區逢甲路82號,25.1088,121.8095,True,115,基隆,35,7.38,Safe,AQI良好或為室內設施,2026-03-03 19:07:26
八中里民活動中心,金華街204號,25.1096,121.7296,True,42,基隆,35,2.22,Safe,AQI良好或為室內設施,2026-03-03 19:07:26
瑪陵國小活動中心,大成街1號,25.1099,121.6899,True,46,基隆,35,5.34,Safe,AQI良好或為室內設施,2026-03-03 19:07:26
芝山國小,臺北市士林區德行東路285號,25.1104,121.5364,True,40,台北,45,10.36,Safe,AQI良好或為室內設施,2026-03-03 19:07:26
瑞芳高工,瑞芳區瑞芳街60號,25.1104,121.8036,True,1360,基隆,35,6.76,Safe,AQI良好或為室內設施,2026-03-03 19:07:26
蘭雅國中,士林區忠誠路2段51號,25.1106,121.531,True,130,台北,45,10.41,Safe,AQI良好或為室內設施,2026-03-03 19:07:26
八西里民活動中心,八堵路35-2號,25.1106,121.7361,True,10,基隆,35,1.92,Safe,AQI良好或為室內設施,2026-03-03 19:07:26
勸濟堂,瑞芳區祈堂路53號,25.1107,121.86,True,50,基隆,35,12.31,Safe,AQI良好或為室內設施,2026-03-03 19:07:26
瓜山國小,瑞芳區五號路306號,25.1111,121.8569,True,232,基隆,35,11.99,Safe,AQI良好或為室內設施,2026-03-03 19:07:26
明德國小,北投區明德路190號,25.1121,121.5218,True,109,台北,45,10.69,Safe,AQI良好或為室內設施,2026-03-03 19:07:26
和美國小,龍洞街1-9號,25.1123,121.9193,True,117,基隆,35,18.21,Safe,AQI良好或為室內設施,2026-03-03 19:07:26
佛祖廟西側高地,佛祖廟西側高地,25.112326,121.919336,False,62,基隆,35,18.22,Safe,AQI良好或為室內設施,2026-03-03 19:07:26
興福國小,下福10之1號,25.1124,121.3126,True,735,林口,120,3.88,High Risk,最近AQI測站(林口) AQI為120 > 100,2026-03-03 19:07:26
翠柏新村安養中心-服務大樓,永春一路5號,25.112499,121.603216,True,203,台北,45,12.38,Safe,AQI良好或為室內設施,2026-03-03 19:07:26
八德里民活動中心,八德路70號,25.1129,121.7279,True,14,基隆,35,1.99,Safe,AQI良好或為室內設施,2026-03-03 19:07:26
石牌國中,臺北市北投區石牌路1段139號,25.1149,121.5142,True,100,台北,45,11.15,Safe,AQI良好或為室內設施,2026-03-03 19:07:26
石牌國小,北投區致遠2路80號,25.1157,121.5117,True,112,台北,45,11.29,Safe,AQI良好或為室內設施,2026-03-03 19:07:26
三玉國小,士林區天母東路116號,25.118,121.5373,True,30,台北,45,11.2,Safe,AQI良好或為室內設施,2026-03-03 19:07:26
天母國中,士林區天母東路120號,25.118,121.5381,True,99,台北,45,11.2,Safe,AQI良好或為室內設施,2026-03-03 19:07:26
南榮國小,南榮路321號,25.1194,121.7439,True,165,基隆,35,1.03,Safe,AQI良好或為室內設施,2026-03-03 19:07:26
立農國小,北投區立農街1段250號,25.1195,121.5053,True,30,台北,45,11.87,Safe,AQI良好或為室內設施,2026-03-03 19:07:26
天母國小,士林區天玉街12號,25.1197,121.5274,True,100,台北,45,11.45,Safe,AQI良好或為室內設施,2026-03-03 19:07:26
陽明山國小,臺北市士林區新安里仰德大道3段 61 號,25.1198,121.5529,True,50,台北,45,11.48,Safe,AQI良好或為室內設施,2026-03-03 19:07:26
溪山國小,臺北市士林區至善路三段199號,25.1198,121.5796,True,50,台北,45,12.09,Safe,AQI良好或為室內設施,2026-03-03 19:07:26
關渡國中,北投區知行路212號,25.1199,121.4673,True,30,新北,42,11.48,Safe,AQI良好或為室內設施,2026-03-03 19:07:26
育仁里民活動中心,南榮路269巷28之1號,25.1204,121.744,True,25,基隆,35,0.94,Safe,AQI良好或為室內設施,2026-03-03 19:07:26
東和市民活動中心,中山路20號,25.1204,121.8879,True,95,基隆,35,14.99,Safe,AQI良好或為室內設施,2026-03-03 19:07:26
威遠廟,明里路7-1號,25.120447,121.868114,True,82,基隆,35,13.0,Safe,AQI良好或為室內設施,2026-03-03 19:07:26
瑞濱國小,瑞濱路34號,25.120495,121.820317,True,877,基隆,35,8.2,Safe,AQI良好或為室內設施,2026-03-03 19:07:26
鼻頭國小,瑞芳區鼻頭路99號,25.1208,121.9194,True,251,基隆,35,18.16,Safe,AQI良好或為室內設施,2026-03-03 19:07:26
鶯歌里民活動中心,基隆市安樂區安樂路二段一六四號九樓,25.121,121.7232,True,127,基隆,35,1.77,Safe,AQI良好或為室內設施,2026-03-03 19:07:26
安樂區公所二樓禮堂,基隆市安樂區安樂路二段一六四號二樓,25.1211,121.7232,True,76,基隆,35,1.77,Safe,AQI良好或為室內設施,2026-03-03 19:07:26
瑞濱市民活動中心,瑞芳區建基路1段4之2號,25.1212,121.8205,True,115,基隆,35,8.22,Safe,AQI良好或為室內設施,2026-03-03 19:07:26
壯觀里民活動中心,基隆市安樂區樂利二街62巷282號地下層,25.1213,121.7155,True,30,基隆,35,2.49,Safe,AQI良好或為室內設施,2026-03-03 19:07:26
普宜苑,溪山里至善路3段181巷5弄7號,25.1214,121.5773,True,0,台北,45,12.19,Safe,AQI良好或為室內設施,2026-03-03 19:07:26
瑪東里民活動中心,大同街29-3號,25.1219,121.6984,True,56,基隆,35,4.16,Safe,AQI良好或為室內設施,2026-03-03 19:07:26
濂洞國小,瑞芳區凍頂路101巷80號,25.1223,121.8598,True,228,基隆,35,12.16,Safe,AQI良好或為室內設施,2026-03-03 19:07:26
七賢里民活動中心,基隆市安樂區安和一街十號,25.1228,121.7231,True,54,基隆,35,1.71,Safe,AQI良好或為室內設施,2026-03-03 19:07:26
吉仁里民活動中心,南新街29之6號,25.1233,121.7442,True,40,基隆,35,0.69,Safe,AQI良好或為室內設施,2026-03-03 19:07:26
孝岡里民活動中心,深澳坑路256-1號,25.1236,121.7913,True,43,基隆,35,5.26,Safe,AQI良好或為室內設施,2026-03-03 19:07:26
新安里臨時聚會場所,新安路85號,25.124093,121.553582,True,45,台北,45,11.96,Safe,AQI良好或為室內設施,2026-03-03 19:07:26
獅球書院聯合里民活動中心,獅球路50號,25.1241,121.7367,True,42,基隆,35,0.46,Safe,AQI良好或為室內設施,2026-03-03 19:07:26
長樂國小餐廳旁空間,基隆市安樂區樂利三街34巷52號,25.1249,121.7136,True,101,基隆,35,2.59,Safe,AQI良好或為室內設施,2026-03-03 19:07:26
仁愛區公所,光一路28號6樓,25.1252,121.7367,True,67,基隆,35,0.37,Safe,AQI良好或為室內設施,2026-03-03 19:07:26
光華里民活動中心,光一路28號5樓,25.1252,121.7367,True,70,基隆,35,0.37,Safe,AQI良好或為室內設施,2026-03-03 19:07:26
兆連里民活動中心,獅球路25巷8號,25.1253,121.7389,True,49,基隆,35,0.26,Safe,AQI良好或為室內設施,2026-03-03 19:07:26
林泉里民活動中心,復興街60巷2號,25.1254,121.7525,True,60,基隆,35,1.36,Safe,AQI良好或為室內設施,2026-03-03 19:07:26
長坑市民活動中心,下罟子臨8-3號,25.1257,121.3883,True,100,林口,120,9.0,High Risk,最近AQI測站(林口) AQI為120 > 100,2026-03-03 19:07:26
長坑國小,長坑里25號,25.1257,121.3905,True,224,林口,120,9.18,High Risk,最近AQI測站(林口) AQI為120 > 100,2026-03-03 19:07:26
竹圍國小自強分校,自強路33號,25.1257,121.464,True,207,新北,42,12.12,Safe,AQI良好或為室內設施,2026-03-03 19:07:26
四維里民活動中心,基隆市安樂區安和一街一二八之一號,25.1258,121.7239,True,60,基隆,35,1.55,Safe,AQI良好或為室內設施,2026-03-03 19:07:26
福仁里民活動中心,南榮路117巷31弄1號,25.1258,121.7438,True,34,基隆,35,0.5,Safe,AQI良好或為室內設施,2026-03-03 19:07:26
長樂國小活動中心,基隆市安樂區樂利三街30巷123號,25.1261,121.7116,True,212,基隆,35,2.78,Safe,AQI良好或為室內設施,2026-03-03 19:07:26
三民里民活動中心,基隆市安樂區麥金路439巷2號,25.1261,121.719,True,89,基隆,35,2.04,Safe,AQI良好或為室內設施,2026-03-03 19:07:26
和明里民活動中心,仁二路137巷2弄1之3號,25.1261,121.7459,True,74,基隆,35,0.69,Safe,AQI良好或為室內設施,2026-03-03 19:07:26
禮儀里民活動中心,東明路77巷68號,25.1262,121.7617,True,15,基隆,35,2.27,Safe,AQI良好或為室內設施,2026-03-03 19:07:26
關渡國小,北投區中央北路4段581號,25.1268,121.4668,True,110,新北,42,12.24,Safe,AQI良好或為室內設施,2026-03-03 19:07:26
清江國小,北投區公?路220號,25.1269,121.5076,True,30,台北,45,12.6,Safe,AQI良好或為室內設施,2026-03-03 19:07:26
孝深里民活動中心,深澳坑路75號,25.1269,121.7854,True,52,基隆,35,4.65,Safe,AQI良好或為室內設施,2026-03-03 19:07:26
禮東里民活動中心,東明路67巷7號,25.127,121.7624,True,24,基隆,35,2.34,Safe,AQI良好或為室內設施,2026-03-03 19:07:26
東明里民活動中心,東信路35巷47號1樓,25.127,121.767,True,27,基隆,35,2.8,Safe,AQI良好或為室內設施,2026-03-03 19:07:26
文安里民活動中心,仁五路20號2樓,25.1271,121.7411,True,20,基隆,35,0.2,Safe,AQI良好或為室內設施,2026-03-03 19:07:26
玉田里民活動中心,愛四路2巷22之1號,25.1271,121.7438,True,30,基隆,35,0.47,Safe,AQI良好或為室內設施,2026-03-03 19:07:26
智仁里民活動中心,延平街7號,25.1272,121.7486,True,74,基隆,35,0.95,Safe,AQI良好或為室內設施,2026-03-03 19:07:26
花崗里活動中心,劉銘傳路11巷24弄3號,25.1272,121.7518,True,26,基隆,35,1.27,Safe,AQI良好或為室內設施,2026-03-03 19:07:26
新忠勇里民活動中心,仁三路3巷2弄1-1號,25.1274,121.7445,True,30,基隆,35,0.53,Safe,AQI良好或為室內設施,2026-03-03 19:07:26
忠勇里民活動中心,愛五路6巷32號,25.1274,121.745,True,30,基隆,35,0.58,Safe,AQI良好或為室內設施,2026-03-03 19:07:26
智慧里民活動中心,仁一路7巷61號,25.1275,121.7544,True,54,基隆,35,1.53,Safe,AQI良好或為室內設施,2026-03-03 19:07:26
明德里民活動中心,自來街13巷5之2號,25.1276,121.739,True,29,基隆,35,0.02,Safe,AQI良好或為室內設施,2026-03-03 19:07:26
仁愛國小,仁二路139號,25.128,121.746,True,171,基隆,35,0.69,Safe,AQI良好或為室內設施,2026-03-03 19:07:26
博愛里民活動中心,愛一路8號3樓之7,25.1282,121.7408,True,53,基隆,35,0.17,Safe,AQI良好或為室內設施,2026-03-03 19:07:26
虹橋水錦聯合里民活動中心,仁二路53號,25.1282,121.7498,True,62,基隆,35,1.07,Safe,AQI良好或為室內設施,2026-03-03 19:07:26
朝棟里民活動中心,成功一路133巷5號,25.1283,121.7362,True,85,基隆,35,0.31,Safe,AQI良好或為室內設施,2026-03-03 19:07:26
瑞平國小,後坑路34之1號,25.1284,121.3493,True,219,林口,120,6.54,High Risk,最近AQI測站(林口) AQI為120 > 100,2026-03-03 19:07:26
義民里民活動中心,信一路6號4樓,25.1285,121.7553,True,71,基隆,35,1.62,Safe,AQI良好或為室內設施,2026-03-03 19:07:26
瑪西里民活動中心,大華三路75之1號,25.1286,121.6774,True,73,基隆,35,6.22,Safe,AQI良好或為室內設施,2026-03-03 19:07:26
東安里民活動中心,東信路10-2號,25.1286,121.7681,True,78,基隆,35,2.91,Safe,AQI良好或為室內設施,2026-03-03 19:07:26
新店里民活動中心,孝一路100之1號2樓旁通道,25.1287,121.7406,True,34,基隆,35,0.19,Safe,AQI良好或為室內設施,2026-03-03 19:07:26
義和里民活動中心,信一路6號3樓,25.1287,121.7575,True,71,基隆,35,1.85,Safe,AQI良好或為室內設施,2026-03-03 19:07:26
同風里民活動中心,孝二路39號七樓12室（忠孝大樓）,25.1289,121.7394,True,13,基隆,35,0.15,Safe,AQI良好或為室內設施,2026-03-03 19:07:26
平等國小,士林區平等里平菁街101號,25.1291,121.5763,True,20,台北,45,12.97,Safe,AQI良好或為室內設施,2026-03-03 19:07:26
市立體育館,信二路40-1號,25.1293,121.7569,True,817,基隆,35,1.79,Safe,AQI良好或為室內設施,2026-03-03 19:07:26
義昭里民活動中心,信二路157號,25.1294,121.7526,True,118,基隆,35,1.36,Safe,AQI良好或為室內設施,2026-03-03 19:07:26
新建里民活動中心,成功二路2之1號,25.1295,121.7373,True,20,基隆,35,0.28,Safe,AQI良好或為室內設施,2026-03-03 19:07:26
基隆市信義區公所,信二路179號,25.1295,121.7513,True,117,基隆,35,1.24,Safe,AQI良好或為室內設施,2026-03-03 19:07:26
深澳里市民活動中心,深澳路67 之1號,25.129623,121.817974,True,113,基隆,35,7.93,Safe,AQI良好或為室內設施,2026-03-03 19:07:26
仁德里民活動中心,孝一路82之1號2樓旁通道,25.1297,121.7412,True,36,基隆,35,0.31,Safe,AQI良好或為室內設施,2026-03-03 19:07:26
東信里民活動中心,東信路258巷54號,25.1298,121.7627,True,36,基隆,35,2.38,Safe,AQI良好或為室內設施,2026-03-03 19:07:26
安樂國小活動中心,基隆市安樂區安一路177巷23號,25.1302,121.7302,True,274,基隆,35,0.95,Safe,AQI良好或為室內設施,2026-03-03 19:07:26
孝德里民活動中心,東峰街154號,25.1305,121.7767,True,57,基隆,35,3.79,Safe,AQI良好或為室內設施,2026-03-03 19:07:26
文昌里民活動中心,孝四路10之1號（陸橋下）,25.1307,121.7385,True,36,基隆,35,0.35,Safe,AQI良好或為室內設施,2026-03-03 19:07:26
仁義里民活動中心,信二路246巷32號,25.1307,121.7508,True,37,基隆,35,1.22,Safe,AQI良好或為室內設施,2026-03-03 19:07:26
安民里民活動中心,安一路94號,25.1309,121.7361,True,50,基隆,35,0.48,Safe,AQI良好或為室內設施,2026-03-03 19:07:26
格致國中,士林區仰德大道4段75號,25.1311,121.5468,True,47,台北,45,12.68,Safe,AQI良好或為室內設施,2026-03-03 19:07:26
西華里民活動中心,西定路102號,25.1317,121.7354,True,20,基隆,35,0.6,Safe,AQI良好或為室內設施,2026-03-03 19:07:26
安和及慈仁里民活動中心,基隆市安樂區安一路一七七巷廿三之1號,25.1318,121.7319,True,140,基隆,35,0.87,Safe,AQI良好或為室內設施,2026-03-03 19:07:26
安平里民活動中心,中山一路91號,25.1319,121.7377,True,25,基隆,35,0.5,Safe,AQI良好或為室內設施,2026-03-03 19:07:26
龍米市民活動中心,龍源里龍米路1段223號,25.132,121.4511,True,125,新北,42,12.92,Safe,AQI良好或為室內設施,2026-03-03 19:07:26
東信國小,正信路26號,25.1321,121.7605,True,160,基隆,35,2.2,Safe,AQI良好或為室內設施,2026-03-03 19:07:26
干城里民活動中心,基隆市安樂區安一路278巷31之1號,25.1324,121.7296,True,200,基隆,35,1.1,Safe,AQI良好或為室內設施,2026-03-03 19:07:26
北投區區民活動中心,臺北市新市街30號6樓,25.1325,121.5024,True,90,台北,45,13.34,Safe,AQI良好或為室內設施,2026-03-03 19:07:26
西榮里民活動中心,西定路80巷48號,25.1332,121.7363,True,50,基隆,35,0.69,Safe,AQI良好或為室內設施,2026-03-03 19:07:26
安樂高中活動中心,基隆市安樂區安一路360號,25.1336,121.7333,True,175,基隆,35,0.89,Safe,AQI良好或為室內設施,2026-03-03 19:07:26
北投國小,臺北市北投區中央北路1段173號,25.1342,121.5003,True,195,新北,42,13.5,Safe,AQI良好或為室內設施,2026-03-03 19:07:26
北投國中,北投區溫泉路62號,25.1345,121.5042,True,30,台北,45,13.51,Safe,AQI良好或為室內設施,2026-03-03 19:07:26
中山里民活動中心,中山一路219號二樓,25.1345,121.7394,True,40,基隆,35,0.77,Safe,AQI良好或為室內設施,2026-03-03 19:07:26
民治里民活動中心,中山一路219號一樓,25.1345,121.7395,True,40,基隆,35,0.77,Safe,AQI良好或為室內設施,2026-03-03 19:07:26
東光里民活動中心,崇法街133號地下室,25.1345,121.7683,True,107,基隆,35,3.03,Safe,AQI良好或為室內設施,2026-03-03 19:07:26
桃源國中,北投區中央北路4段48號,25.1347,121.4773,True,55,新北,42,13.16,Safe,AQI良好或為室內設施,2026-03-03 19:07:26
港通及正義里民活動中心,義一路87號7樓之1,25.1347,121.7467,True,26,基隆,35,1.09,Safe,AQI良好或為室內設施,2026-03-03 19:07:26
私立聖心女中,龍米路一段263號,25.1348,121.4496,True,902,新北,42,13.24,Safe,AQI良好或為室內設施,2026-03-03 19:07:26
信義里民活動中心,信六路21號2樓,25.135,121.7477,True,61,基隆,35,1.19,Safe,AQI良好或為室內設施,2026-03-03 19:07:26
太平市民活動中心,汕頭32號,25.135255,121.366375,True,82,林口,120,8.15,High Risk,最近AQI測站(林口) AQI為120 > 100,2026-03-03 19:07:26
新豐里民活動中心,新豐街482號3樓,25.1356,121.7852,True,23,基隆,35,4.72,Safe,AQI良好或為室內設施,2026-03-03 19:07:26
中正國小活動中心,中船路36巷4號,25.1357,121.7511,True,270,基隆,35,1.5,Safe,AQI良好或為室內設施,2026-03-03 19:07:26
興寮里民活動中心,基隆市安樂區基金一路41號,25.136,121.7203,True,74,基隆,35,2.12,Safe,AQI良好或為室內設施,2026-03-03 19:07:26
西川里民活動中心,基隆市安樂區新西街一號,25.1365,121.7322,True,70,基隆,35,1.21,Safe,AQI良好或為室內設施,2026-03-03 19:07:26
文化國小,北投區文化3路1號,25.1371,121.4967,True,30,新北,42,13.72,Safe,AQI良好或為室內設施,2026-03-03 19:07:26
西定里民活動中心,西定路230號三樓,25.1371,121.7323,True,100,基隆,35,1.26,Safe,AQI良好或為室內設施,2026-03-03 19:07:26
中興里民活動中心,中山二路11號,25.1371,121.7407,True,40,基隆,35,1.07,Safe,AQI良好或為室內設施,2026-03-03 19:07:26
三砂灣聯合里民活動中心,中船路11號2樓,25.1374,121.7503,True,40,基隆,35,1.56,Safe,AQI良好或為室內設施,2026-03-03 19:07:26
外寮里民活動中心,基隆市安樂區基金一路129巷6-1號,25.1375,121.7111,True,70,基隆,35,3.04,Safe,AQI良好或為室內設施,2026-03-03 19:07:26
民生活動中心,民生路27號,25.138,121.4613,True,72,新北,42,13.5,Safe,AQI良好或為室內設施,2026-03-03 19:07:26
復興崗營區,中央北路二段70號,25.1381,121.4929,True,200,新北,42,13.75,Safe,AQI良好或為室內設施,2026-03-03 19:07:26
復興崗營區,台北市北投區中央北路二段70號,25.138105,121.492879,True,361,新北,42,13.75,Safe,AQI良好或為室內設施,2026-03-03 19:07:26
逸仙國小,臺北市北投區新民路2號,25.1383,121.5052,True,164,台北,45,13.89,Safe,AQI良好或為室內設施,2026-03-03 19:07:26
新民國中,臺北市北投區新民路10號,25.1389,121.5065,True,207,台北,45,13.92,Safe,AQI良好或為室內設施,2026-03-03 19:07:26
臺北市北投運動中心,石牌路一段39巷100號,25.1389,121.5065,True,384,台北,45,13.92,Safe,AQI良好或為室內設施,2026-03-03 19:07:26
復興公園,臺北市北投區中和街200號,25.139,121.5024,False,3623,台北,45,14.04,Safe,AQI良好或為室內設施,2026-03-03 19:07:26
砂子里民活動中心,調和街3號3樓,25.1391,121.7965,True,72,基隆,35,5.91,Safe,AQI良好或為室內設施,2026-03-03 19:07:26
桃源國小,北投區中央北路3段40巷45號,25.1396,121.4845,True,30,新北,42,13.78,Safe,AQI良好或為室內設施,2026-03-03 19:07:26
八里國中,荖阡坑路15號,25.1399,121.4013,True,2360,林口,120,11.0,High Risk,最近AQI測站(林口) AQI為120 > 100,2026-03-03 19:07:26
新西里民活動中心,基隆市安樂區新西街106-1號,25.14,121.7271,True,74,基隆,35,1.84,Safe,AQI良好或為室內設施,2026-03-03 19:07:26
八斗高中活動中心,新豐街100號,25.1401,121.7885,True,84,基隆,35,5.15,Safe,AQI良好或為室內設施,2026-03-03 19:07:26
中山高中分部活動中心,中山二路105巷144號,25.1405,121.735,True,200,基隆,35,1.5,Safe,AQI良好或為室內設施,2026-03-03 19:07:26
仁正里民活動中心,中山二路109巷13號,25.1407,121.7387,True,50,基隆,35,1.46,Safe,AQI良好或為室內設施,2026-03-03 19:07:26
中砂里民活動中心,豐稔街50號,25.1408,121.7608,True,22,基隆,35,2.62,Safe,AQI良好或為室內設施,2026-03-03 19:07:26
碧砂里民活動中心,環港街84號2樓,25.141,121.7926,True,60,基隆,35,5.58,Safe,AQI良好或為室內設施,2026-03-03 19:07:26
西康里民活動中心,復興路24號,25.1416,121.727,True,30,基隆,35,1.98,Safe,AQI良好或為室內設施,2026-03-03 19:07:26
中和里民活動中心,中平街95號,25.1418,121.7225,True,70,基隆,35,2.31,Safe,AQI良好或為室內設施,2026-03-03 19:07:26
義方國小,北投區珠海路155號,25.142,121.5093,True,120,台北,45,14.2,Safe,AQI良好或為室內設施,2026-03-03 19:07:26
正砂里民活動中心,中正路211號,25.142,121.7604,True,60,基隆,35,2.67,Safe,AQI良好或為室內設施,2026-03-03 19:07:26
砂灣里民活動中心,祥豐街66號3樓,25.142,121.7639,True,58,基隆,35,2.96,Safe,AQI良好或為室內設施,2026-03-03 19:07:26
健民里民活動中心,健民街5號,25.1423,121.7376,True,50,基隆,35,1.64,Safe,AQI良好或為室內設施,2026-03-03 19:07:26
和平里民活動中心,中山三路103巷82之2號,25.1427,121.7444,True,20,基隆,35,1.76,Safe,AQI良好或為室內設施,2026-03-03 19:07:26
中崙里民活動中心,基隆市安樂區基金二路三巷三號,25.143,121.7023,True,131,基隆,35,4.09,Safe,AQI良好或為室內設施,2026-03-03 19:07:26
八斗里民活動中心,八斗街57號,25.1432,121.7967,True,41,基隆,35,6.04,Safe,AQI良好或為室內設施,2026-03-03 19:07:26
復興高中,北投區復興四路70號,25.1437,121.5018,True,300,新北,42,14.56,Safe,AQI良好或為室內設施,2026-03-03 19:07:26
居仁里民活動中心,通仁街162號,25.1438,121.7341,True,55,基隆,35,1.87,Safe,AQI良好或為室內設施,2026-03-03 19:07:26
八斗子環保公園,北寧路369巷,25.144127,121.803422,False,500,基隆,35,6.72,Safe,AQI良好或為室內設施,2026-03-03 19:07:26
通化里民活動中心,復旦路10號,25.1455,121.7393,True,90,基隆,35,1.99,Safe,AQI良好或為室內設施,2026-03-03 19:07:26
中山國小,通仁街28號,25.14597,121.735939,True,86,基隆,35,2.07,Safe,AQI良好或為室內設施,2026-03-03 19:07:26
竹圍高中,竹林路35號,25.146,121.4617,True,612,新北,42,14.39,Safe,AQI良好或為室內設施,2026-03-03 19:07:26
建國里民活動中心,祥豐街467號2樓,25.146,121.7696,True,54,基隆,35,3.68,Safe,AQI良好或為室內設施,2026-03-03 19:07:26
中和國小,中和路64號,25.1462,121.7204,True,50,基隆,35,2.8,Safe,AQI良好或為室內設施,2026-03-03 19:07:26
德和里民活動中心,復興路206號,25.1464,121.7268,True,50,基隆,35,2.43,Safe,AQI良好或為室內設施,2026-03-03 19:07:26
米倉國小,龍米路2段129巷1號,25.1468,121.4454,True,688,新北,42,14.62,Safe,AQI良好或為室內設施,2026-03-03 19:07:26
仙洞國小,仁安街141號,25.147188,121.747111,True,76,基隆,35,2.32,Safe,AQI良好或為室內設施,2026-03-03 19:07:26
竹圍國小,中正東路2段145號,25.1475,121.4602,True,580,新北,42,14.56,Safe,AQI良好或為室內設施,2026-03-03 19:07:26
仙洞里民活動中心,太白街2之3號,25.1477,121.7464,True,60,基隆,35,2.35,Safe,AQI良好或為室內設施,2026-03-03 19:07:26
通明里休閒活動中心,中華路42號,25.1479,121.7382,True,60,基隆,35,2.26,Safe,AQI良好或為室內設施,2026-03-03 19:07:26
基隆海事活動中心,祥豐街246號,25.148,121.7715,True,148,基隆,35,3.96,Safe,AQI良好或為室內設施,2026-03-03 19:07:26
通明里民活動中心,中華路46巷2號,25.1483,121.7382,True,60,基隆,35,2.3,Safe,AQI良好或為室內設施,2026-03-03 19:07:26
中濱里民活動中心,武昌街70巷23號,25.1485,121.7642,True,40,基隆,35,3.43,Safe,AQI良好或為室內設施,2026-03-03 19:07:26
文化活動中心,中山路2段251號1樓,25.1487,121.4029,True,50,林口,120,11.76,High Risk,最近AQI測站(林口) AQI為120 > 100,2026-03-03 19:07:26
泉源國小,臺北市北投區東昇路34號,25.1492,121.5243,True,30,台北,45,14.75,Safe,AQI良好或為室內設施,2026-03-03 19:07:26
八里國小,中山路二段338號,25.1495,121.403,True,1243,林口,120,11.83,High Risk,最近AQI測站(林口) AQI為120 > 100,2026-03-03 19:07:26
中正里民活動中心,中正路656巷146號,25.1495,121.7672,True,60,基隆,35,3.72,Safe,AQI良好或為室內設施,2026-03-03 19:07:26
德安里民活動中心,復興路259巷1之1號,25.1499,121.7264,True,45,基隆,35,2.79,Safe,AQI良好或為室內設施,2026-03-03 19:07:26
湖山國小,臺北市北投區湖底路11號,25.15,121.5355,True,20,台北,45,14.76,Safe,AQI良好或為室內設施,2026-03-03 19:07:26
國立臺灣海洋大學,北寧路2號,25.150069,121.776731,True,629,基隆,35,4.53,Safe,AQI良好或為室內設施,2026-03-03 19:07:26
大慶活動中心,中和路168巷10弄37號,25.151,121.7153,True,120,基隆,35,3.54,Safe,AQI良好或為室內設施,2026-03-03 19:07:26
中正區公所,中正路674號7樓,25.1515,121.7678,True,25,基隆,35,3.92,Safe,AQI良好或為室內設施,2026-03-03 19:07:26
太白里民活動中心,光華路7號2樓,25.1518,121.743,True,40,基隆,35,2.72,Safe,AQI良好或為室內設施,2026-03-03 19:07:26
基隆市中山區公所,文化路168號五樓,25.1526,121.7295,True,50,基隆,35,2.95,Safe,AQI良好或為室內設施,2026-03-03 19:07:26
文化里民活動中心,文化路161巷44之5號,25.1535,121.7317,True,60,基隆,35,2.98,Safe,AQI良好或為室內設施,2026-03-03 19:07:26
中山高中活動中心,文化路162號,25.1542,121.7307,True,160,基隆,35,3.08,Safe,AQI良好或為室內設施,2026-03-03 19:07:26
和平島聯合里民活動中心,和一路155巷14號,25.1546,121.7643,True,55,基隆,35,3.92,Safe,AQI良好或為室內設施,2026-03-03 19:07:26
大屯國小,北投區復興三路312號,25.1547,121.5043,True,20,台北,45,15.68,Safe,AQI良好或為室內設施,2026-03-03 19:07:26
平寮里民活動中心,和一路186號,25.1551,121.7638,True,21,基隆,35,3.93,Safe,AQI良好或為室內設施,2026-03-03 19:07:26
和平國小活動中心,和一路84巷26號,25.15565,121.766067,True,100,基隆,35,4.13,Safe,AQI良好或為室內設施,2026-03-03 19:07:26
內寮里民活動中心,基隆市安樂區武聖街九號,25.1569,121.6965,True,127,基隆,35,5.39,Safe,AQI良好或為室內設施,2026-03-03 19:07:26
協和里民活動中心,協和路150號,25.1573,121.7345,True,50,基隆,35,3.34,Safe,AQI良好或為室內設施,2026-03-03 19:07:26
坪頂國小,小坪頂18號,25.1583,121.4839,True,395,新北,42,15.84,Safe,AQI良好或為室內設施,2026-03-03 19:07:26
大崁老人活動中心,中山路1段21號,25.1589,121.4221,True,100,林口,120,13.96,High Risk,最近AQI測站(林口) AQI為120 > 100,2026-03-03 19:07:26
渡船頭市民活動中心,渡船頭街11巷8號,25.1589,121.4344,True,50,林口,120,14.93,High Risk,最近AQI測站(林口) AQI為120 > 100,2026-03-03 19:07:26
大埤頂市民活動中心,中山路1段95號,25.1591,121.4152,True,70,林口,120,13.46,High Risk,最近AQI測站(林口) AQI為120 > 100,2026-03-03 19:07:26
崁腳國小,崁腳里崁腳路59號,25.1599,121.6486,True,251,基隆,35,9.8,Safe,AQI良好或為室內設施,2026-03-03 19:07:26
大崁國小,忠八街2號,25.1603,121.4194,True,1193,林口,120,13.86,High Risk,最近AQI測站(林口) AQI為120 > 100,2026-03-03 19:07:26
崁腳活動中心,崁腳里崁腳路55-1號,25.1605,121.6497,True,30,基隆,35,9.72,Safe,AQI良好或為室內設施,2026-03-03 19:07:26
竿蓁活動中心,中正東路一段3巷6號,25.163513,121.451437,True,193,新北,42,16.4,Safe,AQI良好或為室內設施,2026-03-03 19:07:26
興音寺,興福寮1-6號,25.163997,121.48835,True,150,新北,42,16.52,Safe,AQI良好或為室內設施,2026-03-03 19:07:26
大坪國小,萬里區雙興里大坪路19號,25.1642,121.6364,True,240,基隆,35,11.12,Safe,AQI良好或為室內設施,2026-03-03 19:07:26
真聖宮,興福寮6之1號,25.165487,121.492159,True,50,新北,42,16.74,Safe,AQI良好或為室內設施,2026-03-03 19:07:26
湖田國小,北投區竹子湖路17-2號,25.1684,121.5387,True,20,台北,45,16.8,Safe,AQI良好或為室內設施,2026-03-03 19:07:26
樹興里活動中心,樹林口14-2號,25.168467,121.476943,True,30,新北,42,16.91,Safe,AQI良好或為室內設施,2026-03-03 19:07:26
長青醫院,糞箕湖1-5號,25.171075,121.482713,True,100,新北,42,17.24,Safe,AQI良好或為室內設施,2026-03-03 19:07:26
長庚活動中心,中山路72巷1弄10號,25.1711,121.4432,True,74,林口,120,16.46,High Risk,最近AQI測站(林口) AQI為120 > 100,2026-03-03 19:07:26
鄧公國小,學府路99號,25.1713,121.4493,True,1066,林口,120,16.96,High Risk,最近AQI測站(林口) AQI為120 > 100,2026-03-03 19:07:26
中興活動中心,水源街一段29號,25.1723,121.4432,True,57,林口,120,16.55,High Risk,最近AQI測站(林口) AQI為120 > 100,2026-03-03 19:07:26
淡水國小,中山路160號,25.1734,121.4414,True,665,林口,120,16.49,High Risk,最近AQI測站(林口) AQI為120 > 100,2026-03-03 19:07:26
文化國小,真理街6號,25.174,121.4374,True,436,林口,120,16.23,High Risk,最近AQI測站(林口) AQI為120 > 100,2026-03-03 19:07:26
淡水國中,真理街10號,25.1747,121.4367,True,1608,林口,120,16.23,High Risk,最近AQI測站(林口) AQI為120 > 100,2026-03-03 19:07:26
萬里國小,萬里里瑪鋉路18號,25.176187,121.689132,True,897,基隆,35,7.39,Safe,AQI良好或為室內設施,2026-03-03 19:07:26
萬里國中,獅頭路24號,25.177791,121.694414,True,475,基隆,35,7.17,Safe,AQI良好或為室內設施,2026-03-03 19:07:26
萬里區行政大樓,萬里里瑪鋉路123號6樓,25.1778,121.6854,True,214,基隆,35,7.78,Safe,AQI良好或為室內設施,2026-03-03 19:07:26
中華商業海事職業學校,瑪鋉路15號,25.177827,121.685353,True,125,基隆,35,7.78,Safe,AQI良好或為室內設施,2026-03-03 19:07:26
獅頭路瑪鋉公園,中萬里加投瑪鋉港口小段269-20地號,25.177832,121.691926,False,225,基隆,35,7.34,Safe,AQI良好或為室內設施,2026-03-03 19:07:26
水碓活動中心,中山北路158號,25.178,121.4442,True,102,林口,120,17.03,High Risk,最近AQI測站(林口) AQI為120 > 100,2026-03-03 19:07:26
萬里區行政大樓,萬里里瑪鋉路123號6樓,25.178167,121.689623,True,214,基隆,35,7.52,Safe,AQI良好或為室內設施,2026-03-03 19:07:26
新興活動中心,大義街18號,25.178396,121.443054,True,446,林口,120,16.98,High Risk,最近AQI測站(林口) AQI為120 > 100,2026-03-03 19:07:26
正德國中,北新路109號,25.179,121.4476,True,2005,林口,120,17.37,High Risk,最近AQI測站(林口) AQI為120 > 100,2026-03-03 19:07:26
新興國小,新興街123號,25.1797,121.44,True,663,林口,120,16.84,High Risk,最近AQI測站(林口) AQI為120 > 100,2026-03-03 19:07:26
天生國小,淡海路72巷26號,25.1816,121.4243,True,798,林口,120,15.86,High Risk,最近AQI測站(林口) AQI為120 > 100,2026-03-03 19:07:26
淡海活動中心,淡海路111號,25.181789,121.422969,True,148,林口,120,15.79,High Risk,最近AQI測站(林口) AQI為120 > 100,2026-03-03 19:07:26
鎮北宮,玉田路4-2號,25.183902,121.680262,False,175,基隆,35,8.62,Safe,AQI良好或為室內設施,2026-03-03 19:07:26
水源國小,北新路二段15號,25.1858,121.4765,True,614,新北,42,18.83,Safe,AQI良好或為室內設施,2026-03-03 19:07:26
水源里活動中心,北新路二段15號2樓,25.185817,121.476527,True,85,新北,42,18.83,Safe,AQI良好或為室內設施,2026-03-03 19:07:26
新市國小,中山北路二段200號,25.186023,121.44451,True,1490,林口,120,17.65,High Risk,最近AQI測站(林口) AQI為120 > 100,2026-03-03 19:07:26
淡水商工,商工路307號,25.1868,121.454,True,1264,林口,120,18.42,High Risk,最近AQI測站(林口) AQI為120 > 100,2026-03-03 19:07:26
基督教芥菜種營地,玉田路25號,25.191878,121.678967,False,200,基隆,35,9.37,Safe,AQI良好或為室內設施,2026-03-03 19:07:26
育英國小,埤島里14號,25.197,121.4449,True,261,林口,120,18.54,High Risk,最近AQI測站(林口) AQI為120 > 100,2026-03-03 19:07:26
仁愛之家,龜吼里玉田路61號,25.1978,121.6841,True,269,基隆,35,9.58,Safe,AQI良好或為室內設施,2026-03-03 19:07:26
忠山國小,行忠路899號,25.2011,121.48,True,213,新北,42,20.55,Safe,AQI良好或為室內設施,2026-03-03 19:07:26
磺潭社區親水公園,員潭路,25.202226,121.646291,False,225,基隆,35,12.5,Safe,AQI良好或為室內設施,2026-03-03 19:07:26
野柳活動中心,野柳里港東路1-5號,25.2029,121.6861,True,216,基隆,35,9.93,Safe,AQI良好或為室內設施,2026-03-03 19:07:26
新北市三芝區興華國民小學,田心子5號,25.203711,121.501531,True,408,台北,45,21.08,Safe,AQI良好或為室內設施,2026-03-03 19:07:26
野柳國小,港東路167號,25.205606,121.689442,True,658,基隆,35,10.02,Safe,AQI良好或為室內設施,2026-03-03 19:07:26
大鵬國小,萬里加投14號,25.208821,121.650866,True,1306,基隆,35,12.67,Safe,AQI良好或為室內設施,2026-03-03 19:07:26
頂寮活動中心,頂社路18號之6,25.210529,121.655728,True,69,基隆,35,12.47,Safe,AQI良好或為室內設施,2026-03-03 19:07:26
公館崙公園,月眉路,25.213216,121.631809,False,500,基隆,35,14.4,Safe,AQI良好或為室內設施,2026-03-03 19:07:26
興仁國小,興仁路101巷10號,25.2175,121.4511,True,450,林口,120,20.63,High Risk,最近AQI測站(林口) AQI為120 > 100,2026-03-03 19:07:26
金山朝天宮,六股林口38-3號,25.218034,121.602476,True,75,基隆,35,17.04,Safe,AQI良好或為室內設施,2026-03-03 19:07:26
三和國小,金山區重和里六股林口38號,25.2189,121.6029,True,156,基隆,35,17.06,Safe,AQI良好或為室內設施,2026-03-03 19:07:26
金山區運動休閒廣場,金山區五湖里南勢53號,25.221,121.6283,True,702,基隆,35,15.25,Safe,AQI良好或為室內設施,2026-03-03 19:07:26
新北市三芝區圓山里活動中心,木屐寮32號,25.221698,121.5295,True,24,台北,45,22.75,Safe,AQI良好或為室內設施,2026-03-03 19:07:26
金美國小,金山區美田里忠孝一路111號,25.2217,121.6327,True,892,基隆,35,14.98,Safe,AQI良好或為室內設施,2026-03-03 19:07:26
中山堂〈1樓禮堂〉,金山區大同里溫泉路2巷10號,25.2217,121.6408,True,501,基隆,35,14.41,Safe,AQI良好或為室內設施,2026-03-03 19:07:26
金山國小,金山區大同里金包里街180號,25.2237,121.6367,True,503,基隆,35,14.85,Safe,AQI良好或為室內設施,2026-03-03 19:07:26
中泰國小,中和里北勢子5號,25.2241,121.4847,True,915,新北,42,23.13,Safe,AQI良好或為室內設施,2026-03-03 19:07:26
金山高中,金山區美田里文化路2號,25.2246,121.6372,True,520,基隆,35,14.89,Safe,AQI良好或為室內設施,2026-03-03 19:07:26
金山青年活動中心,金山區磺港里青年路1號,25.2259,121.6411,True,23369,基隆,35,14.73,Safe,AQI良好或為室內設施,2026-03-03 19:07:26
六三社區活動中心,三界壇路101-1號,25.230093,121.620711,True,45,基隆,35,16.49,Safe,AQI良好或為室內設施,2026-03-03 19:07:26
金山區獅頭山公園,溫泉路,25.231103,121.649304,False,500,基隆,35,14.64,Safe,AQI良好或為室內設施,2026-03-03 19:07:26
聖德宮,三界壇路72號,25.231106,121.619908,True,187,基隆,35,16.63,Safe,AQI良好或為室內設施,2026-03-03 19:07:26
新北市三芝區八賢里活動中心,八連溪41號,25.237065,121.513105,True,45,台北,45,24.58,Safe,AQI良好或為室內設施,2026-03-03 19:07:26
屯山國小,淡金路五段111號,25.2373,121.4564,True,251,林口,120,22.67,High Risk,最近AQI測站(林口) AQI為120 > 100,2026-03-03 19:07:26
中角國小,金山區萬壽里海興路49號,25.2398,121.6306,True,249,基隆,35,16.59,Safe,AQI良好或為室內設施,2026-03-03 19:07:26
萬壽活動中心,海興路69號之1,25.2405,121.631354,True,73,基隆,35,16.59,Safe,AQI良好或為室內設施,2026-03-03 19:07:26
妙濟寺,4鄰內阿里磅1號,25.254077,121.592343,False,62,基隆,35,20.4,Safe,AQI良好或為室內設施,2026-03-03 19:07:26
新北市三芝區公有市場,新北區三芝區民生街31號,25.2564,121.5036,True,90,台北,45,26.83,Safe,AQI良好或為室內設施,2026-03-03 19:07:26
三芝區公所,新北區三芝區中山路一段32號,25.2578,121.5011,True,60,台北,45,27.02,Safe,AQI良好或為室內設施,2026-03-03 19:07:26
新北市三芝區三芝國民小學,新北區三芝區育英街22號,25.2579,121.5016,True,956,台北,45,27.02,Safe,AQI良好或為室內設施,2026-03-03 19:07:26
三芝農會,新北區三芝區中山路一段6號,25.2585,121.5011,True,63,台北,45,27.1,Safe,AQI良好或為室內設施,2026-03-03 19:07:26
新北市三芝區橫山國民小學,大坑86號,25.258894,121.529765,True,319,基隆,35,25.64,Safe,AQI良好或為室內設施,2026-03-03 19:07:26
新北市立三芝國民中學,新北區三芝區淡金路一段38號,25.26,121.5028,True,1182,台北,45,27.24,Safe,AQI良好或為室內設施,2026-03-03 19:07:26
乾華國小禮堂,石門區茂林社區74號,25.2693,121.5923,True,671,基隆,35,21.6,Safe,AQI良好或為室內設施,2026-03-03 19:07:26
茂林里活動中心,茂林社區1-1號,25.27188,121.591831,True,110,基隆,35,21.85,Safe,AQI良好或為室內設施,2026-03-03 19:07:26
草里里活動中心,草里里阿里荖33號之1,25.28074,121.606719,True,78,基隆,35,21.62,Safe,AQI良好或為室內設施,2026-03-03 19:07:26
北海岸風景管理處德茂里活動中心,德茂里下員坑 33-6號,25.283263,121.519157,True,25,基隆,35,28.1,Safe,AQI良好或為室內設施,2026-03-03 19:07:26
老梅國小教室,石門區老梅老梅路10號,25.2889,121.545,True,426,基隆,35,26.52,Safe,AQI良好或為室內設施,2026-03-03 19:07:26
富基里活動中心,富基里楓林37-6號,25.289023,121.540628,True,69,基隆,35,26.86,Safe,AQI良好或為室內設施,2026-03-03 19:07:26
老梅里活動中心,老梅里老梅路43號3樓,25.289433,121.545195,True,54,基隆,35,26.55,Safe,AQI良好或為室內設施,2026-03-03 19:07:26
山溪里活動中心,山溪里老崩山6-5號,25.290889,121.55172,True,275,基隆,35,26.18,Safe,AQI良好或為室內設施,2026-03-03 19:07:26
石門里活動中心,石門街一號,25.291194,121.565885,True,52,基隆,35,25.2,Safe,AQI良好或為室內設施,2026-03-03 19:07:26
石門區體育館,石門區石門里中央路1-9號,25.2912,121.5645,True,325,基隆,35,25.29,Safe,AQI良好或為室內設施,2026-03-03 19:07:26
石門區公所,石門區尖鹿里中山路66號,25.2912,121.5679,True,312,基隆,35,25.06,Safe,AQI良好或為室內設施,2026-03-03 19:07:26
石門國民中學,石門區尖鹿里中央路1--9號,25.2913,121.5646,True,435,基隆,35,25.3,Safe,AQI良好或為室內設施,2026-03-03 19:07:26
石門國小,中央路9號,25.291855,121.56704,True,695,基隆,35,25.17,Safe,AQI良好或為室內設施,2026-03-03 19:07:26
尖鹿里活動中心,尖鹿里中央路9之3號1樓,25.292022,121.566842,True,25,基隆,35,25.2,Safe,AQI良好或為室內設施,2026-03-03 19:07:26
